Item_Identifier,Item_Weight,Item_Fat_Content,Item_Visibility,Item_Type,Item_MRP,Outlet_Identifier,Outlet_Establishment_Year,Outlet_Size,Outlet_Location_Type,Outlet_Type,Item_Outlet_Sales,Item_Cost
FDA15,9.3,Low Fat,0.016047301,Dairy,249.8092,OUT049,1999,Medium,Tier 1,Supermarket Type1,3735.138,244.8092
DRC01,5.92,Regular,0.019278216,Soft Drinks,48.2692,OUT018,2009,Medium,Tier 3,Supermarket Type2,443.4228,43.2692
FDN15,17.5,Low Fat,0.016760075,Meat,141.618,OUT049,1999,Medium,Tier 1,Supermarket Type1,2097.27,136.618
FDX07,19.2,Regular,0,Fruits and Vegetables,182.095,OUT010,1998,,Tier 3,Grocery Store,732.38,177.095
NCD19,8.93,Low Fat,0,Household,53.8614,OUT013,1987,High,Tier 3,Supermarket Type1,994.7052,48.8614
FDP36,10.395,Regular,0,Baking Goods,51.4008,OUT018,2009,Medium,Tier 3,Supermarket Type2,556.6088,46.4008
FDO10,13.65,Regular,0.012741089,Snack Foods,57.6588,OUT013,1987,High,Tier 3,Supermarket Type1,343.5528,52.6588
FDP10,,Low Fat,0.127469857,Snack Foods,107.7622,OUT027,1985,Medium,Tier 3,Supermarket Type3,4022.7636,102.7622
FDH17,16.2,Regular,0.016687114,Frozen Foods,96.9726,OUT045,2002,,Tier 2,Supermarket Type1,1076.5986,91.9726
FDU28,19.2,Regular,0.09444959,Frozen Foods,187.8214,OUT017,2007,,Tier 2,Supermarket Type1,4710.535,177.8214
FDY07,11.8,Low Fat,0,Fruits and Vegetables,45.5402,OUT049,1999,Medium,Tier 1,Supermarket Type1,1516.0266,40.5402
FDA03,18.5,Regular,0.045463773,Dairy,144.1102,OUT046,1997,Small,Tier 1,Supermarket Type1,2187.153,139.1102
FDX32,15.1,Regular,0.1000135,Fruits and Vegetables,145.4786,OUT049,1999,Medium,Tier 1,Supermarket Type1,1589.2646,140.4786
FDS46,17.6,Regular,0.047257328,Snack Foods,119.6782,OUT046,1997,Small,Tier 1,Supermarket Type1,2145.2076,114.6782
FDF32,16.35,Low Fat,0.0680243,Fruits and Vegetables,196.4426,OUT013,1987,High,Tier 3,Supermarket Type1,1977.426,191.4426
FDP49,9,Regular,0.069088961,Breakfast,56.3614,OUT046,1997,Small,Tier 1,Supermarket Type1,1547.3192,51.3614
NCB42,11.8,Low Fat,0.008596051,Health and Hygiene,115.3492,OUT018,2009,Medium,Tier 3,Supermarket Type2,1621.8888,110.3492
FDP49,9,Regular,0.069196376,Breakfast,54.3614,OUT049,1999,Medium,Tier 1,Supermarket Type1,718.3982,49.3614
DRI11,,Low Fat,0.034237682,Hard Drinks,113.2834,OUT027,1985,Medium,Tier 3,Supermarket Type3,2303.668,108.2834
FDU02,13.35,Low Fat,0.10249212,Dairy,230.5352,OUT035,2004,Small,Tier 2,Supermarket Type1,2748.4224,225.5352
FDN22,18.85,Regular,0.138190277,Snack Foods,250.8724,OUT013,1987,High,Tier 3,Supermarket Type1,3775.086,245.8724
FDW12,,Regular,0.035399923,Baking Goods,144.5444,OUT027,1985,Medium,Tier 3,Supermarket Type3,4064.0432,139.5444
NCB30,14.6,Low Fat,0.025698134,Household,196.5084,OUT035,2004,Small,Tier 2,Supermarket Type1,1587.2672,191.5084
FDC37,,Low Fat,0.057556998,Baking Goods,107.6938,OUT019,1985,Small,Tier 1,Grocery Store,214.3876,102.6938
FDR28,13.85,Regular,0.025896485,Frozen Foods,165.021,OUT046,1997,Small,Tier 1,Supermarket Type1,4078.025,160.021
NCD06,13,Low Fat,0.099887103,Household,45.906,OUT017,2007,,Tier 2,Supermarket Type1,838.908,40.906
FDV10,7.645,Regular,0.066693437,Snack Foods,42.3112,OUT035,2004,Small,Tier 2,Supermarket Type1,1065.28,37.3112
DRJ59,11.65,low fat,0.019356132,Hard Drinks,39.1164,OUT013,1987,High,Tier 3,Supermarket Type1,308.9312,34.1164
FDE51,5.925,Regular,0.161466534,Dairy,45.5086,OUT010,1998,,Tier 3,Grocery Store,178.4344,40.5086
FDC14,,Regular,0.072221801,Canned,43.6454,OUT019,1985,Small,Tier 1,Grocery Store,125.8362,38.6454
FDV38,19.25,Low Fat,0.170348551,Dairy,55.7956,OUT010,1998,,Tier 3,Grocery Store,163.7868,50.7956
NCS17,18.6,Low Fat,0.080829372,Health and Hygiene,96.4436,OUT018,2009,Medium,Tier 3,Supermarket Type2,2741.7644,91.4436
FDP33,18.7,Low Fat,0,Snack Foods,256.6672,OUT018,2009,Medium,Tier 3,Supermarket Type2,3068.0064,251.6672
FDO23,17.85,Low Fat,0,Breads,93.1436,OUT045,2002,,Tier 2,Supermarket Type1,2174.5028,88.1436
DRH01,17.5,Low Fat,0.097904029,Soft Drinks,174.8738,OUT046,1997,Small,Tier 1,Supermarket Type1,2085.2856,169.8738
NCX29,10,Low Fat,0.089291137,Health and Hygiene,146.7102,OUT049,1999,Medium,Tier 1,Supermarket Type1,3791.0652,141.7102
FDV20,,Regular,0.059511812,Fruits and Vegetables,128.0678,OUT027,1985,Medium,Tier 3,Supermarket Type3,2797.6916,123.0678
DRZ11,8.85,Regular,0.113123893,Soft Drinks,122.5388,OUT018,2009,Medium,Tier 3,Supermarket Type2,1609.9044,117.5388
FDX10,,Regular,0.123111453,Snack Foods,36.9874,OUT027,1985,Medium,Tier 3,Supermarket Type3,388.1614,31.9874
FDB34,,Low Fat,0.026480954,Snack Foods,87.6198,OUT027,1985,Medium,Tier 3,Supermarket Type3,2180.495,82.6198
FDU02,13.35,Low Fat,0.102511504,Dairy,230.6352,OUT046,1997,Small,Tier 1,Supermarket Type1,3435.528,225.6352
FDK43,9.8,Low Fat,0.02681843,Meat,126.002,OUT013,1987,High,Tier 3,Supermarket Type1,2150.534,121.002
FDA46,13.6,Low Fat,0.117818348,Snack Foods,192.9136,OUT049,1999,Medium,Tier 1,Supermarket Type1,2527.3768,187.9136
FDC02,21.35,Low Fat,0.069102831,Canned,259.9278,OUT018,2009,Medium,Tier 3,Supermarket Type2,6768.5228,254.9278
FDL50,12.15,Regular,0.042277867,Canned,126.5046,OUT013,1987,High,Tier 3,Supermarket Type1,373.5138,121.5046
FDM39,6.42,LF,0.089498926,Dairy,178.1002,OUT010,1998,,Tier 3,Grocery Store,358.2004,173.1002
NCP05,19.6,Low Fat,0,Health and Hygiene,153.3024,OUT045,2002,,Tier 2,Supermarket Type1,2428.8384,148.3024
FDV49,10,Low Fat,0.025879577,Canned,265.2226,OUT045,2002,,Tier 2,Supermarket Type1,5815.0972,260.2226
FDL12,15.85,Regular,0.121632721,Baking Goods,60.622,OUT046,1997,Small,Tier 1,Supermarket Type1,2576.646,55.622
FDS02,,Regular,0.255394896,Dairy,196.8794,OUT019,1985,Small,Tier 1,Grocery Store,780.3176,191.8794
NCL17,7.39,Low Fat,0.067779712,Health and Hygiene,143.8812,OUT046,1997,Small,Tier 1,Supermarket Type1,3134.5864,138.8812
FDM40,10.195,Low Fat,0.159803853,Frozen Foods,141.5154,OUT013,1987,High,Tier 3,Supermarket Type1,850.8924,136.5154
FDR13,9.895,Regular,0.028696932,Canned,117.0492,OUT013,1987,High,Tier 3,Supermarket Type1,810.9444,112.0492
FDA43,10.895,Low Fat,0.065041581,Fruits and Vegetables,196.3794,OUT017,2007,,Tier 2,Supermarket Type1,3121.2704,191.3794
NCP18,12.15,Low Fat,0.028760013,Household,151.4708,OUT017,2007,,Tier 2,Supermarket Type1,4815.0656,146.4708
FDK21,7.905,Low Fat,0.010053105,Snack Foods,249.0408,OUT018,2009,Medium,Tier 3,Supermarket Type2,6258.52,244.0408
NCX54,9.195,Low Fat,0.048157338,Household,106.1622,OUT045,2002,,Tier 2,Supermarket Type1,2117.244,101.1622
DRK35,8.365,Low Fat,0.071958197,Hard Drinks,38.0506,OUT049,1999,Medium,Tier 1,Supermarket Type1,796.9626,33.0506
FDY21,15.1,Low Fat,0.173481304,Snack Foods,194.511,OUT046,1997,Small,Tier 1,Supermarket Type1,4910.275,189.511
FDI26,,Low Fat,0.061082177,Canned,180.0344,OUT019,1985,Small,Tier 1,Grocery Store,892.172,175.0344
FDM20,10,Low Fat,0,Fruits and Vegetables,246.9144,OUT018,2009,Medium,Tier 3,Supermarket Type2,3185.1872,241.9144
FDV27,7.97,Regular,0.040071131,Meat,87.3514,OUT045,2002,,Tier 2,Supermarket Type1,1062.6168,82.3514
FDF09,,Low Fat,0.012090074,Fruits and Vegetables,38.2848,OUT027,1985,Medium,Tier 3,Supermarket Type3,484.7024,33.2848
FDY40,,Regular,0.15028599,Frozen Foods,51.0692,OUT019,1985,Small,Tier 1,Grocery Store,147.8076,46.0692
FDY45,,Low Fat,0.026015519,Snack Foods,255.8356,OUT027,1985,Medium,Tier 3,Supermarket Type3,2543.356,250.8356
FDC46,17.7,LF,0.195068226,Snack Foods,185.4266,OUT010,1998,,Tier 3,Grocery Store,184.4266,180.4266
FDH19,19.35,Low Fat,0.033082215,Meat,172.5738,OUT035,2004,Small,Tier 2,Supermarket Type1,4865.6664,167.5738
FDZ03,13.65,Regular,0.078946455,Dairy,186.024,OUT045,2002,,Tier 2,Supermarket Type1,1118.544,181.024
DRH37,17.6,Low Fat,0.041700756,Soft Drinks,164.8526,OUT045,2002,,Tier 2,Supermarket Type1,2302.3364,159.8526
NCI17,8.645,Low Fat,0.143422643,Health and Hygiene,95.841,OUT046,1997,Small,Tier 1,Supermarket Type1,2027.361,90.841
FDJ58,15.6,Regular,0.105296072,Snack Foods,170.1764,OUT046,1997,Small,Tier 1,Supermarket Type1,3435.528,165.1764
FDL12,15.85,Regular,0.121531501,Baking Goods,59.222,OUT013,1987,High,Tier 3,Supermarket Type1,599.22,54.222
FDH35,18.25,Low Fat,0,Starchy Foods,164.7526,OUT045,2002,,Tier 2,Supermarket Type1,4604.6728,159.7526
FDG02,7.855,Low Fat,0.011324862,Canned,189.6188,OUT017,2007,,Tier 2,Supermarket Type1,2285.0256,184.6188
NCZ18,7.825,low fat,0.186357148,Household,254.3698,OUT049,1999,Medium,Tier 1,Supermarket Type1,5580.7356,249.3698
FDC29,8.39,Regular,0.024205661,Frozen Foods,114.0176,OUT046,1997,Small,Tier 1,Supermarket Type1,2290.352,109.0176
FDQ10,12.85,Low Fat,0.033230816,Snack Foods,172.3422,OUT049,1999,Medium,Tier 1,Supermarket Type1,1207.0954,167.3422
FDN48,,Low Fat,0.113720344,Baking Goods,89.9804,OUT019,1985,Small,Tier 1,Grocery Store,643.1628,84.9804
FDL04,19,Low Fat,0.112556507,Frozen Foods,104.9622,OUT017,2007,,Tier 2,Supermarket Type1,1587.933,99.9622
FDV25,5.905,Low Fat,0,Canned,222.5456,OUT045,2002,,Tier 2,Supermarket Type1,5305.0944,217.5456
FDD58,7.76,Low Fat,0.059352241,Snack Foods,101.87,OUT046,1997,Small,Tier 1,Supermarket Type1,1697.79,96.87
FDN04,11.8,reg,0.014087057,Frozen Foods,180.3344,OUT046,1997,Small,Tier 1,Supermarket Type1,1427.4752,175.3344
FDV45,16.75,low fat,0.045230944,Snack Foods,187.9556,OUT018,2009,Medium,Tier 3,Supermarket Type2,4693.89,182.9556
NCL18,,Low Fat,0.293417759,Household,194.6136,OUT019,1985,Small,Tier 1,Grocery Store,583.2408,189.6136
FDR12,,Regular,0.031382044,Baking Goods,171.3764,OUT027,1985,Medium,Tier 3,Supermarket Type3,3091.9752,166.3764
FDG20,15.5,Regular,0.12639886,Fruits and Vegetables,177.0028,OUT017,2007,,Tier 2,Supermarket Type1,2479.4392,172.0028
FDZ55,6.055,Low Fat,0.025403898,Fruits and Vegetables,160.992,OUT035,2004,Small,Tier 2,Supermarket Type1,2716.464,155.992
FDQ49,,Regular,0.039057677,Breakfast,155.963,OUT027,1985,Medium,Tier 3,Supermarket Type3,3285.723,150.963
FDN33,6.305,Regular,0.123115764,Snack Foods,95.6436,OUT046,1997,Small,Tier 1,Supermarket Type1,661.8052,90.6436
FDN27,20.85,Low Fat,0.039624006,Meat,117.2808,OUT049,1999,Medium,Tier 1,Supermarket Type1,1523.3504,112.2808
FDW20,20.75,Low Fat,0.040421193,Fruits and Vegetables,122.173,OUT010,1998,,Tier 3,Grocery Store,369.519,117.173
DRG27,8.895,Low Fat,0.105274111,Dairy,39.9138,OUT049,1999,Medium,Tier 1,Supermarket Type1,690.4346,34.9138
DRI25,19.6,Low Fat,0.033970195,Soft Drinks,55.1614,OUT045,2002,,Tier 2,Supermarket Type1,1381.535,50.1614
FDA44,19.7,Low Fat,0.053212652,Fruits and Vegetables,57.893,OUT035,2004,Small,Tier 2,Supermarket Type1,622.523,52.893
NCR17,9.8,Low Fat,0.024378706,Health and Hygiene,114.5492,OUT035,2004,Small,Tier 2,Supermarket Type1,1274.3412,109.5492
FDU04,,Low Fat,0.009714595,Frozen Foods,120.0414,OUT019,1985,Small,Tier 1,Grocery Store,487.3656,115.0414
FDF41,12.15,Low Fat,0.131383762,Frozen Foods,246.046,OUT049,1999,Medium,Tier 1,Supermarket Type1,1231.73,241.046
FDB56,8.75,Regular,0.07461309,Fruits and Vegetables,187.4556,OUT035,2004,Small,Tier 2,Supermarket Type1,3755.112,182.4556
NCP18,,Low Fat,0.028459761,Household,149.9708,OUT027,1985,Medium,Tier 3,Supermarket Type3,4363.6532,144.9708
FDB56,8.75,Regular,0.074627201,Fruits and Vegetables,187.8556,OUT046,1997,Small,Tier 1,Supermarket Type1,1314.2892,182.8556
FDT28,13.3,Low Fat,0.063695084,Frozen Foods,151.0708,OUT045,2002,,Tier 2,Supermarket Type1,1805.6496,146.0708
FDD10,,Regular,0.045797829,Snack Foods,178.5344,OUT027,1985,Medium,Tier 3,Supermarket Type3,2854.9504,173.5344
FDW57,8.31,Regular,0.115857223,Snack Foods,179.1028,OUT049,1999,Medium,Tier 1,Supermarket Type1,3896.2616,174.1028
DRB48,16.75,Regular,0.024832806,Soft Drinks,38.7822,OUT013,1987,High,Tier 3,Supermarket Type1,667.7974,33.7822
FDP09,19.75,Low Fat,0.034027909,Snack Foods,212.0902,OUT018,2009,Medium,Tier 3,Supermarket Type2,3185.853,207.0902
FDH14,17.1,Regular,0.0467696,Canned,141.1838,OUT013,1987,High,Tier 3,Supermarket Type1,2247.7408,136.1838
FDA47,10.5,Regular,0.116576702,Baking Goods,163.121,OUT013,1987,High,Tier 3,Supermarket Type1,1794.331,158.121
FDG12,6.635,Regular,0,Baking Goods,121.3098,OUT045,2002,,Tier 2,Supermarket Type1,2530.7058,116.3098
DRE60,,low fat,0.278974075,Soft Drinks,225.372,OUT019,1985,Small,Tier 1,Grocery Store,679.116,220.372
DRK49,14.15,Low Fat,0.035913805,Soft Drinks,41.4138,OUT013,1987,High,Tier 3,Supermarket Type1,812.276,36.4138
FDD03,13.3,Low Fat,0.079806266,Dairy,232.53,OUT046,1997,Small,Tier 1,Supermarket Type1,699.09,227.53
FDS52,8.89,low fat,0.005505481,Frozen Foods,102.4016,OUT017,2007,,Tier 2,Supermarket Type1,2732.4432,97.4016
FDW39,,Regular,0.064625342,Meat,176.937,OUT019,1985,Small,Tier 1,Grocery Store,176.437,171.937
FDX34,,Low Fat,0.071636937,Snack Foods,121.7098,OUT027,1985,Medium,Tier 3,Supermarket Type3,4097.3332,116.7098
FDV11,9.1,Regular,0,Breads,173.2054,OUT045,2002,,Tier 2,Supermarket Type1,3151.8972,168.2054
FDD17,7.5,Low Fat,0.032677678,Frozen Foods,239.0906,OUT049,1999,Medium,Tier 1,Supermarket Type1,5942.265,234.0906
FDZ16,16.85,Regular,0.160760054,Frozen Foods,192.4478,OUT017,2007,,Tier 2,Supermarket Type1,4843.695,187.4478
FDZ46,7.485,Low Fat,0.06911065,Snack Foods,109.0228,OUT035,2004,Small,Tier 2,Supermarket Type1,2542.0244,104.0228
DRA12,11.6,Low Fat,0.041177505,Soft Drinks,140.3154,OUT017,2007,,Tier 2,Supermarket Type1,2552.6772,135.3154
FDY58,11.65,Low Fat,0.040081193,Snack Foods,227.0694,OUT018,2009,Medium,Tier 3,Supermarket Type2,1141.847,222.0694
NCF19,13,Low Fat,0.035307322,Household,47.5034,OUT017,2007,,Tier 2,Supermarket Type1,680.4476,42.5034
DRJ13,12.65,LF,0.063017847,Soft Drinks,159.0578,OUT045,2002,,Tier 2,Supermarket Type1,2085.9514,154.0578
FDB14,20.25,Regular,0.171938781,Canned,92.512,OUT010,1998,,Tier 3,Grocery Store,186.424,87.512
FDJ38,8.6,Regular,0.040197932,Canned,190.153,OUT035,2004,Small,Tier 2,Supermarket Type1,3036.048,185.153
FDW11,12.6,Low Fat,0.049058014,Breads,62.7194,OUT017,2007,,Tier 2,Supermarket Type1,866.8716,57.7194
FDL40,17.7,Low Fat,0.01161096,Frozen Foods,95.041,OUT035,2004,Small,Tier 2,Supermarket Type1,868.869,90.041
DRI49,14.15,Low Fat,0.183507295,Soft Drinks,82.4276,OUT046,1997,Small,Tier 1,Supermarket Type1,1137.1864,77.4276
FDV38,19.25,Low Fat,0.102349519,Dairy,52.7956,OUT017,2007,,Tier 2,Supermarket Type1,928.1252,47.7956
DRG23,8.88,Low Fat,0.086708987,Hard Drinks,151.7682,OUT013,1987,High,Tier 3,Supermarket Type1,762.341,146.7682
NCP30,20.5,Low Fat,0.032835147,Household,40.2822,OUT045,2002,,Tier 2,Supermarket Type1,707.0796,35.2822
FDY25,,Low Fat,0.033809913,Canned,180.5976,OUT027,1985,Medium,Tier 3,Supermarket Type3,7968.2944,175.5976
NCH54,13.5,Low Fat,0.07266912,Household,160.292,OUT046,1997,Small,Tier 1,Supermarket Type1,1438.128,155.292
NCR53,,Low Fat,0.144338493,Health and Hygiene,224.4404,OUT027,1985,Medium,Tier 3,Supermarket Type3,6976.2524,219.4404
FDS52,8.89,Low Fat,0.009163216,Frozen Foods,101.7016,OUT010,1998,,Tier 3,Grocery Store,101.2016,96.7016
FDG02,7.855,Low Fat,0.011307038,Canned,188.5188,OUT018,2009,Medium,Tier 3,Supermarket Type2,952.094,183.5188
NCO26,7.235,Low Fat,0.076855628,Household,116.0492,OUT046,1997,Small,Tier 1,Supermarket Type1,1969.4364,111.0492
FDH35,,Low Fat,0.059956876,Starchy Foods,165.4526,OUT027,1985,Medium,Tier 3,Supermarket Type3,5262.4832,160.4526
FDB51,6.92,Low Fat,0.038532062,Dairy,60.5852,OUT045,2002,,Tier 2,Supermarket Type1,1314.2892,55.5852
FDX44,9.3,Low Fat,0.043209581,Fruits and Vegetables,90.8172,OUT017,2007,,Tier 2,Supermarket Type1,535.3032,85.8172
NCN07,18.5,Low Fat,0.056816465,Others,132.1284,OUT010,1998,,Tier 3,Grocery Store,263.6568,127.1284
NCC31,8.02,Low Fat,0.019866705,Household,154.5972,OUT035,2004,Small,Tier 2,Supermarket Type1,1402.1748,149.5972
NCX54,9.195,Low Fat,0.048331717,Household,105.1622,OUT017,2007,,Tier 2,Supermarket Type1,1693.7952,100.1622
NCO55,12.8,Low Fat,0.091221855,Others,105.5938,OUT045,2002,,Tier 2,Supermarket Type1,2143.876,100.5938
NCC30,16.6,Low Fat,0.027622076,Household,177.6344,OUT049,1999,Medium,Tier 1,Supermarket Type1,2676.516,172.6344
FDI16,14,Regular,0,Frozen Foods,53.064,OUT035,2004,Small,Tier 2,Supermarket Type1,905.488,48.064
FDP16,18.6,Low Fat,0.039355947,Frozen Foods,246.3802,OUT049,1999,Medium,Tier 1,Supermarket Type1,7370.406,241.3802
FDB11,16,Low Fat,0.060836524,Starchy Foods,226.8404,OUT035,2004,Small,Tier 2,Supermarket Type1,6301.1312,221.8404
NCB06,17.6,Low Fat,0.082316506,Health and Hygiene,160.692,OUT035,2004,Small,Tier 2,Supermarket Type1,1597.92,155.692
FDA45,21.25,Low Fat,0.155350299,Snack Foods,178.237,OUT035,2004,Small,Tier 2,Supermarket Type1,529.311,173.237
NCO26,7.235,Low Fat,0.076841095,Household,117.5492,OUT035,2004,Small,Tier 2,Supermarket Type1,1969.4364,112.5492
DRJ25,14.6,Low Fat,0.151419185,Soft Drinks,50.3692,OUT017,2007,,Tier 2,Supermarket Type1,1034.6532,45.3692
FDR28,13.85,reg,0.026001976,Frozen Foods,161.521,OUT018,2009,Medium,Tier 3,Supermarket Type2,1794.331,156.521
FDI04,13.65,Regular,0.073209447,Frozen Foods,197.6426,OUT018,2009,Medium,Tier 3,Supermarket Type2,2768.3964,192.6426
DRK12,,Low Fat,0.041683481,Soft Drinks,31.29,OUT027,1985,Medium,Tier 3,Supermarket Type3,898.83,26.29
FDX20,7.365,Low Fat,0.042560252,Fruits and Vegetables,226.172,OUT046,1997,Small,Tier 1,Supermarket Type1,3169.208,221.172
NCI18,18.35,Low Fat,0.014081156,Household,223.5746,OUT018,2009,Medium,Tier 3,Supermarket Type2,3589.9936,218.5746
FDB36,5.465,Regular,0,Baking Goods,132.5626,OUT018,2009,Medium,Tier 3,Supermarket Type2,262.3252,127.5626
FDN13,18.6,Low Fat,0.152918384,Breakfast,99.8358,OUT017,2007,,Tier 2,Supermarket Type1,1910.1802,94.8358
DRD24,13.85,Low Fat,0.030969274,Soft Drinks,140.9154,OUT017,2007,,Tier 2,Supermarket Type1,1701.7848,135.9154
FDQ28,14,Regular,0.060376776,Frozen Foods,154.5656,OUT013,1987,High,Tier 3,Supermarket Type1,2471.4496,149.5656
FDM22,14,Regular,0.04192285,Snack Foods,54.764,OUT013,1987,High,Tier 3,Supermarket Type1,1331.6,49.764
FDR07,,Low Fat,0.077367431,Fruits and Vegetables,97.0094,OUT027,1985,Medium,Tier 3,Supermarket Type3,1808.9786,92.0094
FDV25,5.905,Low Fat,0.045838211,Canned,222.5456,OUT018,2009,Medium,Tier 3,Supermarket Type2,3315.684,217.5456
DRF49,7.27,Low Fat,0.071077939,Soft Drinks,114.2518,OUT046,1997,Small,Tier 1,Supermarket Type1,2618.5914,109.2518
FDW51,6.155,Regular,0.094659871,Meat,214.556,OUT046,1997,Small,Tier 1,Supermarket Type1,2769.728,209.556
DRL01,19.5,Regular,0.077608838,Soft Drinks,233.4958,OUT017,2007,,Tier 2,Supermarket Type1,5375.0034,228.4958
FDP25,15.2,Low Fat,0.021327477,Canned,216.8824,OUT017,2007,,Tier 2,Supermarket Type1,2838.9712,211.8824
FDL50,12.15,Regular,0.042485444,Canned,125.0046,OUT018,2009,Medium,Tier 3,Supermarket Type2,1743.0644,120.0046
NCB30,,Low Fat,0.025578526,Household,198.8084,OUT027,1985,Medium,Tier 3,Supermarket Type3,5555.4352,193.8084
FDW11,12.6,Low Fat,0.0489808,Breads,61.9194,OUT018,2009,Medium,Tier 3,Supermarket Type2,619.194,56.9194
NCM43,14.5,Low Fat,0.019471688,Others,164.821,OUT035,2004,Small,Tier 2,Supermarket Type1,2120.573,159.821
FDK44,16.6,Low Fat,0.122918852,Fruits and Vegetables,173.0738,OUT017,2007,,Tier 2,Supermarket Type1,3823.0236,168.0738
FDM15,11.8,Regular,0.057373797,Meat,151.4366,OUT013,1987,High,Tier 3,Supermarket Type1,1360.2294,146.4366
FDS31,13.1,Regular,0.044155597,Fruits and Vegetables,178.8318,OUT013,1987,High,Tier 3,Supermarket Type1,3969.4996,173.8318
FDI32,17.7,Low Fat,0.291865402,Fruits and Vegetables,115.1834,OUT010,1998,,Tier 3,Grocery Store,345.5502,110.1834
FDR47,17.85,LF,0,Breads,196.5794,OUT010,1998,,Tier 3,Grocery Store,585.2382,191.5794
FDB35,12.3,Regular,0.064750025,Starchy Foods,92.6804,OUT045,2002,,Tier 2,Supermarket Type1,1010.6844,87.6804
NCU05,11.8,Low Fat,0.098312421,Health and Hygiene,81.4618,OUT010,1998,,Tier 3,Grocery Store,161.1236,76.4618
DRY23,,Regular,0.191013663,Soft Drinks,42.1112,OUT019,1985,Small,Tier 1,Grocery Store,42.6112,37.1112
FDO24,11.1,Low Fat,0.176573035,Baking Goods,157.4604,OUT045,2002,,Tier 2,Supermarket Type1,3010.7476,152.4604
FDQ28,,Regular,0.060134441,Frozen Foods,153.0656,OUT027,1985,Medium,Tier 3,Supermarket Type3,6024.1584,148.0656
FDV39,11.3,Low Fat,0.007294652,Meat,198.1426,OUT045,2002,,Tier 2,Supermarket Type1,988.713,193.1426
NCO17,,Low Fat,0.128478462,Health and Hygiene,117.944,OUT019,1985,Small,Tier 1,Grocery Store,239.688,112.944
FDU50,5.75,Regular,0.075107656,Dairy,112.8176,OUT013,1987,High,Tier 3,Supermarket Type1,1374.2112,107.8176
FDT12,,Regular,0.049381406,Baking Goods,226.8062,OUT027,1985,Medium,Tier 3,Supermarket Type3,4739.8302,221.8062
FDK58,11.35,Regular,0.045165796,Snack Foods,100.0016,OUT018,2009,Medium,Tier 3,Supermarket Type2,1012.016,95.0016
FDO08,,Regular,0.09415375,Fruits and Vegetables,165.7526,OUT019,1985,Small,Tier 1,Grocery Store,657.8104,160.7526
NCW29,14,Low Fat,0.028907832,Health and Hygiene,130.431,OUT049,1999,Medium,Tier 1,Supermarket Type1,778.986,125.431
FDE04,19.75,Regular,0.018059621,Frozen Foods,179.766,OUT045,2002,,Tier 2,Supermarket Type1,2336.958,174.766
NCB19,6.525,Low Fat,0.090436094,Household,85.0882,OUT049,1999,Medium,Tier 1,Supermarket Type1,2233.0932,80.0882
FDV15,10.3,Low Fat,0.146399712,Meat,103.9648,OUT049,1999,Medium,Tier 1,Supermarket Type1,1661.8368,98.9648
FDL58,5.78,Regular,0.074264356,Snack Foods,264.7568,OUT049,1999,Medium,Tier 1,Supermarket Type1,4745.8224,259.7568
FDA08,11.85,Regular,0.050186726,Fruits and Vegetables,164.1526,OUT045,2002,,Tier 2,Supermarket Type1,3124.5994,159.1526
FDT43,16.35,Low Fat,0.020631654,Fruits and Vegetables,50.1324,OUT018,2009,Medium,Tier 3,Supermarket Type2,467.3916,45.1324
NCX06,,Low Fat,0.01561108,Household,182.5976,OUT027,1985,Medium,Tier 3,Supermarket Type3,5070.7328,177.5976
FDT20,10.5,Low Fat,0.041395445,Fruits and Vegetables,37.6164,OUT046,1997,Small,Tier 1,Supermarket Type1,540.6296,32.6164
FDB41,19,Regular,0.097313129,Frozen Foods,48.0718,OUT046,1997,Small,Tier 1,Supermarket Type1,992.7078,43.0718
NCN55,14.6,Low Fat,0.059582996,Others,238.8538,OUT049,1999,Medium,Tier 1,Supermarket Type1,6008.845,233.8538
FDE40,,Regular,0.098663652,Dairy,62.9194,OUT027,1985,Medium,Tier 3,Supermarket Type3,2105.2596,57.9194
FDX49,,reg,0.101338651,Canned,232.63,OUT027,1985,Medium,Tier 3,Supermarket Type3,5359.69,227.63
NCM53,18.75,Low Fat,0.052146456,Health and Hygiene,104.628,OUT045,2002,,Tier 2,Supermarket Type1,745.696,99.628
FDE36,5.26,Regular,0.041764487,Baking Goods,161.8868,OUT035,2004,Small,Tier 2,Supermarket Type1,3275.736,156.8868
FDN57,18.25,Low Fat,0.054344186,Snack Foods,140.2154,OUT045,2002,,Tier 2,Supermarket Type1,1701.7848,135.2154
FDI24,,Low Fat,0.078362484,Baking Goods,177.937,OUT027,1985,Medium,Tier 3,Supermarket Type3,6704.606,172.937
FDI19,15.1,Low Fat,0.052339069,Meat,242.7512,OUT046,1997,Small,Tier 1,Supermarket Type1,4119.9704,237.7512
FDF24,15.5,Regular,0.042464962,Baking Goods,81.5934,OUT010,1998,,Tier 3,Grocery Store,327.5736,76.5934
FDG52,13.65,Low Fat,0.065732883,Frozen Foods,45.7402,OUT049,1999,Medium,Tier 1,Supermarket Type1,780.9834,40.7402
DRF36,16.1,LF,0.023625114,Soft Drinks,189.3846,OUT045,2002,,Tier 2,Supermarket Type1,3630.6074,184.3846
FDS45,,Regular,0.051643608,Snack Foods,107.3622,OUT019,1985,Small,Tier 1,Grocery Store,317.5866,102.3622
FDX40,12.85,Low Fat,0.165694219,Frozen Foods,39.7164,OUT010,1998,,Tier 3,Grocery Store,231.6984,34.7164
DRK12,9.5,LF,0.041878397,Soft Drinks,32.99,OUT035,2004,Small,Tier 2,Supermarket Type1,133.16,27.99
DRC27,13.8,Low Fat,0.058091482,Dairy,245.1802,OUT035,2004,Small,Tier 2,Supermarket Type1,5650.6446,240.1802
FDL58,5.78,Regular,0,Snack Foods,263.7568,OUT017,2007,,Tier 2,Supermarket Type1,2636.568,258.7568
NCD30,19.7,Low Fat,0.026903714,Household,96.0726,OUT045,2002,,Tier 2,Supermarket Type1,1272.3438,91.0726
NCZ54,14.65,Low Fat,0,Household,161.5552,OUT010,1998,,Tier 3,Grocery Store,324.9104,156.5552
FDE10,6.67,Regular,0.150554711,Snack Foods,130.0626,OUT010,1998,,Tier 3,Grocery Store,131.1626,125.0626
FDR44,6.11,Regular,0,Fruits and Vegetables,131.2968,OUT010,1998,,Tier 3,Grocery Store,260.9936,126.2968
FDP28,13.65,Regular,0.134975628,Frozen Foods,260.0936,OUT010,1998,,Tier 3,Grocery Store,260.9936,255.0936
FDX15,17.2,Low Fat,0.15616879,Meat,160.6578,OUT013,1987,High,Tier 3,Supermarket Type1,3690.5294,155.6578
FDA39,6.32,LF,0,Meat,40.2822,OUT035,2004,Small,Tier 2,Supermarket Type1,1139.1838,35.2822
FDY24,4.88,Regular,0.133700752,Baking Goods,52.9298,OUT049,1999,Medium,Tier 1,Supermarket Type1,1995.4026,47.9298
FDC60,5.425,Regular,0.115119905,Baking Goods,88.3514,OUT017,2007,,Tier 2,Supermarket Type1,1416.8224,83.3514
FDH28,15.85,Regular,0.110030997,Frozen Foods,37.2506,OUT046,1997,Small,Tier 1,Supermarket Type1,265.6542,32.2506
FDT25,7.5,Low Fat,0.051038045,Canned,121.7072,OUT017,2007,,Tier 2,Supermarket Type1,3552.7088,116.7072
DRJ13,12.65,Low Fat,0.062837968,Soft Drinks,161.5578,OUT013,1987,High,Tier 3,Supermarket Type1,2406.867,156.5578
NCO07,,Low Fat,0.017116983,Others,211.956,OUT019,1985,Small,Tier 1,Grocery Store,213.056,206.956
FDW20,20.75,Low Fat,0.024129332,Fruits and Vegetables,124.173,OUT013,1987,High,Tier 3,Supermarket Type1,2956.152,119.173
DRF27,,Low Fat,0.049754975,Dairy,152.134,OUT019,1985,Small,Tier 1,Grocery Store,153.134,147.134
FDS49,9,Low Fat,0,Canned,79.7644,OUT035,2004,Small,Tier 2,Supermarket Type1,1649.8524,74.7644
FDX25,,Low Fat,0.101561568,Canned,181.9292,OUT027,1985,Medium,Tier 3,Supermarket Type3,3101.2964,176.9292
NCX42,,Low Fat,0.005949644,Household,165.6526,OUT027,1985,Medium,Tier 3,Supermarket Type3,4769.1254,160.6526
FDG33,,Regular,0.13956116,Seafood,170.4764,OUT027,1985,Medium,Tier 3,Supermarket Type3,3435.528,165.4764
FDL56,14.1,Low Fat,0.126035694,Fruits and Vegetables,86.4198,OUT045,2002,,Tier 2,Supermarket Type1,1133.8574,81.4198
FDF14,7.55,Low Fat,0.027164679,Canned,152.334,OUT035,2004,Small,Tier 2,Supermarket Type1,2603.278,147.334
NCD06,13,Low Fat,0.099325278,Household,45.406,OUT046,1997,Small,Tier 1,Supermarket Type1,605.878,40.406
DRM47,,Low Fat,0.04357366,Hard Drinks,192.8846,OUT027,1985,Medium,Tier 3,Supermarket Type3,2293.0152,187.8846
FDS46,,Regular,0.082741482,Snack Foods,118.7782,OUT019,1985,Small,Tier 1,Grocery Store,119.1782,113.7782
FDB35,12.3,Regular,0.064565202,Starchy Foods,92.9804,OUT013,1987,High,Tier 3,Supermarket Type1,1929.4884,87.9804
FDX21,,LF,0.084554569,Snack Foods,109.8912,OUT027,1985,Medium,Tier 3,Supermarket Type3,2074.6328,104.8912
NCU05,,Low Fat,0.058451805,Health and Hygiene,79.9618,OUT027,1985,Medium,Tier 3,Supermarket Type3,241.6854,74.9618
NCR38,17.25,Low Fat,0.113748685,Household,251.3724,OUT045,2002,,Tier 2,Supermarket Type1,6795.1548,246.3724
NCR18,15.85,Low Fat,0.020603511,Household,42.7112,OUT017,2007,,Tier 2,Supermarket Type1,639.168,37.7112
NCU41,18.85,Low Fat,0.052044976,Health and Hygiene,192.1846,OUT035,2004,Small,Tier 2,Supermarket Type1,3248.4382,187.1846
FDY56,16.35,Regular,0.062764429,Fruits and Vegetables,227.6062,OUT017,2007,,Tier 2,Supermarket Type1,7222.5984,222.6062
DRJ51,14.1,Low Fat,0.087977262,Dairy,229.0668,OUT035,2004,Small,Tier 2,Supermarket Type1,3225.1352,224.0668
FDK21,7.905,Low Fat,0.010010425,Snack Foods,249.0408,OUT035,2004,Small,Tier 2,Supermarket Type1,3755.112,244.0408
FDY25,12,Low Fat,0.033946163,Canned,179.3976,OUT013,1987,High,Tier 3,Supermarket Type1,3440.8544,174.3976
FDU44,12.15,Regular,0.058414678,Fruits and Vegetables,163.4552,OUT035,2004,Small,Tier 2,Supermarket Type1,974.7312,158.4552
FDL43,10.1,Low Fat,0.027106459,Meat,75.367,OUT049,1999,Medium,Tier 1,Supermarket Type1,535.969,70.367
FDF05,17.5,Low Fat,0.027022883,Frozen Foods,262.491,OUT017,2007,,Tier 2,Supermarket Type1,5259.82,257.491
DRF15,,Low Fat,0.058153409,Dairy,152.034,OUT019,1985,Small,Tier 1,Grocery Store,306.268,147.034
FDL20,17.1,Low Fat,0.128937661,Fruits and Vegetables,112.3886,OUT018,2009,Medium,Tier 3,Supermarket Type2,1779.0176,107.3886
FDV32,7.785,Low Fat,0.088846306,Fruits and Vegetables,61.451,OUT049,1999,Medium,Tier 1,Supermarket Type1,759.012,56.451
FDJ34,11.8,Regular,0.09357779,Snack Foods,125.9704,OUT013,1987,High,Tier 3,Supermarket Type1,1877.556,120.9704
FDG08,13.15,Regular,0.165694678,Fruits and Vegetables,171.8764,OUT045,2002,,Tier 2,Supermarket Type1,3779.0808,166.8764
FDQ04,,Low Fat,0.148392623,Frozen Foods,41.5796,OUT019,1985,Small,Tier 1,Grocery Store,41.2796,36.5796
FDW13,8.5,Low Fat,0.098438394,Canned,51.1324,OUT017,2007,,Tier 2,Supermarket Type1,259.662,46.1324
NCI17,8.645,Low Fat,0.143303291,Health and Hygiene,96.341,OUT013,1987,High,Tier 3,Supermarket Type1,193.082,91.341
FDY03,17.6,Regular,0.076276208,Meat,110.9202,OUT045,2002,,Tier 2,Supermarket Type1,1687.803,105.9202
FDS12,9.1,Low Fat,0.175103435,Baking Goods,127.5362,OUT017,2007,,Tier 2,Supermarket Type1,4655.9394,122.5362
FDJ55,12.8,Regular,0.023511371,Meat,225.9404,OUT013,1987,High,Tier 3,Supermarket Type1,4950.8888,220.9404
DRK01,7.63,Low Fat,0.06105276,Soft Drinks,95.4436,OUT035,2004,Small,Tier 2,Supermarket Type1,1418.154,90.4436
FDG28,9.285,Regular,0.049559042,Frozen Foods,246.4144,OUT017,2007,,Tier 2,Supermarket Type1,1225.072,241.4144
FDY38,13.6,Regular,0.119418124,Dairy,231.03,OUT045,2002,,Tier 2,Supermarket Type1,5359.69,226.03
FDN01,8.895,Low Fat,0.072545601,Breakfast,176.237,OUT045,2002,,Tier 2,Supermarket Type1,1764.37,171.237
NCR54,16.35,Low Fat,0.090486828,Household,195.211,OUT013,1987,High,Tier 3,Supermarket Type1,2553.343,190.211
FDG29,17.6,Low Fat,0.056245075,Frozen Foods,43.3454,OUT013,1987,High,Tier 3,Supermarket Type1,1006.6896,38.3454
FDG24,7.975,Low Fat,0.014618973,Baking Goods,85.225,OUT013,1987,High,Tier 3,Supermarket Type1,1081.925,80.225
FDG59,15.85,Low Fat,0.043479126,Starchy Foods,36.7164,OUT017,2007,,Tier 2,Supermarket Type1,308.9312,31.7164
FDM28,15.7,Low Fat,0.045166237,Frozen Foods,178.666,OUT013,1987,High,Tier 3,Supermarket Type1,2516.724,173.666
FDW04,8.985,Regular,0.057827101,Frozen Foods,128.831,OUT046,1997,Small,Tier 1,Supermarket Type1,1428.141,123.831
FDS26,20.35,Low Fat,0.089394766,Dairy,260.1594,OUT013,1987,High,Tier 3,Supermarket Type1,2093.2752,255.1594
FDQ56,6.59,Low Fat,0.10550944,Fruits and Vegetables,85.6908,OUT013,1987,High,Tier 3,Supermarket Type1,1929.4884,80.6908
FDK51,19.85,Low Fat,0.005234153,Dairy,264.0884,OUT035,2004,Small,Tier 2,Supermarket Type1,5829.7448,259.0884
FDL22,16.85,Low Fat,0.036390174,Snack Foods,91.4488,OUT046,1997,Small,Tier 1,Supermarket Type1,2082.6224,86.4488
FDH19,,Low Fat,0.03292824,Meat,173.1738,OUT027,1985,Medium,Tier 3,Supermarket Type3,7298.4996,168.1738
FDY55,16.75,Low Fat,0.081252534,Fruits and Vegetables,256.4988,OUT013,1987,High,Tier 3,Supermarket Type1,7452.9652,251.4988
FDY03,17.6,Regular,0.076552407,Meat,110.5202,OUT017,2007,,Tier 2,Supermarket Type1,450.0808,105.5202
FDK21,7.905,Low Fat,0.016758569,Snack Foods,250.4408,OUT010,1998,,Tier 3,Grocery Store,500.6816,245.4408
FDZ10,,Low Fat,0.044248175,Snack Foods,126.202,OUT027,1985,Medium,Tier 3,Supermarket Type3,3668.558,121.202
FDZ32,7.785,Regular,0.038288087,Fruits and Vegetables,103.1964,OUT018,2009,Medium,Tier 3,Supermarket Type2,736.3748,98.1964
NCZ18,7.825,Low Fat,0.186032678,Household,253.0698,OUT035,2004,Small,Tier 2,Supermarket Type1,6088.0752,248.0698
NCF07,,Low Fat,0.031867464,Household,101.0016,OUT027,1985,Medium,Tier 3,Supermarket Type3,2125.2336,96.0016
DRE49,20.75,Low Fat,0.021370201,Soft Drinks,153.0024,OUT017,2007,,Tier 2,Supermarket Type1,2277.036,148.0024
FDJ08,,Low Fat,0.193772568,Fruits and Vegetables,190.3846,OUT019,1985,Small,Tier 1,Grocery Store,573.2538,185.3846
FDT39,6.26,Regular,0.009866049,Meat,151.1366,OUT035,2004,Small,Tier 2,Supermarket Type1,2267.049,146.1366
FDE08,18.2,Low Fat,0.082551042,Fruits and Vegetables,147.3734,OUT010,1998,,Tier 3,Grocery Store,296.9468,142.3734
NCD06,13,Low Fat,0.099729888,Household,46.306,OUT018,2009,Medium,Tier 3,Supermarket Type2,559.272,41.306
FDB57,20.25,Regular,0.018801549,Fruits and Vegetables,222.1772,OUT035,2004,Small,Tier 2,Supermarket Type1,5559.43,217.1772
NCT54,8.695,Low Fat,0.119721451,Household,95.5094,OUT049,1999,Medium,Tier 1,Supermarket Type1,1237.7222,90.5094
DRF49,7.27,Low Fat,0.071222087,Soft Drinks,113.5518,OUT045,2002,,Tier 2,Supermarket Type1,569.259,108.5518
FDM25,,Regular,0.060371962,Breakfast,174.0712,OUT027,1985,Medium,Tier 3,Supermarket Type3,3866.9664,169.0712
FDF20,12.85,low fat,0.033287541,Fruits and Vegetables,198.4768,OUT045,2002,,Tier 2,Supermarket Type1,1379.5376,193.4768
FDH27,7.075,Low Fat,0.05858462,Dairy,142.7128,OUT018,2009,Medium,Tier 3,Supermarket Type2,1869.5664,137.7128
FDV60,,Regular,0.11679292,Baking Goods,196.211,OUT027,1985,Medium,Tier 3,Supermarket Type3,5499.508,191.211
FDY59,8.195,Low Fat,0.031452265,Baking Goods,94.3462,OUT049,1999,Medium,Tier 1,Supermarket Type1,925.462,89.3462
FDK36,7.09,Low Fat,0.00721395,Baking Goods,47.9034,OUT035,2004,Small,Tier 2,Supermarket Type1,583.2408,42.9034
NCM31,6.095,Low Fat,0.081196619,Others,141.4154,OUT046,1997,Small,Tier 1,Supermarket Type1,1418.154,136.4154
FDE33,19.35,Regular,0.049916364,Fruits and Vegetables,80.2644,OUT017,2007,,Tier 2,Supermarket Type1,942.7728,75.2644
FDU36,6.15,Low Fat,0.04627095,Baking Goods,99.3384,OUT046,1997,Small,Tier 1,Supermarket Type1,2364.9216,94.3384
FDV13,,Regular,0.02747716,Canned,87.9856,OUT027,1985,Medium,Tier 3,Supermarket Type3,3251.7672,82.9856
FDV20,,Regular,0.104704537,Fruits and Vegetables,125.2678,OUT019,1985,Small,Tier 1,Grocery Store,254.3356,120.2678
NCQ54,17.7,Low Fat,0.012540003,Household,167.0474,OUT035,2004,Small,Tier 2,Supermarket Type1,5895.659,162.0474
FDO23,17.85,Low Fat,0.147023834,Breads,93.7436,OUT018,2009,Medium,Tier 3,Supermarket Type2,1134.5232,88.7436
DRE60,9.395,Low Fat,0.159657596,Soft Drinks,224.972,OUT045,2002,,Tier 2,Supermarket Type1,7696.648,219.972
DRP47,15.75,Low Fat,0.141398626,Hard Drinks,250.5382,OUT017,2007,,Tier 2,Supermarket Type1,2775.7202,245.5382
FDB21,7.475,Low Fat,0.148821808,Fruits and Vegetables,241.2854,OUT045,2002,,Tier 2,Supermarket Type1,5317.0788,236.2854
FDR04,7.075,Low Fat,0,Frozen Foods,98.0068,OUT018,2009,Medium,Tier 3,Supermarket Type2,874.8612,93.0068
FDX23,6.445,Low Fat,0.029691762,Baking Goods,92.6436,OUT046,1997,Small,Tier 1,Supermarket Type1,1039.9796,87.6436
FDX19,19.1,Low Fat,0.096715523,Fruits and Vegetables,235.0958,OUT035,2004,Small,Tier 2,Supermarket Type1,3038.0454,230.0958
FDD40,20.25,Regular,0.014790559,Dairy,193.6162,OUT035,2004,Small,Tier 2,Supermarket Type1,3848.324,188.6162
FDA01,15,Regular,0.054378253,Canned,59.1904,OUT046,1997,Small,Tier 1,Supermarket Type1,527.3136,54.1904
FDS33,6.67,Regular,0.123428594,Snack Foods,89.1514,OUT046,1997,Small,Tier 1,Supermarket Type1,2390.8878,84.1514
FDM50,,Regular,0.029943463,Canned,60.222,OUT027,1985,Medium,Tier 3,Supermarket Type3,1677.816,55.222
FDB29,16.7,Regular,0.052368061,Frozen Foods,112.7176,OUT013,1987,High,Tier 3,Supermarket Type1,801.6232,107.7176
FDF46,7.07,Low Fat,0.093861144,Snack Foods,115.5834,OUT045,2002,,Tier 2,Supermarket Type1,1267.0174,110.5834
FDA33,6.48,Low Fat,0.033968647,Snack Foods,148.0076,OUT045,2002,,Tier 2,Supermarket Type1,886.8456,143.0076
FDC08,19,Regular,0.173154079,Fruits and Vegetables,228.272,OUT010,1998,,Tier 3,Grocery Store,452.744,223.272
FDB53,13.35,Low Fat,0.139735226,Frozen Foods,147.5392,OUT045,2002,,Tier 2,Supermarket Type1,3877.6192,142.5392
FDY31,,Low Fat,0.043351896,Fruits and Vegetables,146.6418,OUT027,1985,Medium,Tier 3,Supermarket Type3,4414.254,141.6418
DRQ35,,Low Fat,0.042086652,Hard Drinks,122.4388,OUT027,1985,Medium,Tier 3,Supermarket Type3,5448.9072,117.4388
FDX36,9.695,Regular,0.12848269,Baking Goods,223.9404,OUT049,1999,Medium,Tier 1,Supermarket Type1,4950.8888,218.9404
DRD13,15,Low Fat,0.049357077,Soft Drinks,62.6168,OUT017,2007,,Tier 2,Supermarket Type1,958.752,57.6168
FDC52,11.15,Regular,0.008326735,Dairy,149.9708,OUT017,2007,,Tier 2,Supermarket Type1,1956.1204,144.9708
FDB45,20.85,Low Fat,0.021362955,Fruits and Vegetables,103.2306,OUT049,1999,Medium,Tier 1,Supermarket Type1,2404.2038,98.2306
NCK19,9.8,Low Fat,0.151420934,Others,194.3478,OUT010,1998,,Tier 3,Grocery Store,387.4956,189.3478
FDV51,16.35,Low Fat,0.032511818,Meat,165.0842,OUT013,1987,High,Tier 3,Supermarket Type1,994.7052,160.0842
FDZ35,9.6,Regular,0.022323658,Breads,101.299,OUT045,2002,,Tier 2,Supermarket Type1,1754.383,96.299
NCW17,,Low Fat,0.019292355,Health and Hygiene,129.9994,OUT027,1985,Medium,Tier 3,Supermarket Type3,3340.9844,124.9994
FDV59,13.35,Low Fat,0.048124443,Breads,216.7166,OUT045,2002,,Tier 2,Supermarket Type1,3918.8988,211.7166
DRH39,20.7,Low Fat,0.09261307,Dairy,76.367,OUT013,1987,High,Tier 3,Supermarket Type1,306.268,71.367
FDN60,,Low Fat,0.094697274,Baking Goods,158.4604,OUT027,1985,Medium,Tier 3,Supermarket Type3,4278.4308,153.4604
FDU55,16.2,Low Fat,0.035984104,Fruits and Vegetables,260.6278,OUT045,2002,,Tier 2,Supermarket Type1,4425.5726,255.6278
FDN58,,Regular,0.056596985,Snack Foods,230.9984,OUT027,1985,Medium,Tier 3,Supermarket Type3,9267.936,225.9984
FDC41,,Low Fat,0.2047,Frozen Foods,76.867,OUT019,1985,Small,Tier 1,Grocery Store,229.701,71.867
FDO01,,Regular,0.020618324,Breakfast,129.3994,OUT027,1985,Medium,Tier 3,Supermarket Type3,2055.9904,124.3994
NCO43,5.5,Low Fat,0.04709821,Others,101.3016,OUT046,1997,Small,Tier 1,Supermarket Type1,3339.6528,96.3016
FDQ07,15.1,Regular,0.087584126,Fruits and Vegetables,221.7456,OUT045,2002,,Tier 2,Supermarket Type1,6410.3224,216.7456
FDF28,15.7,Regular,0.038078899,Frozen Foods,122.9046,OUT017,2007,,Tier 2,Supermarket Type1,1992.0736,117.9046
FDM01,7.895,reg,0.095102092,Breakfast,104.4332,OUT017,2007,,Tier 2,Supermarket Type1,2870.9296,99.4332
FDY49,,Regular,0.011953902,Canned,164.5184,OUT027,1985,Medium,Tier 3,Supermarket Type3,2807.0128,159.5184
FDR24,17.35,Regular,0.062799379,Baking Goods,88.183,OUT013,1987,High,Tier 3,Supermarket Type1,539.298,83.183
NCY18,7.285,Low Fat,0.031125709,Household,174.3054,OUT013,1987,High,Tier 3,Supermarket Type1,4377.635,169.3054
NCY30,20.25,Low Fat,0.026005891,Household,180.9976,OUT045,2002,,Tier 2,Supermarket Type1,2716.464,175.9976
FDJ22,,Low Fat,0.09246392,Snack Foods,190.9504,OUT019,1985,Small,Tier 1,Grocery Store,383.5008,185.9504
DRI37,15.85,Low Fat,0.107765165,Soft Drinks,59.5904,OUT049,1999,Medium,Tier 1,Supermarket Type1,703.0848,54.5904
FDL27,6.17,Low Fat,0.010647477,Meat,66.3826,OUT049,1999,Medium,Tier 1,Supermarket Type1,1937.478,61.3826
NCO30,19.5,Low Fat,0.015749341,Household,182.2608,OUT049,1999,Medium,Tier 1,Supermarket Type1,3307.6944,177.2608
NCB07,19.2,Low Fat,0.077628053,Household,197.611,OUT049,1999,Medium,Tier 1,Supermarket Type1,3142.576,192.611
FDX25,16.7,Low Fat,0,Canned,181.2292,OUT018,2009,Medium,Tier 3,Supermarket Type2,2554.0088,176.2292
FDP59,20.85,Regular,0.056695731,Breads,104.0648,OUT018,2009,Medium,Tier 3,Supermarket Type2,1869.5664,99.0648
FDR59,14.5,Regular,0.063993068,Breads,260.4594,OUT045,2002,,Tier 2,Supermarket Type1,5494.8474,255.4594
FDT27,11.395,Regular,0.069529262,Meat,233.1616,OUT013,1987,High,Tier 3,Supermarket Type1,6093.4016,228.1616
DRI01,7.97,Low Fat,0.034452949,Soft Drinks,174.0422,OUT046,1997,Small,Tier 1,Supermarket Type1,2586.633,169.0422
FDU09,7.71,Regular,0.06670068,Snack Foods,55.2956,OUT049,1999,Medium,Tier 1,Supermarket Type1,1255.6988,50.2956
FDH26,19.25,Regular,0.034699737,Canned,141.7496,OUT046,1997,Small,Tier 1,Supermarket Type1,4093.3384,136.7496
FDH27,7.075,Low Fat,0.058346939,Dairy,142.2128,OUT046,1997,Small,Tier 1,Supermarket Type1,3163.8816,137.2128
FDN39,,Regular,0.065203103,Meat,166.0816,OUT027,1985,Medium,Tier 3,Supermarket Type3,5033.448,161.0816
FDH40,11.6,Regular,0.078929571,Frozen Foods,79.9276,OUT046,1997,Small,Tier 1,Supermarket Type1,1137.1864,74.9276
FDJ56,,Low Fat,0.182514881,Fruits and Vegetables,98.77,OUT027,1985,Medium,Tier 3,Supermarket Type3,2696.49,93.77
DRN47,12.1,Low Fat,0.016895293,Hard Drinks,178.566,OUT018,2009,Medium,Tier 3,Supermarket Type2,898.83,173.566
NCO17,10,Low Fat,0.073379745,Health and Hygiene,118.244,OUT046,1997,Small,Tier 1,Supermarket Type1,2756.412,113.244
FDX60,14.35,Low Fat,0.08075758,Baking Goods,81.896,OUT045,2002,,Tier 2,Supermarket Type1,878.856,76.896
FDT22,10.395,Low Fat,0.112271498,Snack Foods,58.222,OUT049,1999,Medium,Tier 1,Supermarket Type1,659.142,53.222
FDX26,,Low Fat,0.153741385,Dairy,182.6292,OUT019,1985,Small,Tier 1,Grocery Store,182.4292,177.6292
FDG45,8.1,Low Fat,0.127929521,Fruits and Vegetables,211.4902,OUT013,1987,High,Tier 3,Supermarket Type1,3610.6334,206.4902
FDD44,8.05,Regular,0.07838564,Fruits and Vegetables,256.4646,OUT035,2004,Small,Tier 2,Supermarket Type1,5153.292,251.4646
FDS15,9.195,Regular,0.078502143,Meat,108.7596,OUT017,2007,,Tier 2,Supermarket Type1,2588.6304,103.7596
FDL51,20.7,Regular,0.047684831,Dairy,212.5876,OUT018,2009,Medium,Tier 3,Supermarket Type2,1286.3256,207.5876
FDL32,15.7,Regular,0.123159656,Fruits and Vegetables,110.1544,OUT017,2007,,Tier 2,Supermarket Type1,1230.3984,105.1544
FDZ07,,Regular,0,Fruits and Vegetables,60.2194,OUT027,1985,Medium,Tier 3,Supermarket Type3,1733.7432,55.2194
NCW53,,Low Fat,0.053392944,Health and Hygiene,193.8162,OUT019,1985,Small,Tier 1,Grocery Store,384.8324,188.8162
NCA54,16.5,Low Fat,0.036715907,Household,180.0318,OUT045,2002,,Tier 2,Supermarket Type1,3969.4996,175.0318
FDX09,9,Low Fat,0.065236932,Snack Foods,176.437,OUT035,2004,Small,Tier 2,Supermarket Type1,7763.228,171.437
FDO51,6.785,Regular,0.041947547,Meat,41.2112,OUT013,1987,High,Tier 3,Supermarket Type1,809.6128,36.2112
FDW49,19.5,Low Fat,0.082888496,Canned,178.6002,OUT018,2009,Medium,Tier 3,Supermarket Type2,1253.7014,173.6002
FDB27,7.575,Low Fat,0.055390121,Dairy,195.2768,OUT046,1997,Small,Tier 1,Supermarket Type1,5715.2272,190.2768
FDF45,18.2,Regular,0.012194556,Fruits and Vegetables,57.7904,OUT013,1987,High,Tier 3,Supermarket Type1,1464.76,52.7904
FDV02,16.75,Low Fat,0.060495243,Dairy,169.8106,OUT013,1987,High,Tier 3,Supermarket Type1,3251.1014,164.8106
FDY28,7.47,Regular,0,Frozen Foods,214.3218,OUT035,2004,Small,Tier 2,Supermarket Type1,4274.436,209.3218
FDX31,,Regular,0.014753811,Fruits and Vegetables,231.7958,OUT027,1985,Medium,Tier 3,Supermarket Type3,5375.0034,226.7958
FDR43,,Low Fat,0.160707489,Fruits and Vegetables,38.019,OUT027,1985,Medium,Tier 3,Supermarket Type3,1318.284,33.019
FDP51,13.85,Regular,0.085622362,Meat,119.4124,OUT018,2009,Medium,Tier 3,Supermarket Type2,2251.7356,114.4124
FDL52,6.635,Regular,0.046350909,Frozen Foods,37.4506,OUT017,2007,,Tier 2,Supermarket Type1,1176.4686,32.4506
FDR44,6.11,Regular,0.102920886,Fruits and Vegetables,130.4968,OUT046,1997,Small,Tier 1,Supermarket Type1,3523.4136,125.4968
FDB34,15.25,Low Fat,0.026604781,Snack Foods,86.2198,OUT035,2004,Small,Tier 2,Supermarket Type1,610.5386,81.2198
FDC50,15.85,Low Fat,0,Canned,96.4094,OUT035,2004,Small,Tier 2,Supermarket Type1,1237.7222,91.4094
FDT57,15.2,Low Fat,0.031860325,Snack Foods,235.1248,OUT010,1998,,Tier 3,Grocery Store,474.0496,230.1248
FDP22,,Regular,0,Snack Foods,52.6666,OUT027,1985,Medium,Tier 3,Supermarket Type3,717.7324,47.6666
DRE49,20.75,LF,0.021250002,Soft Drinks,150.5024,OUT046,1997,Small,Tier 1,Supermarket Type1,2580.6408,145.5024
FDM40,10.195,Low Fat,0.159936948,Frozen Foods,143.2154,OUT046,1997,Small,Tier 1,Supermarket Type1,2552.6772,138.2154
FDY32,7.605,Low Fat,0.129503146,Fruits and Vegetables,164.021,OUT045,2002,,Tier 2,Supermarket Type1,3914.904,159.021
FDW07,18,Regular,0.142688846,Fruits and Vegetables,88.5514,OUT046,1997,Small,Tier 1,Supermarket Type1,796.9626,83.5514
FDU02,,Low Fat,0.179484411,Dairy,228.9352,OUT019,1985,Small,Tier 1,Grocery Store,916.1408,223.9352
NCF18,18.35,Low Fat,0.089163056,Household,191.3504,OUT045,2002,,Tier 2,Supermarket Type1,3259.7568,186.3504
FDQ56,6.59,Low Fat,0.105761491,Fruits and Vegetables,84.8908,OUT049,1999,Medium,Tier 1,Supermarket Type1,1677.816,79.8908
FDN58,13.8,reg,0.056960814,Snack Foods,230.0984,OUT049,1999,Medium,Tier 1,Supermarket Type1,3707.1744,225.0984
FDG35,21.2,Regular,0.00704098,Starchy Foods,173.5738,OUT046,1997,Small,Tier 1,Supermarket Type1,2954.1546,168.5738
FDY34,10.5,Regular,0.011026594,Snack Foods,166.4842,OUT018,2009,Medium,Tier 3,Supermarket Type2,2652.5472,161.4842
NCE19,8.97,Low Fat,0.093203257,Household,52.7956,OUT045,2002,,Tier 2,Supermarket Type1,1037.3164,47.7956
NCK31,,Low Fat,0.026916794,Others,50.9666,OUT027,1985,Medium,Tier 3,Supermarket Type3,717.7324,45.9666
NCJ29,10.6,Low Fat,0.035264298,Health and Hygiene,86.1224,OUT045,2002,,Tier 2,Supermarket Type1,426.112,81.1224
FDT59,13.65,Low Fat,0.015908424,Breads,231.1668,OUT035,2004,Small,Tier 2,Supermarket Type1,6911.004,226.1668
NCX41,19,Low Fat,0.017719277,Health and Hygiene,211.0244,OUT046,1997,Small,Tier 1,Supermarket Type1,3811.0392,206.0244
FDU45,,Regular,0.035334201,Snack Foods,115.3518,OUT027,1985,Medium,Tier 3,Supermarket Type3,2277.036,110.3518
FDW24,,Low Fat,0.065652494,Baking Goods,48.9034,OUT019,1985,Small,Tier 1,Grocery Store,48.6034,43.9034
FDF22,6.865,Low Fat,0.056919038,Snack Foods,212.8218,OUT049,1999,Medium,Tier 1,Supermarket Type1,5770.4886,207.8218
FDM60,10.8,Regular,0.048143292,Baking Goods,40.2138,OUT046,1997,Small,Tier 1,Supermarket Type1,690.4346,35.2138
FDR02,16.7,Low Fat,0.022047313,Dairy,110.2886,OUT013,1987,High,Tier 3,Supermarket Type1,1890.2062,105.2886
DRP35,,Low Fat,0.090427268,Hard Drinks,126.2336,OUT027,1985,Medium,Tier 3,Supermarket Type3,3195.84,121.2336
FDS48,15.15,Low Fat,0.027779254,Baking Goods,150.1708,OUT046,1997,Small,Tier 1,Supermarket Type1,1504.708,145.1708
NCZ42,10.5,Low Fat,0,Household,238.3248,OUT010,1998,,Tier 3,Grocery Store,711.0744,233.3248
FDZ38,17.6,Low Fat,0.008033611,Dairy,174.2422,OUT018,2009,Medium,Tier 3,Supermarket Type2,4311.055,169.2422
FDH19,19.35,Low Fat,0.033088472,Meat,175.4738,OUT046,1997,Small,Tier 1,Supermarket Type1,521.3214,170.4738
NCB55,15.7,Low Fat,0.160663021,Household,59.4562,OUT046,1997,Small,Tier 1,Supermarket Type1,829.5868,54.4562
FDC15,18.1,LF,0.178975721,Dairy,155.5288,OUT017,2007,,Tier 2,Supermarket Type1,1571.288,150.5288
FDF11,10.195,Regular,0.017627888,Starchy Foods,239.6538,OUT035,2004,Small,Tier 2,Supermarket Type1,2403.538,234.6538
FDW35,,low fat,0.0194158,Breads,41.6454,OUT019,1985,Small,Tier 1,Grocery Store,83.8908,36.6454
FDB44,6.655,Low Fat,0.016993225,Fruits and Vegetables,211.0586,OUT045,2002,,Tier 2,Supermarket Type1,844.2344,206.0586
NCC06,19,Low Fat,0.027139013,Household,127.3336,OUT017,2007,,Tier 2,Supermarket Type1,2940.1728,122.3336
FDR04,7.075,Low Fat,0.03777249,Frozen Foods,98.0068,OUT010,1998,,Tier 3,Grocery Store,291.6204,93.0068
FDB17,13.15,Low Fat,0.036746479,Frozen Foods,181.2976,OUT045,2002,,Tier 2,Supermarket Type1,3259.7568,176.2976
FDW43,20.1,Regular,0.022460102,Fruits and Vegetables,226.8036,OUT049,1999,Medium,Tier 1,Supermarket Type1,3415.554,221.8036
FDA27,20.35,Regular,0,Dairy,256.7672,OUT018,2009,Medium,Tier 3,Supermarket Type2,5624.6784,251.7672
NCU41,18.85,Low Fat,0.05213575,Health and Hygiene,190.1846,OUT049,1999,Medium,Tier 1,Supermarket Type1,6687.961,185.1846
FDY56,16.35,Regular,0.062508438,Fruits and Vegetables,227.1062,OUT049,1999,Medium,Tier 1,Supermarket Type1,5642.655,222.1062
FDV39,11.3,Low Fat,0.007309544,Meat,196.2426,OUT018,2009,Medium,Tier 3,Supermarket Type2,4943.565,191.2426
FDN32,17.5,Low Fat,0.015623754,Fruits and Vegetables,182.6266,OUT018,2009,Medium,Tier 3,Supermarket Type2,3135.2522,177.6266
FDW07,18,Regular,0.142978223,Fruits and Vegetables,87.4514,OUT045,2002,,Tier 2,Supermarket Type1,796.9626,82.4514
FDZ27,7.935,Low Fat,0.017191055,Dairy,51.535,OUT045,2002,,Tier 2,Supermarket Type1,848.895,46.535
FDW23,,Low Fat,0.143592939,Baking Goods,37.3164,OUT019,1985,Small,Tier 1,Grocery Store,38.6164,32.3164
FDU01,20.25,Regular,0.011995271,Canned,184.5924,OUT046,1997,Small,Tier 1,Supermarket Type1,4997.4948,179.5924
FDF10,15.5,Regular,0.15717236,Snack Foods,149.1418,OUT049,1999,Medium,Tier 1,Supermarket Type1,588.5672,144.1418
DRH03,,Low Fat,0.061393095,Dairy,91.812,OUT019,1985,Small,Tier 1,Grocery Store,372.848,86.812
FDW27,,Regular,0.264124669,Meat,155.7314,OUT019,1985,Small,Tier 1,Grocery Store,155.1314,150.7314
DRI13,15.35,Low Fat,0.020310046,Soft Drinks,218.0508,OUT013,1987,High,Tier 3,Supermarket Type1,3038.7112,213.0508
NCR05,10.1,Low Fat,0.054630834,Health and Hygiene,200.2084,OUT046,1997,Small,Tier 1,Supermarket Type1,1587.2672,195.2084
FDB29,16.7,Regular,0.052517969,Frozen Foods,115.4176,OUT045,2002,,Tier 2,Supermarket Type1,687.1056,110.4176
FDL51,20.7,Regular,0.047565208,Dairy,213.4876,OUT049,1999,Medium,Tier 1,Supermarket Type1,1929.4884,208.4876
FDB11,16,LF,0.060797393,Starchy Foods,223.8404,OUT013,1987,High,Tier 3,Supermarket Type1,3600.6464,218.8404
FDI35,14,Low Fat,0.041291169,Starchy Foods,180.7634,OUT046,1997,Small,Tier 1,Supermarket Type1,2181.1608,175.7634
FDX08,12.85,Low Fat,0.022604051,Fruits and Vegetables,181.4318,OUT046,1997,Small,Tier 1,Supermarket Type1,3428.2042,176.4318
FDP59,20.85,Regular,0.056580228,Breads,105.6648,OUT045,2002,,Tier 2,Supermarket Type1,623.1888,100.6648
NCJ18,12.35,Low Fat,0.164196823,Household,120.5124,OUT049,1999,Medium,Tier 1,Supermarket Type1,2133.2232,115.5124
FDJ41,6.85,Low Fat,0.022976497,Frozen Foods,261.6594,OUT018,2009,Medium,Tier 3,Supermarket Type2,3401.5722,256.6594
FDU08,10.3,Low Fat,0.027310252,Fruits and Vegetables,101.0042,OUT035,2004,Small,Tier 2,Supermarket Type1,1289.6546,96.0042
FDS09,,Regular,0.141975462,Snack Foods,49.6008,OUT019,1985,Small,Tier 1,Grocery Store,50.6008,44.6008
DRH15,8.775,Low Fat,0,Dairy,45.9428,OUT013,1987,High,Tier 3,Supermarket Type1,790.9704,40.9428
NCV17,18.85,Low Fat,0.01619866,Health and Hygiene,129.2626,OUT017,2007,,Tier 2,Supermarket Type1,3147.9024,124.2626
NCO54,,Low Fat,0.014205168,Household,56.7614,OUT027,1985,Medium,Tier 3,Supermarket Type3,2486.763,51.7614
FDE24,14.85,Low Fat,0.09344495,Baking Goods,141.0812,OUT035,2004,Small,Tier 2,Supermarket Type1,1139.8496,136.0812
FDH53,20.5,Regular,0.019199733,Frozen Foods,84.3592,OUT046,1997,Small,Tier 1,Supermarket Type1,1816.3024,79.3592
FDZ13,7.84,Regular,0.154120252,Canned,51.935,OUT018,2009,Medium,Tier 3,Supermarket Type2,199.74,46.935
FDW28,18.25,Low Fat,0.089004389,Frozen Foods,196.7452,OUT045,2002,,Tier 2,Supermarket Type1,978.726,191.7452
FDU46,10.3,Regular,0.011117041,Snack Foods,85.854,OUT013,1987,High,Tier 3,Supermarket Type1,2683.174,80.854
NCE43,12.5,LF,0.103422709,Household,169.9448,OUT035,2004,Small,Tier 2,Supermarket Type1,2897.5616,164.9448
FDS26,,Low Fat,0.089035961,Dairy,260.5594,OUT027,1985,Medium,Tier 3,Supermarket Type3,9158.079,255.5594
FDB14,20.25,Regular,0.102723919,Canned,93.212,OUT046,1997,Small,Tier 1,Supermarket Type1,1957.452,88.212
DRB48,,Regular,0.024733134,Soft Drinks,40.2822,OUT027,1985,Medium,Tier 3,Supermarket Type3,1296.3126,35.2822
NCC42,15,Low Fat,0.044871033,Health and Hygiene,140.3838,OUT013,1987,High,Tier 3,Supermarket Type1,2528.7084,135.3838
FDQ20,8.325,Low Fat,0.029760052,Fruits and Vegetables,38.7138,OUT013,1987,High,Tier 3,Supermarket Type1,284.2966,33.7138
FDA13,15.85,Low Fat,0.078999287,Canned,38.6506,OUT017,2007,,Tier 2,Supermarket Type1,759.012,33.6506
FDZ15,13.1,Low Fat,0.020870744,Dairy,117.3782,OUT046,1997,Small,Tier 1,Supermarket Type1,1787.673,112.3782
NCV42,6.26,Low Fat,0.031599715,Household,111.3228,OUT017,2007,,Tier 2,Supermarket Type1,2431.5016,106.3228
DRI51,17.25,Low Fat,0.042413704,Dairy,173.1764,OUT018,2009,Medium,Tier 3,Supermarket Type2,4466.1864,168.1764
FDO28,5.765,Low Fat,0.072284689,Frozen Foods,119.9098,OUT035,2004,Small,Tier 2,Supermarket Type1,2048.6666,114.9098
NCS54,13.6,Low Fat,0.009984847,Household,175.437,OUT013,1987,High,Tier 3,Supermarket Type1,1940.807,170.437
FDH16,10.5,Low Fat,0.052852621,Frozen Foods,88.783,OUT017,2007,,Tier 2,Supermarket Type1,2067.309,83.783
FDG24,7.975,Low Fat,0.014660821,Baking Goods,85.125,OUT045,2002,,Tier 2,Supermarket Type1,2663.2,80.125
FDR52,12.65,Regular,0.076354362,Frozen Foods,192.1846,OUT018,2009,Medium,Tier 3,Supermarket Type2,1146.5076,187.1846
NCH06,12.3,Low Fat,0.076709639,Household,247.846,OUT045,2002,,Tier 2,Supermarket Type1,3448.844,242.846
FDA36,5.985,Low Fat,0.005677876,Baking Goods,184.8924,OUT045,2002,,Tier 2,Supermarket Type1,1665.8316,179.8924
FDU56,,Low Fat,0,Fruits and Vegetables,184.7266,OUT027,1985,Medium,Tier 3,Supermarket Type3,8114.7704,179.7266
FDT09,15.15,Regular,0.012282366,Snack Foods,132.5284,OUT049,1999,Medium,Tier 1,Supermarket Type1,1713.7692,127.5284
FDU25,12.35,Low Fat,0.026681262,Canned,56.4246,OUT046,1997,Small,Tier 1,Supermarket Type1,810.9444,51.4246
FDK41,14.3,Low Fat,0.127541722,Frozen Foods,84.9224,OUT046,1997,Small,Tier 1,Supermarket Type1,1193.1136,79.9224
NCT54,8.695,Low Fat,0.119513002,Household,93.4094,OUT035,2004,Small,Tier 2,Supermarket Type1,856.8846,88.4094
FDV51,16.35,Low Fat,0.054463442,Meat,163.8842,OUT010,1998,,Tier 3,Grocery Store,165.7842,158.8842
FDM24,6.135,Regular,0,Baking Goods,151.3366,OUT045,2002,,Tier 2,Supermarket Type1,1057.9562,146.3366
NCO30,19.5,Low Fat,0.015756784,Household,185.0608,OUT045,2002,,Tier 2,Supermarket Type1,2205.1296,180.0608
FDQ45,9.5,Regular,0.010907967,Snack Foods,182.3608,OUT013,1987,High,Tier 3,Supermarket Type1,2940.1728,177.3608
DRK59,8.895,LF,0.07543556,Hard Drinks,235.8616,OUT035,2004,Small,Tier 2,Supermarket Type1,3046.7008,230.8616
FDW28,18.25,Low Fat,0,Frozen Foods,196.8452,OUT046,1997,Small,Tier 1,Supermarket Type1,3327.6684,191.8452
FDC02,21.35,Low Fat,0.115194717,Canned,258.3278,OUT010,1998,,Tier 3,Grocery Store,520.6556,253.3278
FDR21,19.7,Low Fat,0.066922802,Snack Foods,174.837,OUT035,2004,Small,Tier 2,Supermarket Type1,2999.429,169.837
FDN48,,Low Fat,0.064636203,Baking Goods,90.0804,OUT027,1985,Medium,Tier 3,Supermarket Type3,2113.2492,85.0804
FDT44,16.6,Low Fat,0.103195401,Fruits and Vegetables,117.8466,OUT045,2002,,Tier 2,Supermarket Type1,942.7728,112.8466
FDX14,,Low Fat,0.13121032,Dairy,74.0354,OUT019,1985,Small,Tier 1,Grocery Store,75.2354,69.0354
FDH57,10.895,Low Fat,0.035747522,Fruits and Vegetables,133.6284,OUT046,1997,Small,Tier 1,Supermarket Type1,1581.9408,128.6284
FDH28,,reg,0.192650072,Frozen Foods,37.4506,OUT019,1985,Small,Tier 1,Grocery Store,37.9506,32.4506
NCT41,,Low Fat,0.098031771,Health and Hygiene,151.3024,OUT019,1985,Small,Tier 1,Grocery Store,151.8024,146.3024
FDO11,,Regular,0.030118338,Breads,248.8092,OUT027,1985,Medium,Tier 3,Supermarket Type3,3486.1288,243.8092
NCP42,8.51,Low Fat,0.016201845,Household,195.2478,OUT017,2007,,Tier 2,Supermarket Type1,4262.4516,190.2478
FDN09,14.15,Low Fat,0.05837308,Snack Foods,243.9828,OUT010,1998,,Tier 3,Grocery Store,731.0484,238.9828
FDP32,6.65,Low Fat,0.087652908,Fruits and Vegetables,128.8678,OUT035,2004,Small,Tier 2,Supermarket Type1,1398.8458,123.8678
FDV57,15.25,Regular,0.065999008,Snack Foods,177.966,OUT049,1999,Medium,Tier 1,Supermarket Type1,2336.958,172.966
FDW28,18.25,low fat,0.088750333,Frozen Foods,196.5452,OUT013,1987,High,Tier 3,Supermarket Type1,2348.9424,191.5452
FDR56,,Regular,0.100277876,Fruits and Vegetables,196.8768,OUT027,1985,Medium,Tier 3,Supermarket Type3,7094.7648,191.8768
FDA40,16,Regular,0.099252438,Frozen Foods,87.4856,OUT035,2004,Small,Tier 2,Supermarket Type1,1054.6272,82.4856
NCG42,19.2,Low Fat,0,Household,127.831,OUT045,2002,,Tier 2,Supermarket Type1,1298.31,122.831
NCK54,12.15,Low Fat,0,Household,117.815,OUT017,2007,,Tier 2,Supermarket Type1,2330.3,112.815
FDE16,8.895,Low Fat,0.026384672,Frozen Foods,208.9954,OUT049,1999,Medium,Tier 1,Supermarket Type1,4584.6988,203.9954
FDB15,10.895,Low Fat,0.228993134,Dairy,263.4568,OUT010,1998,,Tier 3,Grocery Store,527.3136,258.4568
FDC40,16,Regular,0.065431917,Dairy,76.1986,OUT017,2007,,Tier 2,Supermarket Type1,1869.5664,71.1986
FDE53,,LF,0.026749991,Frozen Foods,106.928,OUT027,1985,Medium,Tier 3,Supermarket Type3,2876.256,101.928
FDK24,9.195,Low Fat,0,Baking Goods,43.6744,OUT018,2009,Medium,Tier 3,Supermarket Type2,407.4696,38.6744
FDW31,11.35,Regular,0.043333912,Fruits and Vegetables,201.0742,OUT018,2009,Medium,Tier 3,Supermarket Type2,2189.8162,196.0742
NCX29,10,LF,0.089656812,Health and Hygiene,144.0102,OUT017,2007,,Tier 2,Supermarket Type1,1603.9122,139.0102
NCM07,9.395,Low Fat,0.039954281,Others,82.4908,OUT035,2004,Small,Tier 2,Supermarket Type1,2013.3792,77.4908
DRN36,,Low Fat,0.087854925,Soft Drinks,95.9752,OUT019,1985,Small,Tier 1,Grocery Store,95.8752,90.9752
FDQ37,20.75,Low Fat,0.149404057,Breakfast,192.8478,OUT010,1998,,Tier 3,Grocery Store,774.9912,187.8478
FDK43,9.8,Low Fat,0.0268952,Meat,128.402,OUT045,2002,,Tier 2,Supermarket Type1,2403.538,123.402
FDK28,5.695,Low Fat,0.065857092,Frozen Foods,258.5646,OUT018,2009,Medium,Tier 3,Supermarket Type2,4380.2982,253.5646
FDR43,18.2,Low Fat,0.161817014,Fruits and Vegetables,37.819,OUT045,2002,,Tier 2,Supermarket Type1,219.714,32.819
FDL48,19.35,Regular,0.082197959,Baking Goods,49.2034,OUT013,1987,High,Tier 3,Supermarket Type1,729.051,44.2034
DRL23,18.35,Low Fat,0.015335349,Hard Drinks,106.6938,OUT045,2002,,Tier 2,Supermarket Type1,1393.5194,101.6938
NCX42,6.36,Low Fat,0.00599072,Household,163.6526,OUT045,2002,,Tier 2,Supermarket Type1,5262.4832,158.6526
DRD37,9.8,Low Fat,0.013898123,Soft Drinks,46.506,OUT018,2009,Medium,Tier 3,Supermarket Type2,372.848,41.506
FDZ47,,Regular,0.078912473,Baking Goods,99.9042,OUT027,1985,Medium,Tier 3,Supermarket Type3,3273.7386,94.9042
NCJ54,,Low Fat,0.059776237,Household,231.7642,OUT027,1985,Medium,Tier 3,Supermarket Type3,5344.3766,226.7642
FDL52,6.635,Regular,0,Frozen Foods,39.7506,OUT013,1987,High,Tier 3,Supermarket Type1,303.6048,34.7506
FDC15,18.1,Low Fat,0.297883712,Dairy,156.7288,OUT010,1998,,Tier 3,Grocery Store,314.2576,151.7288
NCD19,8.93,Low Fat,0.022059594,Household,56.0614,OUT010,1998,,Tier 3,Grocery Store,276.307,51.0614
FDD08,8.3,Low Fat,0.03532494,Fruits and Vegetables,38.9506,OUT013,1987,High,Tier 3,Supermarket Type1,721.0614,33.9506
NCN18,8.895,LF,0.124967595,Household,112.7544,OUT045,2002,,Tier 2,Supermarket Type1,3467.4864,107.7544
FDY56,16.35,Regular,0.062411404,Fruits and Vegetables,225.9062,OUT046,1997,Small,Tier 1,Supermarket Type1,5416.9488,220.9062
NCI29,8.6,Low Fat,0.032754431,Health and Hygiene,140.5154,OUT018,2009,Medium,Tier 3,Supermarket Type2,283.6308,135.5154
NCE06,,Low Fat,0.160178832,Household,160.2894,OUT019,1985,Small,Tier 1,Grocery Store,323.5788,155.2894
FDC08,19,Regular,0.104035148,Fruits and Vegetables,227.772,OUT017,2007,,Tier 2,Supermarket Type1,5206.556,222.772
FDU52,7.56,Low Fat,0.06390019,Frozen Foods,157.263,OUT045,2002,,Tier 2,Supermarket Type1,2503.408,152.263
FDN16,12.6,Regular,0.062648111,Frozen Foods,104.899,OUT013,1987,High,Tier 3,Supermarket Type1,1960.781,99.899
NCM55,15.6,Low Fat,0.111685868,Others,184.7924,OUT010,1998,,Tier 3,Grocery Store,370.1848,179.7924
FDR49,8.71,Low Fat,0.233039817,Canned,49.5376,OUT010,1998,,Tier 3,Grocery Store,95.8752,44.5376
FDC15,18.1,Low Fat,0.17824575,Dairy,158.1288,OUT049,1999,Medium,Tier 1,Supermarket Type1,3299.7048,153.1288
FDB53,13.35,Low Fat,0.140241213,Frozen Foods,150.2392,OUT017,2007,,Tier 2,Supermarket Type1,2684.5056,145.2392
FDK44,16.6,Low Fat,0,Fruits and Vegetables,173.3738,OUT046,1997,Small,Tier 1,Supermarket Type1,2085.2856,168.3738
FDA16,6.695,Low Fat,0.033935576,Frozen Foods,221.9456,OUT035,2004,Small,Tier 2,Supermarket Type1,2210.456,216.9456
FDO19,,Regular,0.016516275,Fruits and Vegetables,47.4034,OUT027,1985,Medium,Tier 3,Supermarket Type3,2187.153,42.4034
FDO04,16.6,Low Fat,0.026537206,Frozen Foods,57.2614,OUT046,1997,Small,Tier 1,Supermarket Type1,1049.9666,52.2614
NCL19,15.35,Low Fat,0.015673267,Others,145.047,OUT035,2004,Small,Tier 2,Supermarket Type1,2719.793,140.047
FDA44,19.7,Low Fat,0.089083914,Fruits and Vegetables,54.593,OUT010,1998,,Tier 3,Grocery Store,56.593,49.593
FDR60,14.3,Low Fat,0.131152799,Baking Goods,78.6328,OUT017,2007,,Tier 2,Supermarket Type1,231.6984,73.6328
FDV37,,Regular,0.083109455,Canned,195.8426,OUT027,1985,Medium,Tier 3,Supermarket Type3,5734.5354,190.8426
FDG53,10,Low Fat,0.045818773,Frozen Foods,138.718,OUT013,1987,High,Tier 3,Supermarket Type1,1398.18,133.718
DRG01,14.8,Low Fat,0.044869794,Soft Drinks,76.467,OUT035,2004,Small,Tier 2,Supermarket Type1,1531.34,71.467
FDB38,,Regular,0,Canned,160.692,OUT019,1985,Small,Tier 1,Grocery Store,319.584,155.692
FDI27,8.71,Regular,0.04605781,Dairy,43.8744,OUT049,1999,Medium,Tier 1,Supermarket Type1,633.8416,38.8744
FDD29,12.15,Low Fat,0.030815427,Frozen Foods,252.0698,OUT010,1998,,Tier 3,Grocery Store,1014.6792,247.0698
NCR41,17.85,Low Fat,0.01806055,Health and Hygiene,97.0094,OUT045,2002,,Tier 2,Supermarket Type1,2094.6068,92.0094
FDW44,9.5,Regular,0.035205866,Fruits and Vegetables,171.3448,OUT049,1999,Medium,Tier 1,Supermarket Type1,2386.2272,166.3448
FDU21,11.8,Regular,0.076705948,Snack Foods,34.7558,OUT035,2004,Small,Tier 2,Supermarket Type1,780.9834,29.7558
FDI14,14.1,LF,0.089677773,Canned,139.8496,OUT046,1997,Small,Tier 1,Supermarket Type1,1693.7952,134.8496
FDW50,,Low Fat,0.132327406,Dairy,168.4158,OUT019,1985,Small,Tier 1,Grocery Store,334.2316,163.4158
FDN39,19.35,Regular,0.065520388,Meat,168.3816,OUT046,1997,Small,Tier 1,Supermarket Type1,1342.2528,163.3816
FDT31,19.75,Low Fat,0.012518707,Fruits and Vegetables,190.6872,OUT017,2007,,Tier 2,Supermarket Type1,4916.2672,185.6872
FDJ14,10.3,Regular,0.050353695,Canned,78.696,OUT017,2007,,Tier 2,Supermarket Type1,1757.712,73.696
NCQ43,,Low Fat,0.110762642,Others,108.5912,OUT027,1985,Medium,Tier 3,Supermarket Type3,1637.868,103.5912
FDZ22,,Low Fat,0.045050674,Snack Foods,84.925,OUT027,1985,Medium,Tier 3,Supermarket Type3,1747.725,79.925
FDU38,10.8,Low Fat,0.083016832,Dairy,193.4504,OUT017,2007,,Tier 2,Supermarket Type1,2876.256,188.4504
FDS32,17.75,Regular,0,Fruits and Vegetables,139.9838,OUT045,2002,,Tier 2,Supermarket Type1,1966.7732,134.9838
DRH13,8.575,Low Fat,0.023983258,Soft Drinks,106.328,OUT018,2009,Medium,Tier 3,Supermarket Type2,958.752,101.328
DRF03,19.1,Low Fat,0.075836522,Dairy,40.2138,OUT010,1998,,Tier 3,Grocery Store,81.2276,35.2138
FDJ20,20.7,Regular,0.100330684,Fruits and Vegetables,123.4388,OUT049,1999,Medium,Tier 1,Supermarket Type1,1238.388,118.4388
FDE22,,Low Fat,0.051778173,Snack Foods,157.892,OUT019,1985,Small,Tier 1,Grocery Store,319.584,152.892
FDX22,6.785,Regular,0.022970468,Snack Foods,211.0928,OUT035,2004,Small,Tier 2,Supermarket Type1,4418.2488,206.0928
DRM11,6.57,Low Fat,0.066014596,Hard Drinks,259.7278,OUT013,1987,High,Tier 3,Supermarket Type1,2863.6058,254.7278
FDL58,5.78,Regular,0.07429945,Snack Foods,264.9568,OUT045,2002,,Tier 2,Supermarket Type1,1845.5976,259.9568
FDL25,6.92,Regular,0.131128467,Breakfast,93.1804,OUT049,1999,Medium,Tier 1,Supermarket Type1,1561.9668,88.1804
FDD40,20.25,Regular,0.014816356,Dairy,194.1162,OUT049,1999,Medium,Tier 1,Supermarket Type1,3848.324,189.1162
FDT08,13.65,Low Fat,0.049318315,Fruits and Vegetables,149.005,OUT045,2002,,Tier 2,Supermarket Type1,2097.27,144.005
FDO22,13.5,Regular,0.017960492,Snack Foods,81.596,OUT017,2007,,Tier 2,Supermarket Type1,639.168,76.596
NCM41,16.5,Low Fat,0.035801238,Health and Hygiene,92.612,OUT018,2009,Medium,Tier 3,Supermarket Type2,559.272,87.612
FDJ21,16.7,Regular,0.038606365,Snack Foods,146.5102,OUT045,2002,,Tier 2,Supermarket Type1,2770.3938,141.5102
FDC53,8.68,Low Fat,0.008871687,Frozen Foods,99.7384,OUT018,2009,Medium,Tier 3,Supermarket Type2,295.6152,94.7384
DRK35,,Low Fat,0.125793938,Hard Drinks,36.2506,OUT019,1985,Small,Tier 1,Grocery Store,37.9506,31.2506
FDQ09,7.235,Low Fat,0.058369013,Snack Foods,115.2834,OUT018,2009,Medium,Tier 3,Supermarket Type2,1267.0174,110.2834
DRB48,16.75,Regular,0,Soft Drinks,39.3822,OUT046,1997,Small,Tier 1,Supermarket Type1,353.5398,34.3822
DRE25,15.35,Low Fat,0.073269336,Soft Drinks,92.112,OUT035,2004,Small,Tier 2,Supermarket Type1,1118.544,87.112
FDL08,10.8,Low Fat,0.049677651,Fruits and Vegetables,245.9144,OUT013,1987,High,Tier 3,Supermarket Type1,4655.2736,240.9144
NCV42,6.26,Low Fat,0.031470832,Household,110.2228,OUT049,1999,Medium,Tier 1,Supermarket Type1,1547.3192,105.2228
FDW03,5.63,Regular,0.024579432,Meat,105.3306,OUT049,1999,Medium,Tier 1,Supermarket Type1,1045.306,100.3306
FDL25,6.92,Regular,0.131665479,Breakfast,91.8804,OUT017,2007,,Tier 2,Supermarket Type1,275.6412,86.8804
FDC17,12.15,Low Fat,0.015523707,Frozen Foods,212.0928,OUT018,2009,Medium,Tier 3,Supermarket Type2,2735.1064,207.0928
FDK44,16.6,Low Fat,0.122475364,Fruits and Vegetables,175.5738,OUT045,2002,,Tier 2,Supermarket Type1,347.5476,170.5738
FDE34,9.195,Low Fat,0.107891398,Snack Foods,182.7634,OUT046,1997,Small,Tier 1,Supermarket Type1,3817.0314,177.7634
FDP10,19,Low Fat,0.128065918,Snack Foods,104.3622,OUT035,2004,Small,Tier 2,Supermarket Type1,1905.5196,99.3622
FDZ22,9.395,Low Fat,0.045361705,Snack Foods,83.825,OUT045,2002,,Tier 2,Supermarket Type1,665.8,78.825
NCK19,9.8,Low Fat,0.090390357,Others,192.1478,OUT013,1987,High,Tier 3,Supermarket Type1,2324.9736,187.1478
FDO44,,Low Fat,0.087029712,Fruits and Vegetables,109.2228,OUT027,1985,Medium,Tier 3,Supermarket Type3,3205.1612,104.2228
NCU41,18.85,LF,0.052054819,Health and Hygiene,189.1846,OUT046,1997,Small,Tier 1,Supermarket Type1,2101.9306,184.1846
NCF31,9.13,Low Fat,0.051952573,Household,152.3024,OUT045,2002,,Tier 2,Supermarket Type1,1821.6288,147.3024
FDG14,9,Regular,0.050786366,Canned,152.2024,OUT017,2007,,Tier 2,Supermarket Type1,3643.2576,147.2024
NCH30,17.1,Low Fat,0.067141355,Household,114.586,OUT035,2004,Small,Tier 2,Supermarket Type1,2942.836,109.586
FDR36,6.715,Regular,0.121485195,Baking Goods,40.2454,OUT013,1987,High,Tier 3,Supermarket Type1,587.2356,35.2454
NCJ30,5.82,Low Fat,0.080640478,Household,167.779,OUT046,1997,Small,Tier 1,Supermarket Type1,2886.243,162.779
FDR08,18.7,Low Fat,0.037699254,Fruits and Vegetables,110.2886,OUT045,2002,,Tier 2,Supermarket Type1,2223.772,105.2886
FDU04,7.93,Low Fat,0,Frozen Foods,123.2414,OUT018,2009,Medium,Tier 3,Supermarket Type2,487.3656,118.2414
NCQ50,18.75,Low Fat,0.034501405,Household,211.7218,OUT017,2007,,Tier 2,Supermarket Type1,5770.4886,206.7218
FDL46,,Low Fat,0.053795154,Snack Foods,117.7466,OUT027,1985,Medium,Tier 3,Supermarket Type3,1414.1592,112.7466
DRK37,5,Low Fat,0.044004675,Soft Drinks,188.853,OUT046,1997,Small,Tier 1,Supermarket Type1,5502.837,183.853
FDK48,7.445,low fat,0,Baking Goods,76.8354,OUT046,1997,Small,Tier 1,Supermarket Type1,2181.8266,71.8354
FDV58,20.85,Low Fat,0.121250374,Snack Foods,193.9452,OUT046,1997,Small,Tier 1,Supermarket Type1,1565.9616,188.9452
FDN27,20.85,Low Fat,0,Meat,115.1808,OUT018,2009,Medium,Tier 3,Supermarket Type2,1054.6272,110.1808
FDZ52,19.2,Low Fat,0.100230114,Frozen Foods,112.9886,OUT049,1999,Medium,Tier 1,Supermarket Type1,1667.829,107.9886
NCF42,17.35,Low Fat,0.167383061,Household,175.6712,OUT046,1997,Small,Tier 1,Supermarket Type1,2812.3392,170.6712
FDQ48,14.3,Regular,0.034404732,Baking Goods,98.1726,OUT035,2004,Small,Tier 2,Supermarket Type1,489.363,93.1726
FDW49,19.5,Low Fat,0.082719632,Canned,179.3002,OUT045,2002,,Tier 2,Supermarket Type1,2865.6032,174.3002
FDR58,6.675,Low Fat,0.041913535,Snack Foods,90.7462,OUT035,2004,Small,Tier 2,Supermarket Type1,1665.8316,85.7462
NCE07,8.18,Low Fat,0.0132043,Household,143.8154,OUT017,2007,,Tier 2,Supermarket Type1,2694.4926,138.8154
FDK14,6.98,Low Fat,0.041105789,Canned,83.4934,OUT046,1997,Small,Tier 1,Supermarket Type1,1555.9746,78.4934
FDC11,,LF,0.141106202,Starchy Foods,87.9172,OUT027,1985,Medium,Tier 3,Supermarket Type3,3836.3396,82.9172
FDL22,16.85,Low Fat,0.036463975,Snack Foods,90.7488,OUT045,2002,,Tier 2,Supermarket Type1,543.2928,85.7488
NCQ41,14.8,Low Fat,0.01946418,Health and Hygiene,196.3794,OUT013,1987,High,Tier 3,Supermarket Type1,1950.794,191.3794
FDX46,12.3,Regular,0,Snack Foods,57.3562,OUT013,1987,High,Tier 3,Supermarket Type1,177.7686,52.3562
FDC35,7.435,Low Fat,0.123086812,Starchy Foods,206.9638,OUT045,2002,,Tier 2,Supermarket Type1,1035.319,201.9638
FDH45,15.1,reg,0.105646853,Fruits and Vegetables,42.8796,OUT035,2004,Small,Tier 2,Supermarket Type1,949.4308,37.8796
FDX33,9.195,Regular,0.118149377,Snack Foods,160.5578,OUT017,2007,,Tier 2,Supermarket Type1,1283.6624,155.5578
DRJ35,10.1,Low Fat,0.046545786,Hard Drinks,59.9878,OUT013,1987,High,Tier 3,Supermarket Type1,484.7024,54.9878
FDC40,16,Regular,0.065009745,Dairy,79.5986,OUT013,1987,High,Tier 3,Supermarket Type1,934.7832,74.5986
FDO19,17.7,Regular,0.016630303,Fruits and Vegetables,48.1034,OUT045,2002,,Tier 2,Supermarket Type1,534.6374,43.1034
FDP13,8.1,Regular,0.134532392,Canned,39.448,OUT049,1999,Medium,Tier 1,Supermarket Type1,878.856,34.448
FDP24,20.6,LF,0.083133128,Baking Goods,120.1756,OUT049,1999,Medium,Tier 1,Supermarket Type1,1332.9316,115.1756
NCQ42,20.35,Low Fat,0.039428167,Household,127.9678,OUT018,2009,Medium,Tier 3,Supermarket Type2,3560.6984,122.9678
FDY59,8.195,Low Fat,0,Baking Goods,93.1462,OUT018,2009,Medium,Tier 3,Supermarket Type2,647.8234,88.1462
FDU14,17.75,Low Fat,0.034823127,Dairy,248.675,OUT045,2002,,Tier 2,Supermarket Type1,4993.5,243.675
FDB21,7.475,Low Fat,0.148492521,Fruits and Vegetables,240.6854,OUT035,2004,Small,Tier 2,Supermarket Type1,1691.7978,235.6854
FDT32,19,Regular,0.065901299,Fruits and Vegetables,188.7214,OUT018,2009,Medium,Tier 3,Supermarket Type2,1695.7926,183.7214
FDK20,12.6,Regular,0.041622264,Fruits and Vegetables,124.0072,OUT049,1999,Medium,Tier 1,Supermarket Type1,4042.7376,119.0072
FDX09,,Low Fat,0.064933297,Snack Foods,174.837,OUT027,1985,Medium,Tier 3,Supermarket Type3,4763.799,169.837
FDM01,7.895,Regular,0.0945493,Breakfast,102.6332,OUT035,2004,Small,Tier 2,Supermarket Type1,1640.5312,97.6332
DRI37,,Low Fat,0.107076832,Soft Drinks,58.7904,OUT027,1985,Medium,Tier 3,Supermarket Type3,1288.9888,53.7904
FDL20,17.1,Low Fat,0.128674983,Fruits and Vegetables,112.3886,OUT045,2002,,Tier 2,Supermarket Type1,2334.9606,107.3886
FDU13,8.355,Low Fat,0.188322664,Canned,148.5418,OUT018,2009,Medium,Tier 3,Supermarket Type2,2207.127,143.5418
FDE05,,Regular,0,Frozen Foods,145.2102,OUT019,1985,Small,Tier 1,Grocery Store,437.4306,140.2102
FDE58,18.5,Low Fat,0.052025392,Snack Foods,118.4124,OUT013,1987,High,Tier 3,Supermarket Type1,2370.248,113.4124
FDT32,,Regular,0.065316099,Fruits and Vegetables,189.9214,OUT027,1985,Medium,Tier 3,Supermarket Type3,5087.3778,184.9214
FDZ01,8.975,Regular,0.01516265,Canned,101.899,OUT010,1998,,Tier 3,Grocery Store,103.199,96.899
FDM08,10.1,Regular,0.053584207,Fruits and Vegetables,224.4088,OUT046,1997,Small,Tier 1,Supermarket Type1,4697.8848,219.4088
FDS58,9.285,Regular,0.020989132,Snack Foods,158.6578,OUT013,1987,High,Tier 3,Supermarket Type1,2406.867,153.6578
FDZ26,11.6,Regular,0.144017405,Dairy,238.3222,OUT046,1997,Small,Tier 1,Supermarket Type1,5736.5328,233.3222
FDC46,,Low Fat,0.115978122,Snack Foods,183.4266,OUT027,1985,Medium,Tier 3,Supermarket Type3,7192.6374,178.4266
FDY51,12.5,Low Fat,0.081465335,Meat,220.7798,OUT018,2009,Medium,Tier 3,Supermarket Type2,6611.394,215.7798
FDL34,16,Low Fat,0.041177505,Snack Foods,142.3496,OUT017,2007,,Tier 2,Supermarket Type1,3246.4408,137.3496
DRG39,14.15,Low Fat,0.042352822,Dairy,51.6982,OUT018,2009,Medium,Tier 3,Supermarket Type2,1262.3568,46.6982
NCG43,20.2,Low Fat,0.074541867,Household,94.1462,OUT018,2009,Medium,Tier 3,Supermarket Type2,1758.3778,89.1462
FDT01,13.65,Regular,0.18454121,Canned,211.5902,OUT045,2002,,Tier 2,Supermarket Type1,4672.5844,206.5902
NCR38,17.25,Low Fat,0.114160573,Household,253.1724,OUT017,2007,,Tier 2,Supermarket Type1,3775.086,248.1724
DRF01,5.655,Low Fat,0.175352413,Soft Drinks,147.4102,OUT049,1999,Medium,Tier 1,Supermarket Type1,2478.7734,142.4102
FDF53,20.75,Regular,0.083590755,Frozen Foods,182.2318,OUT035,2004,Small,Tier 2,Supermarket Type1,3067.3406,177.2318
FDS45,5.175,Regular,0.029471408,Snack Foods,105.4622,OUT013,1987,High,Tier 3,Supermarket Type1,3281.7282,100.4622
FDR20,20,Regular,0.028282832,Fruits and Vegetables,46.2744,OUT017,2007,,Tier 2,Supermarket Type1,1086.5856,41.2744
FDY07,11.8,Low Fat,0,Fruits and Vegetables,46.5402,OUT010,1998,,Tier 3,Grocery Store,229.701,41.5402
FDD38,16.75,Regular,0.008208342,Canned,102.8674,OUT045,2002,,Tier 2,Supermarket Type1,1528.011,97.8674
DRF15,18.35,Low Fat,0.03334929,Dairy,155.034,OUT018,2009,Medium,Tier 3,Supermarket Type2,1990.742,150.034
FDH32,12.8,Low Fat,0.076060037,Fruits and Vegetables,95.141,OUT046,1997,Small,Tier 1,Supermarket Type1,868.869,90.141
NCJ42,19.75,Low Fat,0.014301326,Household,103.0332,OUT046,1997,Small,Tier 1,Supermarket Type1,1230.3984,98.0332
FDB56,8.75,Regular,0.074931201,Fruits and Vegetables,187.6556,OUT018,2009,Medium,Tier 3,Supermarket Type2,938.778,182.6556
FDD03,13.3,Low Fat,0.080131363,Dairy,234.03,OUT018,2009,Medium,Tier 3,Supermarket Type2,4194.54,229.03
NCL18,18.85,Low Fat,0.167444431,Household,194.6136,OUT013,1987,High,Tier 3,Supermarket Type1,1166.4816,189.6136
FDW22,9.695,Regular,0.03033748,Snack Foods,222.9114,OUT049,1999,Medium,Tier 1,Supermarket Type1,5764.4964,217.9114
FDE32,20.7,Low Fat,0.04874969,Fruits and Vegetables,37.5506,OUT035,2004,Small,Tier 2,Supermarket Type1,113.8518,32.5506
FDA34,,Low Fat,0.014788594,Starchy Foods,174.408,OUT027,1985,Medium,Tier 3,Supermarket Type3,7443.644,169.408
FDJ08,11.1,Low Fat,0.111298111,Fruits and Vegetables,191.7846,OUT017,2007,,Tier 2,Supermarket Type1,3057.3536,186.7846
FDG38,8.975,Regular,0.05268526,Canned,83.3224,OUT013,1987,High,Tier 3,Supermarket Type1,3579.3408,78.3224
FDD29,12.15,Low Fat,0.018485511,Frozen Foods,253.1698,OUT018,2009,Medium,Tier 3,Supermarket Type2,1522.0188,248.1698
NCE31,7.67,Low Fat,0.184689756,Household,35.4216,OUT013,1987,High,Tier 3,Supermarket Type1,450.0808,30.4216
FDS19,13.8,Regular,0.064153845,Fruits and Vegetables,76.9012,OUT013,1987,High,Tier 3,Supermarket Type1,607.2096,71.9012
FDU11,4.785,Low Fat,0.092516598,Breads,120.1098,OUT013,1987,High,Tier 3,Supermarket Type1,1325.6078,115.1098
FDL02,20,Regular,0.104245198,Canned,105.3622,OUT049,1999,Medium,Tier 1,Supermarket Type1,1270.3464,100.3622
FDO51,,Regular,0.041779181,Meat,43.4112,OUT027,1985,Medium,Tier 3,Supermarket Type3,1107.8912,38.4112
DRK23,8.395,Low Fat,0.07226985,Hard Drinks,254.104,OUT018,2009,Medium,Tier 3,Supermarket Type2,3542.056,249.104
FDO27,6.175,Regular,0.179806961,Meat,95.2752,OUT018,2009,Medium,Tier 3,Supermarket Type2,1534.0032,90.2752
FDB16,8.21,Low Fat,0.044995631,Dairy,89.2198,OUT049,1999,Medium,Tier 1,Supermarket Type1,1308.297,84.2198
FDA44,19.7,Low Fat,0.053523765,Fruits and Vegetables,55.393,OUT017,2007,,Tier 2,Supermarket Type1,1471.418,50.393
NCB18,19.6,Low Fat,0.041459372,Household,89.6514,OUT018,2009,Medium,Tier 3,Supermarket Type2,1239.7196,84.6514
NCL53,7.5,Low Fat,0.036234918,Health and Hygiene,175.3028,OUT046,1997,Small,Tier 1,Supermarket Type1,3896.2616,170.3028
FDR16,5.845,Regular,0.105445801,Frozen Foods,214.4218,OUT018,2009,Medium,Tier 3,Supermarket Type2,1496.0526,209.4218
NCQ05,11.395,LF,0,Health and Hygiene,151.6708,OUT013,1987,High,Tier 3,Supermarket Type1,3460.8284,146.6708
FDF44,7.17,Regular,0.05997133,Fruits and Vegetables,132.1968,OUT018,2009,Medium,Tier 3,Supermarket Type2,2870.9296,127.1968
FDU50,5.75,Regular,0.075595405,Dairy,114.7176,OUT017,2007,,Tier 2,Supermarket Type1,1259.6936,109.7176
FDG20,15.5,Regular,0.210375806,Fruits and Vegetables,178.2028,OUT010,1998,,Tier 3,Grocery Store,177.1028,173.2028
FDD58,7.76,Low Fat,0.059341019,Snack Foods,99.77,OUT035,2004,Small,Tier 2,Supermarket Type1,798.96,94.77
FDT01,13.65,Regular,0.18520944,Canned,212.9902,OUT017,2007,,Tier 2,Supermarket Type1,3185.853,207.9902
FDK15,10.8,Low Fat,0.098566832,Meat,98.3042,OUT049,1999,Medium,Tier 1,Supermarket Type1,1488.063,93.3042
FDJ08,11.1,Low Fat,0.11084417,Fruits and Vegetables,189.2846,OUT049,1999,Medium,Tier 1,Supermarket Type1,5159.2842,184.2846
FDS10,,Low Fat,0.0350152,Snack Foods,182.0318,OUT027,1985,Medium,Tier 3,Supermarket Type3,5954.2494,177.0318
FDJ55,12.8,Regular,0.023567538,Meat,226.8404,OUT049,1999,Medium,Tier 1,Supermarket Type1,4500.808,221.8404
FDU32,8.785,Low Fat,0,Fruits and Vegetables,123.0414,OUT010,1998,,Tier 3,Grocery Store,121.8414,118.0414
FDG09,20.6,Regular,0.04792722,Fruits and Vegetables,185.9556,OUT035,2004,Small,Tier 2,Supermarket Type1,4318.3788,180.9556
FDE39,7.89,Low Fat,0.036207786,Dairy,121.0782,OUT045,2002,,Tier 2,Supermarket Type1,3456.1678,116.0782
FDU56,16.85,Low Fat,0.044377096,Fruits and Vegetables,185.8266,OUT013,1987,High,Tier 3,Supermarket Type1,1659.8394,180.8266
NCH55,16.35,Low Fat,0.034742632,Household,127.402,OUT045,2002,,Tier 2,Supermarket Type1,759.012,122.402
FDX33,,Regular,0.116915909,Snack Foods,159.4578,OUT027,1985,Medium,Tier 3,Supermarket Type3,4974.1918,154.4578
FDR24,17.35,Regular,0.062979148,Baking Goods,87.983,OUT045,2002,,Tier 2,Supermarket Type1,1707.777,82.983
FDC33,,Regular,0.068604503,Fruits and Vegetables,197.3768,OUT027,1985,Medium,Tier 3,Supermarket Type3,7488.9184,192.3768
NCV54,,Low Fat,0.03294861,Household,116.8124,OUT027,1985,Medium,Tier 3,Supermarket Type3,2488.7604,111.8124
NCQ02,12.6,Low Fat,0.007450258,Household,186.7556,OUT013,1987,High,Tier 3,Supermarket Type1,2816.334,181.7556
NCU17,5.32,Low Fat,0.093027718,Health and Hygiene,101.4674,OUT049,1999,Medium,Tier 1,Supermarket Type1,2954.1546,96.4674
NCZ06,,Low Fat,0.164864915,Household,255.2698,OUT019,1985,Small,Tier 1,Grocery Store,761.0094,250.2698
FDV37,13,Regular,0.083498083,Canned,199.4426,OUT035,2004,Small,Tier 2,Supermarket Type1,593.2278,194.4426
DRH25,,Low Fat,0.014522363,Soft Drinks,50.2324,OUT027,1985,Medium,Tier 3,Supermarket Type3,1298.31,45.2324
NCI43,19.85,Low Fat,0.025963795,Household,46.3376,OUT035,2004,Small,Tier 2,Supermarket Type1,1150.5024,41.3376
NCQ53,17.6,Low Fat,0.019012262,Health and Hygiene,237.159,OUT017,2007,,Tier 2,Supermarket Type1,3072.667,232.159
NCT18,14.6,Low Fat,0.059393919,Household,181.7976,OUT035,2004,Small,Tier 2,Supermarket Type1,3259.7568,176.7976
FDF14,7.55,Low Fat,0.027212058,Canned,152.734,OUT049,1999,Medium,Tier 1,Supermarket Type1,2756.412,147.734
FDM14,13.8,Low Fat,0.013263968,Canned,106.9254,OUT046,1997,Small,Tier 1,Supermarket Type1,2930.1858,101.9254
FDX57,17.25,Regular,0.079113947,Snack Foods,99.2068,OUT010,1998,,Tier 3,Grocery Store,97.2068,94.2068
NCV05,10.1,Low Fat,0.03020851,Health and Hygiene,153.1656,OUT046,1997,Small,Tier 1,Supermarket Type1,1544.656,148.1656
FDX39,14.3,Regular,0.049634817,Meat,212.5586,OUT013,1987,High,Tier 3,Supermarket Type1,3165.879,207.5586
FDA23,9.8,Low Fat,0.047187038,Baking Goods,100.6016,OUT046,1997,Small,Tier 1,Supermarket Type1,1619.2256,95.6016
NCV06,11.3,Low Fat,0.066681333,Household,194.4478,OUT046,1997,Small,Tier 1,Supermarket Type1,387.4956,189.4478
NCE31,7.67,Low Fat,0.185218446,Household,36.3216,OUT045,2002,,Tier 2,Supermarket Type1,415.4592,31.3216
DRI39,13.8,Low Fat,0.162462044,Dairy,55.893,OUT010,1998,,Tier 3,Grocery Store,226.372,50.893
FDH21,10.395,Low Fat,0.031273559,Seafood,160.0604,OUT049,1999,Medium,Tier 1,Supermarket Type1,1267.6832,155.0604
FDR26,20.7,Low Fat,0.042836778,Dairy,175.8028,OUT046,1997,Small,Tier 1,Supermarket Type1,1593.9252,170.8028
FDA14,,Low Fat,0.114127418,Dairy,147.176,OUT019,1985,Small,Tier 1,Grocery Store,585.904,142.176
FDG21,17.35,Regular,0.146895866,Seafood,149.605,OUT018,2009,Medium,Tier 3,Supermarket Type2,3745.125,144.605
NCQ38,16.35,Low Fat,0.013420879,Others,104.828,OUT018,2009,Medium,Tier 3,Supermarket Type2,1810.976,99.828
FDN20,19.35,Low Fat,0.026181893,Fruits and Vegetables,167.0474,OUT046,1997,Small,Tier 1,Supermarket Type1,2358.2636,162.0474
NCN29,15.2,Low Fat,0.012184999,Health and Hygiene,50.3034,OUT017,2007,,Tier 2,Supermarket Type1,145.8102,45.3034
FDI28,14.3,Low Fat,0.026428924,Frozen Foods,78.2302,OUT018,2009,Medium,Tier 3,Supermarket Type2,554.6114,73.2302
FDA03,,Regular,0.045243613,Dairy,146.8102,OUT027,1985,Medium,Tier 3,Supermarket Type3,3499.4448,141.8102
FDZ28,20,Regular,0,Frozen Foods,127.3678,OUT046,1997,Small,Tier 1,Supermarket Type1,1780.3492,122.3678
FDO52,,Regular,0.076790922,Frozen Foods,172.1106,OUT027,1985,Medium,Tier 3,Supermarket Type3,2566.659,167.1106
FDU10,10.1,Regular,0.045950475,Snack Foods,38.2848,OUT017,2007,,Tier 2,Supermarket Type1,1230.3984,33.2848
FDP13,,Regular,0.133673087,Canned,41.548,OUT027,1985,Medium,Tier 3,Supermarket Type3,918.804,36.548
FDV02,,Low Fat,0.060252433,Dairy,170.7106,OUT027,1985,Medium,Tier 3,Supermarket Type3,3079.9908,165.7106
FDS28,8.18,reg,0.082529704,Frozen Foods,56.9588,OUT049,1999,Medium,Tier 1,Supermarket Type1,744.3644,51.9588
FDW49,19.5,Low Fat,0.082552214,Canned,179.8002,OUT046,1997,Small,Tier 1,Supermarket Type1,716.4008,174.8002
FDP33,18.7,Low Fat,0.089272253,Snack Foods,254.7672,OUT046,1997,Small,Tier 1,Supermarket Type1,5113.344,249.7672
FDJ03,12.35,Regular,0.072541731,Dairy,48.5692,OUT045,2002,,Tier 2,Supermarket Type1,886.8456,43.5692
FDQ51,16,Regular,0.017536671,Meat,45.5718,OUT013,1987,High,Tier 3,Supermarket Type1,1039.9796,40.5718
DRK23,8.395,Low Fat,0.072088552,Hard Drinks,253.704,OUT049,1999,Medium,Tier 1,Supermarket Type1,4554.072,248.704
FDU11,4.785,Low Fat,0.092781435,Breads,119.7098,OUT045,2002,,Tier 2,Supermarket Type1,1807.647,114.7098
NCK06,5.03,Low Fat,0.008644894,Household,122.6756,OUT035,2004,Small,Tier 2,Supermarket Type1,2665.8632,117.6756
FDY09,15.6,Low Fat,0.025342692,Snack Foods,174.3054,OUT017,2007,,Tier 2,Supermarket Type1,1751.054,169.3054
NCY18,7.285,Low Fat,0.031145743,Household,173.6054,OUT035,2004,Small,Tier 2,Supermarket Type1,2626.581,168.6054
FDA10,20.35,Low Fat,0,Snack Foods,120.9072,OUT049,1999,Medium,Tier 1,Supermarket Type1,1470.0864,115.9072
FDO34,17.7,Low Fat,0.030108283,Snack Foods,165.9816,OUT017,2007,,Tier 2,Supermarket Type1,4362.3216,160.9816
FDE38,,Low Fat,0.044391149,Canned,164.3842,OUT027,1985,Medium,Tier 3,Supermarket Type3,4476.1734,159.3842
FDF40,20.25,Regular,0.022639471,Dairy,248.4092,OUT017,2007,,Tier 2,Supermarket Type1,2241.0828,243.4092
FDY02,8.945,Regular,0,Dairy,264.791,OUT017,2007,,Tier 2,Supermarket Type1,4733.838,259.791
FDS03,,Low Fat,0.139419417,Meat,66.0826,OUT019,1985,Small,Tier 1,Grocery Store,258.3304,61.0826
FDB59,18.25,Low Fat,0.015278899,Snack Foods,199.0084,OUT046,1997,Small,Tier 1,Supermarket Type1,3174.5344,194.0084
NCQ42,20.35,Low Fat,0.039329257,Household,127.6678,OUT049,1999,Medium,Tier 1,Supermarket Type1,2924.8594,122.6678
FDO15,16.75,Regular,0.008579863,Meat,72.3038,OUT049,1999,Medium,Tier 1,Supermarket Type1,960.7494,67.3038
DRN47,12.1,Low Fat,0.028164527,Hard Drinks,178.166,OUT010,1998,,Tier 3,Grocery Store,539.298,173.166
FDA03,18.5,Regular,0,Dairy,144.2102,OUT035,2004,Small,Tier 2,Supermarket Type1,2041.3428,139.2102
FDA01,15,Regular,0.054367971,Canned,58.5904,OUT035,2004,Small,Tier 2,Supermarket Type1,996.0368,53.5904
FDB38,19.5,Regular,0.0273467,Canned,158.992,OUT046,1997,Small,Tier 1,Supermarket Type1,1757.712,153.992
FDT59,13.65,Low Fat,0.016001434,Breads,230.6668,OUT017,2007,,Tier 2,Supermarket Type1,1842.9344,225.6668
FDG08,13.15,Regular,0.165328057,Fruits and Vegetables,170.6764,OUT035,2004,Small,Tier 2,Supermarket Type1,3435.528,165.6764
FDV56,,Regular,0.013529884,Fruits and Vegetables,106.2596,OUT027,1985,Medium,Tier 3,Supermarket Type3,1402.1748,101.2596
FDY26,20.6,reg,0.030510526,Dairy,211.4244,OUT046,1997,Small,Tier 1,Supermarket Type1,7833.8028,206.4244
DRE13,6.28,Low Fat,0.027699863,Soft Drinks,87.9198,OUT035,2004,Small,Tier 2,Supermarket Type1,1221.0772,82.9198
FDE51,5.925,Regular,0.09646733,Dairy,42.8086,OUT046,1997,Small,Tier 1,Supermarket Type1,669.129,37.8086
FDL40,17.7,Low Fat,0.011636708,Frozen Foods,94.541,OUT045,2002,,Tier 2,Supermarket Type1,1061.951,89.541
FDD50,18.85,Low Fat,0.141642219,Canned,168.1132,OUT046,1997,Small,Tier 1,Supermarket Type1,2874.9244,163.1132
FDC04,,Low Fat,0.044767801,Dairy,241.8854,OUT027,1985,Medium,Tier 3,Supermarket Type3,4592.0226,236.8854
FDN15,17.5,Low Fat,0.028009382,Meat,141.718,OUT010,1998,,Tier 3,Grocery Store,419.454,136.718
FDC46,17.7,Low Fat,0.1164455,Snack Foods,182.8266,OUT013,1987,High,Tier 3,Supermarket Type1,5163.9448,177.8266
FDV56,16.1,Regular,0.013584408,Fruits and Vegetables,107.7596,OUT013,1987,High,Tier 3,Supermarket Type1,323.5788,102.7596
FDK43,9.8,Low Fat,0.026950104,Meat,128.402,OUT018,2009,Medium,Tier 3,Supermarket Type2,1265.02,123.402
NCR29,7.565,Low Fat,0.054751689,Health and Hygiene,54.793,OUT045,2002,,Tier 2,Supermarket Type1,622.523,49.793
FDY03,17.6,Regular,0.076121831,Meat,111.7202,OUT046,1997,Small,Tier 1,Supermarket Type1,1125.202,106.7202
FDU44,12.15,Regular,0.058516562,Fruits and Vegetables,164.1552,OUT049,1999,Medium,Tier 1,Supermarket Type1,5198.5664,159.1552
FDZ04,9.31,low fat,0.037923509,Frozen Foods,61.651,OUT013,1987,High,Tier 3,Supermarket Type1,379.506,56.651
FDU16,19.25,Regular,0.058365706,Frozen Foods,82.1908,OUT049,1999,Medium,Tier 1,Supermarket Type1,2432.8332,77.1908
FDV07,9.5,Low Fat,0.031346387,Fruits and Vegetables,110.7228,OUT045,2002,,Tier 2,Supermarket Type1,1657.842,105.7228
NCL19,15.35,Low Fat,0.015663185,Others,143.947,OUT013,1987,High,Tier 3,Supermarket Type1,3006.087,138.947
FDW01,,Low Fat,0.063750302,Canned,153.4682,OUT027,1985,Medium,Tier 3,Supermarket Type3,2287.023,148.4682
FDC10,,Regular,0.07252476,Snack Foods,120.3098,OUT027,1985,Medium,Tier 3,Supermarket Type3,1687.1372,115.3098
DRC12,17.85,Low Fat,0.038040837,Soft Drinks,189.1188,OUT017,2007,,Tier 2,Supermarket Type1,3237.1196,184.1188
DRK39,7.02,Low Fat,0.049823902,Dairy,82.225,OUT013,1987,High,Tier 3,Supermarket Type1,2746.425,77.225
FDG24,,Low Fat,0.014560297,Baking Goods,81.425,OUT027,1985,Medium,Tier 3,Supermarket Type3,1331.6,76.425
FDO04,,Low Fat,0.026408698,Frozen Foods,53.2614,OUT027,1985,Medium,Tier 3,Supermarket Type3,607.8754,48.2614
DRB25,12.3,Low Fat,0.069446588,Soft Drinks,106.3938,OUT035,2004,Small,Tier 2,Supermarket Type1,857.5504,101.3938
FDK26,5.46,Regular,0.03217132,Canned,184.824,OUT035,2004,Small,Tier 2,Supermarket Type1,4287.752,179.824
FDM52,15.1,Low Fat,0.026046138,Frozen Foods,147.2076,OUT045,2002,,Tier 2,Supermarket Type1,1773.6912,142.2076
FDY07,11.8,Low Fat,0.121848436,Fruits and Vegetables,46.8402,OUT045,2002,,Tier 2,Supermarket Type1,597.2226,41.8402
NCO06,19.25,Low Fat,0.108470504,Household,33.4558,OUT018,2009,Medium,Tier 3,Supermarket Type2,441.4254,28.4558
FDO10,13.65,Regular,0,Snack Foods,55.8588,OUT045,2002,,Tier 2,Supermarket Type1,1431.47,50.8588
FDK34,13.35,Low Fat,0.038494623,Snack Foods,240.2564,OUT013,1987,High,Tier 3,Supermarket Type1,2860.2768,235.2564
FDS33,,Regular,0.122830885,Snack Foods,86.9514,OUT027,1985,Medium,Tier 3,Supermarket Type3,3364.9532,81.9514
FDO45,13.15,Regular,0.038029746,Snack Foods,88.6856,OUT045,2002,,Tier 2,Supermarket Type1,1757.712,83.6856
FDF08,14.3,Regular,0.065207559,Fruits and Vegetables,89.8856,OUT046,1997,Small,Tier 1,Supermarket Type1,966.7416,84.8856
FDH58,12.3,Low Fat,0.037014587,Snack Foods,115.1834,OUT045,2002,,Tier 2,Supermarket Type1,1958.1178,110.1834
FDS03,7.825,Low Fat,0.133281968,Meat,63.2826,OUT010,1998,,Tier 3,Grocery Store,129.1652,58.2826
DRF03,19.1,Low Fat,0.045299563,Dairy,38.8138,OUT035,2004,Small,Tier 2,Supermarket Type1,365.5242,33.8138
FDE02,8.71,low fat,0.121149472,Canned,93.7778,OUT013,1987,High,Tier 3,Supermarket Type1,1783.6782,88.7778
NCZ06,19.6,Low Fat,0.094083303,Household,252.2698,OUT013,1987,High,Tier 3,Supermarket Type1,2790.3678,247.2698
FDW49,19.5,Low Fat,0,Canned,179.3002,OUT049,1999,Medium,Tier 1,Supermarket Type1,2328.3026,174.3002
FDR23,15.85,Low Fat,0,Breads,174.737,OUT017,2007,,Tier 2,Supermarket Type1,2822.992,169.737
NCJ29,,Low Fat,0.035022503,Health and Hygiene,85.1224,OUT027,1985,Medium,Tier 3,Supermarket Type3,2045.3376,80.1224
FDY35,17.6,Regular,0.016060186,Breads,47.2402,OUT045,2002,,Tier 2,Supermarket Type1,505.3422,42.2402
FDZ01,,Regular,0.009014978,Canned,102.699,OUT027,1985,Medium,Tier 3,Supermarket Type3,3095.97,97.699
FDX19,19.1,Low Fat,0.096733815,Fruits and Vegetables,233.1958,OUT046,1997,Small,Tier 1,Supermarket Type1,5141.3076,228.1958
FDG44,6.13,Low Fat,0.102607233,Fruits and Vegetables,54.0298,OUT018,2009,Medium,Tier 3,Supermarket Type2,808.947,49.0298
FDQ23,6.55,Low Fat,0.024521191,Breads,100.6332,OUT035,2004,Small,Tier 2,Supermarket Type1,2665.8632,95.6332
FDY22,16.5,Regular,0.160624116,Snack Foods,143.8128,OUT017,2007,,Tier 2,Supermarket Type1,2588.6304,138.8128
NCN41,17,Low Fat,0.052165855,Health and Hygiene,125.073,OUT013,1987,High,Tier 3,Supermarket Type1,1108.557,120.073
FDA47,10.5,Regular,0,Baking Goods,162.421,OUT045,2002,,Tier 2,Supermarket Type1,1304.968,157.421
NCD19,8.93,Low Fat,0,Household,55.4614,OUT045,2002,,Tier 2,Supermarket Type1,331.5684,50.4614
FDO36,,Low Fat,0.07753654,Baking Goods,180.866,OUT027,1985,Medium,Tier 3,Supermarket Type3,3235.788,175.866
FDH20,16.1,Regular,0.024928351,Fruits and Vegetables,95.141,OUT013,1987,High,Tier 3,Supermarket Type1,3089.312,90.141
FDN12,,LF,0.08071118,Baking Goods,113.1544,OUT027,1985,Medium,Tier 3,Supermarket Type3,3355.632,108.1544
NCJ30,5.82,Low Fat,0.080968973,Household,171.379,OUT018,2009,Medium,Tier 3,Supermarket Type2,2037.348,166.379
FDB09,16.25,Low Fat,0.057485328,Fruits and Vegetables,126.2046,OUT049,1999,Medium,Tier 1,Supermarket Type1,1867.569,121.2046
FDA09,13.35,Regular,0.149669322,Snack Foods,180.266,OUT045,2002,,Tier 2,Supermarket Type1,898.83,175.266
FDL24,,Regular,0.024776026,Baking Goods,172.3422,OUT027,1985,Medium,Tier 3,Supermarket Type3,7759.899,167.3422
FDP03,5.15,Regular,0.061165512,Meat,125.6388,OUT035,2004,Small,Tier 2,Supermarket Type1,2848.2924,120.6388
FDR58,,Low Fat,0.041718456,Snack Foods,94.5462,OUT027,1985,Medium,Tier 3,Supermarket Type3,2868.9322,89.5462
FDO13,7.865,Low Fat,0.06100886,Breakfast,166.0526,OUT013,1987,High,Tier 3,Supermarket Type1,3617.9572,161.0526
DRD49,9.895,Low Fat,0.167799329,Soft Drinks,239.4564,OUT035,2004,Small,Tier 2,Supermarket Type1,5243.8408,234.4564
NCF42,17.35,Low Fat,0.167351411,Household,176.0712,OUT035,2004,Small,Tier 2,Supermarket Type1,2109.2544,171.0712
DRK35,8.365,Low Fat,0.071832909,Hard Drinks,36.1506,OUT035,2004,Small,Tier 2,Supermarket Type1,721.0614,31.1506
FDR58,6.675,Low Fat,0.041886576,Snack Foods,92.1462,OUT013,1987,High,Tier 3,Supermarket Type1,1203.1006,87.1462
FDQ15,,Regular,0.150341867,Meat,83.1276,OUT027,1985,Medium,Tier 3,Supermarket Type3,1868.2348,78.1276
NCP50,17.35,Low Fat,0.020542737,Others,80.5618,OUT013,1987,High,Tier 3,Supermarket Type1,322.2472,75.5618
FDV45,16.75,Low Fat,0.045047439,Snack Foods,186.4556,OUT046,1997,Small,Tier 1,Supermarket Type1,3942.8676,181.4556
DRP35,18.85,Low Fat,0.091008572,Hard Drinks,129.6336,OUT049,1999,Medium,Tier 1,Supermarket Type1,3195.84,124.6336
FDN23,6.575,Regular,0.07549348,Breads,143.5444,OUT035,2004,Small,Tier 2,Supermarket Type1,3338.3212,138.5444
FDS44,12.65,Regular,0.156286566,Fruits and Vegetables,238.9538,OUT049,1999,Medium,Tier 1,Supermarket Type1,4086.0146,233.9538
NCI54,15.2,Low Fat,0.033735909,Household,110.9912,OUT018,2009,Medium,Tier 3,Supermarket Type2,1856.2504,105.9912
FDH40,,Regular,0.078547351,Frozen Foods,79.3276,OUT027,1985,Medium,Tier 3,Supermarket Type3,1380.8692,74.3276
FDF46,7.07,Low Fat,0.093653464,Snack Foods,113.3834,OUT035,2004,Small,Tier 2,Supermarket Type1,1267.0174,108.3834
FDA21,13.65,Low Fat,0.036107198,Snack Foods,184.4924,OUT018,2009,Medium,Tier 3,Supermarket Type2,5182.5872,179.4924
FDI41,,Regular,0.109003832,Frozen Foods,145.2418,OUT019,1985,Small,Tier 1,Grocery Store,147.1418,140.2418
FDE35,7.06,Regular,0.073480266,Starchy Foods,58.8904,OUT010,1998,,Tier 3,Grocery Store,58.5904,53.8904
DRJ24,11.8,Low Fat,0.113234914,Soft Drinks,186.3924,OUT013,1987,High,Tier 3,Supermarket Type1,5367.6796,181.3924
NCK17,,Low Fat,0.037711338,Health and Hygiene,41.548,OUT027,1985,Medium,Tier 3,Supermarket Type3,1358.232,36.548
FDA15,9.3,Low Fat,0.016054884,Dairy,250.2092,OUT045,2002,,Tier 2,Supermarket Type1,5976.2208,245.2092
FDD36,,Low Fat,0.021170542,Baking Goods,117.6124,OUT027,1985,Medium,Tier 3,Supermarket Type3,2251.7356,112.6124
DRD60,,Low Fat,0.065188619,Soft Drinks,181.1634,OUT019,1985,Small,Tier 1,Grocery Store,181.7634,176.1634
FDA46,13.6,Low Fat,0.117537563,Snack Foods,195.4136,OUT013,1987,High,Tier 3,Supermarket Type1,5443.5808,190.4136
NCO54,19.5,Low Fat,0.01430324,Household,57.2614,OUT045,2002,,Tier 2,Supermarket Type1,1547.3192,52.2614
FDL48,19.35,Regular,0.137697119,Baking Goods,47.1034,OUT010,1998,,Tier 3,Grocery Store,145.8102,42.1034
NCM19,,Low Fat,0.047008497,Others,112.0202,OUT027,1985,Medium,Tier 3,Supermarket Type3,5063.409,107.0202
FDS31,13.1,reg,0,Fruits and Vegetables,178.9318,OUT049,1999,Medium,Tier 1,Supermarket Type1,3067.3406,173.9318
FDV12,16.7,Regular,0.060863167,Baking Goods,97.6384,OUT035,2004,Small,Tier 2,Supermarket Type1,2857.6136,92.6384
FDQ31,5.785,Regular,0,Fruits and Vegetables,87.1856,OUT035,2004,Small,Tier 2,Supermarket Type1,1406.1696,82.1856
FDK55,,Low Fat,0.045105407,Meat,89.4172,OUT019,1985,Small,Tier 1,Grocery Store,178.4344,84.4172
DRG15,6.13,Low Fat,0.076855207,Dairy,59.3536,OUT049,1999,Medium,Tier 1,Supermarket Type1,1470.0864,54.3536
NCR17,9.8,Low Fat,0.024482644,Health and Hygiene,116.2492,OUT018,2009,Medium,Tier 3,Supermarket Type2,2896.23,111.2492
FDV01,,Regular,0,Canned,154.6314,OUT027,1985,Medium,Tier 3,Supermarket Type3,6515.5188,149.6314
FDT21,7.42,Low Fat,0.020474913,Snack Foods,248.4092,OUT018,2009,Medium,Tier 3,Supermarket Type2,996.0368,243.4092
FDT10,16.7,Regular,0.062044506,Snack Foods,57.4562,OUT046,1997,Small,Tier 1,Supermarket Type1,948.0992,52.4562
FDL56,,Low Fat,0.220225608,Fruits and Vegetables,85.6198,OUT019,1985,Small,Tier 1,Grocery Store,87.2198,80.6198
FDS49,9,Low Fat,0.079794329,Canned,80.1644,OUT017,2007,,Tier 2,Supermarket Type1,1178.466,75.1644
FDT32,,Regular,0.114916546,Fruits and Vegetables,188.4214,OUT019,1985,Small,Tier 1,Grocery Store,565.2642,183.4214
NCX42,6.36,Low Fat,0.00597362,Household,164.5526,OUT013,1987,High,Tier 3,Supermarket Type1,2137.8838,159.5526
FDX26,17.7,LF,0.146973462,Dairy,184.1292,OUT010,1998,,Tier 3,Grocery Store,547.2876,179.1292
FDN02,16.5,Low Fat,0.07376631,Canned,208.5638,OUT013,1987,High,Tier 3,Supermarket Type1,2691.8294,203.5638
FDJ40,,Regular,0.049349121,Frozen Foods,108.6912,OUT027,1985,Medium,Tier 3,Supermarket Type3,3057.3536,103.6912
FDU13,,low fat,0.328390948,Canned,146.0418,OUT019,1985,Small,Tier 1,Grocery Store,588.5672,141.0418
DRE27,11.85,Low Fat,0.13267058,Dairy,96.4726,OUT046,1997,Small,Tier 1,Supermarket Type1,978.726,91.4726
FDS27,10.195,Regular,0.012455787,Meat,197.511,OUT035,2004,Small,Tier 2,Supermarket Type1,2356.932,192.511
FDU44,,Regular,0.058142797,Fruits and Vegetables,162.1552,OUT027,1985,Medium,Tier 3,Supermarket Type3,3086.6488,157.1552
DRM59,,Low Fat,0.006289291,Hard Drinks,153.2998,OUT019,1985,Small,Tier 1,Grocery Store,461.3994,148.2998
FDT08,13.65,Low Fat,0.04929502,Fruits and Vegetables,150.505,OUT049,1999,Medium,Tier 1,Supermarket Type1,2696.49,145.505
FDL46,20.35,low fat,0.054362695,Snack Foods,117.9466,OUT017,2007,,Tier 2,Supermarket Type1,1649.8524,112.9466
NCV30,20.2,Low Fat,0.110356797,Household,62.051,OUT010,1998,,Tier 3,Grocery Store,126.502,57.051
FDP51,13.85,Regular,0.085274988,Meat,119.6124,OUT046,1997,Small,Tier 1,Supermarket Type1,2014.7108,114.6124
FDA51,8.05,Regular,0.164542555,Dairy,112.2518,OUT013,1987,High,Tier 3,Supermarket Type1,1707.777,107.2518
FDM46,7.365,Low Fat,0.160292264,Snack Foods,94.712,OUT045,2002,,Tier 2,Supermarket Type1,932.12,89.712
FDK02,12.5,Low Fat,0.112859454,Canned,118.344,OUT017,2007,,Tier 2,Supermarket Type1,2157.192,113.344
FDJ57,7.42,Regular,0.021569566,Seafood,184.8582,OUT035,2004,Small,Tier 2,Supermarket Type1,4643.955,179.8582
FDJ45,,Low Fat,0.073055148,Seafood,33.7216,OUT027,1985,Medium,Tier 3,Supermarket Type3,1280.9992,28.7216
NCB31,6.235,Low Fat,0.119345629,Household,261.991,OUT017,2007,,Tier 2,Supermarket Type1,2366.919,256.991
FDJ03,12.35,Regular,0.072334667,Dairy,49.1692,OUT013,1987,High,Tier 3,Supermarket Type1,886.8456,44.1692
FDT50,6.75,Regular,0.108148913,Dairy,95.6752,OUT013,1987,High,Tier 3,Supermarket Type1,958.752,90.6752
NCY41,16.75,Low Fat,0.07585337,Health and Hygiene,36.8532,OUT049,1999,Medium,Tier 1,Supermarket Type1,1150.5024,31.8532
FDJ60,19.35,Regular,0.062655235,Baking Goods,163.3184,OUT045,2002,,Tier 2,Supermarket Type1,2641.8944,158.3184
FDZ35,9.6,Regular,0.022278477,Breads,102.499,OUT046,1997,Small,Tier 1,Supermarket Type1,1547.985,97.499
FDS21,19.85,Regular,0.020961192,Snack Foods,62.0194,OUT018,2009,Medium,Tier 3,Supermarket Type2,619.194,57.0194
FDM52,15.1,Low Fat,0.025993423,Frozen Foods,147.4076,OUT046,1997,Small,Tier 1,Supermarket Type1,2808.3444,142.4076
FDQ08,,Regular,0.018838681,Fruits and Vegetables,62.9536,OUT027,1985,Medium,Tier 3,Supermarket Type3,2266.3832,57.9536
FDQ56,6.59,Low Fat,0.105577348,Fruits and Vegetables,85.6908,OUT035,2004,Small,Tier 2,Supermarket Type1,1929.4884,80.6908
FDS47,16.75,Low Fat,0.129086113,Breads,89.4856,OUT049,1999,Medium,Tier 1,Supermarket Type1,1054.6272,84.4856
DRM48,15.2,Low Fat,0.113125627,Soft Drinks,38.6848,OUT045,2002,,Tier 2,Supermarket Type1,1155.8288,33.6848
FDW46,13,Regular,0.070699313,Snack Foods,65.7484,OUT017,2007,,Tier 2,Supermarket Type1,1174.4712,60.7484
FDW27,5.86,Regular,0.151467821,Meat,154.1314,OUT018,2009,Medium,Tier 3,Supermarket Type2,3412.8908,149.1314
NCQ05,11.395,Low Fat,0.03616416,Health and Hygiene,150.1708,OUT010,1998,,Tier 3,Grocery Store,300.9416,145.1708
FDU40,20.85,Low Fat,0.062606583,Frozen Foods,192.2478,OUT010,1998,,Tier 3,Grocery Store,387.4956,187.2478
DRE12,,Low Fat,0.0704378,Soft Drinks,112.886,OUT027,1985,Medium,Tier 3,Supermarket Type3,2942.836,107.886
FDX35,5.035,Regular,0.079844043,Breads,226.3036,OUT013,1987,High,Tier 3,Supermarket Type1,4098.6648,221.3036
FDD51,11.15,Low Fat,0.120139206,Dairy,45.0744,OUT049,1999,Medium,Tier 1,Supermarket Type1,452.744,40.0744
FDY27,6.38,Low Fat,0.032028115,Dairy,178.3344,OUT018,2009,Medium,Tier 3,Supermarket Type2,3211.8192,173.3344
NCN06,8.39,Low Fat,0.120497266,Household,162.2868,OUT046,1997,Small,Tier 1,Supermarket Type1,2620.5888,157.2868
FDR57,5.675,Regular,0.023492524,Snack Foods,155.5288,OUT035,2004,Small,Tier 2,Supermarket Type1,1414.1592,150.5288
FDL32,15.7,Regular,0.122657336,Fruits and Vegetables,110.1544,OUT049,1999,Medium,Tier 1,Supermarket Type1,1565.9616,105.1544
FDW46,13,reg,0.070588037,Snack Foods,65.9484,OUT018,2009,Medium,Tier 3,Supermarket Type2,1043.9744,60.9484
NCO17,,Low Fat,0.073024401,Health and Hygiene,121.844,OUT027,1985,Medium,Tier 3,Supermarket Type3,3115.944,116.844
FDR19,13.5,Regular,0.159587755,Fruits and Vegetables,145.3102,OUT013,1987,High,Tier 3,Supermarket Type1,729.051,140.3102
FDJ33,8.895,Regular,0.088821765,Snack Foods,125.173,OUT017,2007,,Tier 2,Supermarket Type1,2956.152,120.173
FDB15,10.895,Low Fat,0.136810742,Dairy,263.0568,OUT046,1997,Small,Tier 1,Supermarket Type1,527.3136,258.0568
FDA52,16.2,Regular,0.128682722,Frozen Foods,178.437,OUT045,2002,,Tier 2,Supermarket Type1,1058.622,173.437
FDZ08,,Regular,0.109459733,Fruits and Vegetables,84.1592,OUT027,1985,Medium,Tier 3,Supermarket Type3,1320.9472,79.1592
FDR27,15.1,Regular,0.096644015,Meat,131.9942,OUT017,2007,,Tier 2,Supermarket Type1,3047.3666,126.9942
NCK42,7.475,Low Fat,0.013120028,Household,217.6192,OUT046,1997,Small,Tier 1,Supermarket Type1,1725.7536,212.6192
FDZ12,,Low Fat,0,Baking Goods,144.847,OUT019,1985,Small,Tier 1,Grocery Store,143.147,139.847
FDM60,10.8,Regular,0.048339408,Baking Goods,41.5138,OUT018,2009,Medium,Tier 3,Supermarket Type2,446.7518,36.5138
NCI31,20,Low Fat,0.08165845,Others,35.019,OUT018,2009,Medium,Tier 3,Supermarket Type2,585.904,30.019
FDX39,14.3,Regular,0.04975339,Meat,210.3586,OUT049,1999,Medium,Tier 1,Supermarket Type1,6331.758,205.3586
NCV05,10.1,Low Fat,0.030379382,Health and Hygiene,153.4656,OUT017,2007,,Tier 2,Supermarket Type1,1853.5872,148.4656
FDX16,17.85,LF,0.065810045,Frozen Foods,149.105,OUT046,1997,Small,Tier 1,Supermarket Type1,2247.075,144.105
DRK12,9.5,Low Fat,0,Soft Drinks,32.89,OUT010,1998,,Tier 3,Grocery Store,33.29,27.89
NCA05,20.75,Low Fat,0.025272781,Health and Hygiene,146.6734,OUT017,2007,,Tier 2,Supermarket Type1,445.4202,141.6734
DRG51,12.1,Low Fat,0.019314961,Dairy,164.6526,OUT010,1998,,Tier 3,Grocery Store,657.8104,159.6526
NCR30,20.6,Low Fat,0.071282168,Household,74.4696,OUT018,2009,Medium,Tier 3,Supermarket Type2,223.7088,69.4696
NCE31,7.67,Low Fat,0.184843579,Household,33.1216,OUT046,1997,Small,Tier 1,Supermarket Type1,727.0536,28.1216
FDM56,,Low Fat,0.122896411,Fruits and Vegetables,111.1912,OUT019,1985,Small,Tier 1,Grocery Store,218.3824,106.1912
FDP24,20.6,Low Fat,0.082935004,Baking Goods,119.5756,OUT013,1987,High,Tier 3,Supermarket Type1,2665.8632,114.5756
DRM37,15.35,Low Fat,0.161350176,Soft Drinks,196.6768,OUT010,1998,,Tier 3,Grocery Store,591.2304,191.6768
FDN56,5.46,Regular,0.106968096,Fruits and Vegetables,142.6786,OUT013,1987,High,Tier 3,Supermarket Type1,2311.6576,137.6786
DRE60,9.395,Low Fat,0.159582185,Soft Drinks,224.772,OUT049,1999,Medium,Tier 1,Supermarket Type1,7017.532,219.772
FDW49,,Low Fat,0.14453827,Canned,180.6002,OUT019,1985,Small,Tier 1,Grocery Store,895.501,175.6002
FDM20,10,Low Fat,0.038685802,Fruits and Vegetables,243.8144,OUT046,1997,Small,Tier 1,Supermarket Type1,4655.2736,238.8144
FDK15,,Low Fat,0.172309903,Meat,98.2042,OUT019,1985,Small,Tier 1,Grocery Store,198.4084,93.2042
FDK48,7.445,Low Fat,0.037690731,Baking Goods,73.3354,OUT049,1999,Medium,Tier 1,Supermarket Type1,451.4124,68.3354
FDO49,,Regular,0.05787008,Breakfast,49.7008,OUT019,1985,Small,Tier 1,Grocery Store,50.6008,44.7008
FDC09,15.5,Regular,0.026409147,Fruits and Vegetables,102.1332,OUT018,2009,Medium,Tier 3,Supermarket Type2,615.1992,97.1332
NCZ41,19.85,Low Fat,0.064367627,Health and Hygiene,126.1704,OUT013,1987,High,Tier 3,Supermarket Type1,876.1928,121.1704
FDP19,11.5,Low Fat,0.173516063,Fruits and Vegetables,128.1652,OUT046,1997,Small,Tier 1,Supermarket Type1,2454.1388,123.1652
FDQ24,,Low Fat,0.12898088,Baking Goods,250.4724,OUT019,1985,Small,Tier 1,Grocery Store,251.6724,245.4724
DRL11,10.5,Low Fat,0.048115543,Hard Drinks,159.0946,OUT045,2002,,Tier 2,Supermarket Type1,4102.6596,154.0946
FDO36,19.7,Low Fat,0.077899109,Baking Goods,177.766,OUT035,2004,Small,Tier 2,Supermarket Type1,2696.49,172.766
FDN52,,Regular,0.13093275,Frozen Foods,86.9198,OUT027,1985,Medium,Tier 3,Supermarket Type3,1569.9564,81.9198
FDF21,10.3,Regular,0.098464979,Fruits and Vegetables,188.653,OUT010,1998,,Tier 3,Grocery Store,189.753,183.653
FDU40,20.85,Low Fat,0.037372847,Frozen Foods,192.7478,OUT013,1987,High,Tier 3,Supermarket Type1,3099.9648,187.7478
FDS51,13.35,Low Fat,0.032230526,Meat,61.4194,OUT049,1999,Medium,Tier 1,Supermarket Type1,743.0328,56.4194
FDE45,12.1,Low Fat,0.040357315,Fruits and Vegetables,177.8002,OUT046,1997,Small,Tier 1,Supermarket Type1,1611.9018,172.8002
FDX50,20.1,Low Fat,0.07461309,Dairy,108.7228,OUT035,2004,Small,Tier 2,Supermarket Type1,1215.7508,103.7228
NCN14,,Low Fat,0.160936178,Others,184.2608,OUT019,1985,Small,Tier 1,Grocery Store,367.5216,179.2608
FDQ21,21.25,Low Fat,0.019502354,Snack Foods,120.8756,OUT018,2009,Medium,Tier 3,Supermarket Type2,3150.5656,115.8756
FDV57,,Regular,0.065577449,Snack Foods,181.766,OUT027,1985,Medium,Tier 3,Supermarket Type3,7370.406,176.766
FDB44,6.655,Low Fat,0.016944719,Fruits and Vegetables,209.2586,OUT013,1987,High,Tier 3,Supermarket Type1,2954.8204,204.2586
FDG52,13.65,Low Fat,0.065576228,Frozen Foods,47.7402,OUT013,1987,High,Tier 3,Supermarket Type1,643.1628,42.7402
FDL38,,Regular,0.02579577,Canned,88.4172,OUT019,1985,Small,Tier 1,Grocery Store,89.2172,83.4172
NCS54,13.6,Low Fat,0.010008699,Household,176.737,OUT049,1999,Medium,Tier 1,Supermarket Type1,4940.236,171.737
DRL37,15.5,Low Fat,0.053362086,Soft Drinks,41.577,OUT035,2004,Small,Tier 2,Supermarket Type1,735.709,36.577
FDA43,10.895,Low Fat,0.064621927,Fruits and Vegetables,196.6794,OUT013,1987,High,Tier 3,Supermarket Type1,1170.4764,191.6794
FDZ39,19.7,Regular,0.018126724,Meat,101.799,OUT017,2007,,Tier 2,Supermarket Type1,1135.189,96.799
FDG45,8.1,Low Fat,0,Fruits and Vegetables,211.8902,OUT018,2009,Medium,Tier 3,Supermarket Type2,3823.0236,206.8902
FDH10,21,Low Fat,0.049263979,Snack Foods,195.0478,OUT013,1987,High,Tier 3,Supermarket Type1,1549.9824,190.0478
FDO10,13.65,Regular,0.021343732,Snack Foods,58.3588,OUT010,1998,,Tier 3,Grocery Store,114.5176,53.3588
FDS35,,LF,0.110681931,Breads,63.2826,OUT027,1985,Medium,Tier 3,Supermarket Type3,1033.3216,58.2826
FDI41,,Regular,0.061955439,Frozen Foods,145.1418,OUT027,1985,Medium,Tier 3,Supermarket Type3,4561.3958,140.1418
FDN21,,LF,0.076483451,Snack Foods,163.1236,OUT027,1985,Medium,Tier 3,Supermarket Type3,2416.854,158.1236
NCO18,13.15,Low Fat,0.024701262,Household,176.8686,OUT045,2002,,Tier 2,Supermarket Type1,2133.2232,171.8686
FDB34,15.25,Low Fat,0.02671821,Snack Foods,85.2198,OUT018,2009,Medium,Tier 3,Supermarket Type2,1482.7366,80.2198
FDD05,19.35,Low Fat,0.016597651,Frozen Foods,121.5098,OUT013,1987,High,Tier 3,Supermarket Type1,2892.2352,116.5098
FDX59,,Low Fat,0.0514111,Breads,33.0558,OUT027,1985,Medium,Tier 3,Supermarket Type3,984.7182,28.0558
FDZ23,17.75,Regular,0.112985849,Baking Goods,185.424,OUT010,1998,,Tier 3,Grocery Store,745.696,180.424
FDX27,20.7,Regular,0.11411709,Dairy,92.7436,OUT046,1997,Small,Tier 1,Supermarket Type1,1323.6104,87.7436
FDV07,9.5,Low Fat,0,Fruits and Vegetables,110.4228,OUT017,2007,,Tier 2,Supermarket Type1,1547.3192,105.4228
FDR14,11.65,Low Fat,0.175033524,Dairy,55.5298,OUT017,2007,,Tier 2,Supermarket Type1,647.1576,50.5298
FDO01,21.1,Regular,0.020760673,Breakfast,128.7994,OUT045,2002,,Tier 2,Supermarket Type1,1798.9916,123.7994
FDO13,7.865,Low Fat,0.061405051,Breakfast,166.3526,OUT017,2007,,Tier 2,Supermarket Type1,1973.4312,161.3526
FDU25,12.35,Low Fat,0.026676216,Canned,57.0246,OUT035,2004,Small,Tier 2,Supermarket Type1,1737.738,52.0246
NCK54,,Low Fat,0.029380407,Household,114.715,OUT027,1985,Medium,Tier 3,Supermarket Type3,1864.24,109.715
FDZ56,16.25,Low Fat,0.025715562,Fruits and Vegetables,168.1474,OUT013,1987,High,Tier 3,Supermarket Type1,1516.0266,163.1474
NCL55,12.15,Low Fat,0.065026434,Others,253.704,OUT017,2007,,Tier 2,Supermarket Type1,5060.08,248.704
FDD59,10.5,Regular,0.066315023,Starchy Foods,78.296,OUT045,2002,,Tier 2,Supermarket Type1,2157.192,73.296
FDJ55,12.8,Regular,0.023664054,Meat,226.0404,OUT017,2007,,Tier 2,Supermarket Type1,5400.9696,221.0404
FDA45,,Low Fat,0.154627247,Snack Foods,177.637,OUT027,1985,Medium,Tier 3,Supermarket Type3,5469.547,172.637
DRF23,4.61,Low Fat,0.205294827,Hard Drinks,172.8396,OUT010,1998,,Tier 3,Grocery Store,174.4396,167.8396
FDT49,7,Low Fat,0.152261999,Canned,105.728,OUT017,2007,,Tier 2,Supermarket Type1,1278.336,100.728
NCO17,10,Low Fat,0,Health and Hygiene,120.644,OUT035,2004,Small,Tier 2,Supermarket Type1,1917.504,115.644
FDH22,6.405,Low Fat,0.136275173,Snack Foods,128.1678,OUT035,2004,Small,Tier 2,Supermarket Type1,1017.3424,123.1678
FDT34,9.3,Low Fat,0.174621343,Snack Foods,104.2964,OUT049,1999,Medium,Tier 1,Supermarket Type1,1998.7316,99.2964
FDB39,11.6,Low Fat,0.038597077,Dairy,57.9272,OUT045,2002,,Tier 2,Supermarket Type1,615.1992,52.9272
FDQ22,16.75,Low Fat,0.029799965,Snack Foods,39.1822,OUT045,2002,,Tier 2,Supermarket Type1,314.2576,34.1822
NCN43,12.15,Low Fat,0.011314423,Others,122.973,OUT010,1998,,Tier 3,Grocery Store,123.173,117.973
FDG57,14.7,Low Fat,0.072410764,Fruits and Vegetables,48.2034,OUT049,1999,Medium,Tier 1,Supermarket Type1,1020.6714,43.2034
FDR20,20,Regular,0.028118435,Fruits and Vegetables,46.7744,OUT035,2004,Small,Tier 2,Supermarket Type1,1222.4088,41.7744
FDU22,,Low Fat,0.163350221,Snack Foods,120.2124,OUT019,1985,Small,Tier 1,Grocery Store,474.0496,115.2124
NCC43,7.39,Low Fat,0.093307713,Household,250.9066,OUT017,2007,,Tier 2,Supermarket Type1,1506.0396,245.9066
FDP01,20.75,Regular,0.105994654,Breakfast,150.5682,OUT010,1998,,Tier 3,Grocery Store,762.341,145.5682
FDF52,9.3,Low Fat,0.067055339,Frozen Foods,184.2292,OUT018,2009,Medium,Tier 3,Supermarket Type2,1277.0044,179.2292
FDZ33,10.195,Low Fat,0.107376743,Snack Foods,147.6076,OUT035,2004,Small,Tier 2,Supermarket Type1,3547.3824,142.6076
FDP48,,Regular,0.043810028,Baking Goods,181.395,OUT027,1985,Medium,Tier 3,Supermarket Type3,6042.135,176.395
FDW56,7.68,Low Fat,0.118672537,Fruits and Vegetables,192.2162,OUT010,1998,,Tier 3,Grocery Store,384.8324,187.2162
FDC26,10.195,Low Fat,0.126897925,Canned,110.6886,OUT018,2009,Medium,Tier 3,Supermarket Type2,1223.0746,105.6886
FDF34,9.3,Regular,0.014076503,Snack Foods,200.0084,OUT018,2009,Medium,Tier 3,Supermarket Type2,2182.4924,195.0084
FDJ33,8.895,Regular,0.088305478,Snack Foods,123.473,OUT035,2004,Small,Tier 2,Supermarket Type1,1478.076,118.473
FDD04,16,Low Fat,0.090153756,Dairy,143.2154,OUT045,2002,,Tier 2,Supermarket Type1,1418.154,138.2154
NCJ31,19.2,Low Fat,0.182501773,Others,239.2196,OUT013,1987,High,Tier 3,Supermarket Type1,5061.4116,234.2196
FDO57,20.75,Low Fat,0.108710162,Snack Foods,161.7578,OUT046,1997,Small,Tier 1,Supermarket Type1,2888.2404,156.7578
FDM36,,Regular,0.058446424,Baking Goods,172.1422,OUT027,1985,Medium,Tier 3,Supermarket Type3,5518.1504,167.1422
NCY05,13.5,Low Fat,0.054990009,Health and Hygiene,35.2874,OUT046,1997,Small,Tier 1,Supermarket Type1,741.0354,30.2874
FDS44,,Regular,0.15528831,Fruits and Vegetables,241.7538,OUT027,1985,Medium,Tier 3,Supermarket Type3,9133.4444,236.7538
FDZ39,19.7,Regular,0.018021361,Meat,101.199,OUT035,2004,Small,Tier 2,Supermarket Type1,1857.582,96.199
NCM31,6.095,Low Fat,0.0816559,Others,143.3154,OUT017,2007,,Tier 2,Supermarket Type1,2836.308,138.3154
DRK11,8.21,Low Fat,0.010755465,Hard Drinks,150.8392,OUT013,1987,High,Tier 3,Supermarket Type1,2982.784,145.8392
FDO34,17.7,Low Fat,0.050111641,Snack Foods,165.9816,OUT010,1998,,Tier 3,Grocery Store,167.7816,160.9816
NCL30,18.1,Low Fat,0.048931174,Household,127.3336,OUT035,2004,Small,Tier 2,Supermarket Type1,1150.5024,122.3336
FDK28,5.695,Low Fat,0.065960909,Frozen Foods,259.2646,OUT017,2007,,Tier 2,Supermarket Type1,9275.9256,254.2646
DRJ39,20.25,Low Fat,0.036319195,Dairy,219.3482,OUT035,2004,Small,Tier 2,Supermarket Type1,5038.1086,214.3482
NCP06,,Low Fat,0.039055756,Household,152.3366,OUT027,1985,Medium,Tier 3,Supermarket Type3,2115.9124,147.3366
FDE33,,Regular,0.049395242,Fruits and Vegetables,80.3644,OUT027,1985,Medium,Tier 3,Supermarket Type3,1885.5456,75.3644
FDZ44,8.185,Low Fat,0.038789271,Fruits and Vegetables,115.6808,OUT049,1999,Medium,Tier 1,Supermarket Type1,703.0848,110.6808
FDV46,18.2,Low Fat,0.012659235,Snack Foods,140.718,OUT018,2009,Medium,Tier 3,Supermarket Type2,2656.542,135.718
NCO06,19.25,LF,0.108010006,Household,33.3558,OUT035,2004,Small,Tier 2,Supermarket Type1,713.0718,28.3558
DRG03,14.5,Low Fat,0.061934991,Dairy,154.4998,OUT013,1987,High,Tier 3,Supermarket Type1,1691.7978,149.4998
FDU37,9.5,Regular,0.104421237,Canned,80.196,OUT013,1987,High,Tier 3,Supermarket Type1,2157.192,75.196
FDI57,19.85,Low Fat,0.053980686,Seafood,196.8768,OUT013,1987,High,Tier 3,Supermarket Type1,2561.9984,191.8768
FDM45,8.655,Regular,0.088121336,Snack Foods,119.7756,OUT013,1987,High,Tier 3,Supermarket Type1,2059.9852,114.7756
FDC26,10.195,Low Fat,0.126359196,Canned,109.2886,OUT035,2004,Small,Tier 2,Supermarket Type1,1334.2632,104.2886
FDU14,,Low Fat,0.034584356,Dairy,248.375,OUT027,1985,Medium,Tier 3,Supermarket Type3,10236.675,243.375
FDB26,14,reg,0.031267496,Canned,51.464,OUT046,1997,Small,Tier 1,Supermarket Type1,692.432,46.464
FDC29,8.39,Regular,0.024304264,Frozen Foods,114.0176,OUT018,2009,Medium,Tier 3,Supermarket Type2,1488.7288,109.0176
FDY58,11.65,Low Fat,0.040144377,Snack Foods,228.9694,OUT017,2007,,Tier 2,Supermarket Type1,6622.7126,223.9694
FDR59,14.5,Regular,0.063851475,Breads,260.4594,OUT035,2004,Small,Tier 2,Supermarket Type1,3139.9128,255.4594
FDS03,,Low Fat,0.079243005,Meat,65.8826,OUT027,1985,Medium,Tier 3,Supermarket Type3,1614.565,60.8826
FDR43,18.2,Low Fat,0.161355122,Fruits and Vegetables,38.319,OUT013,1987,High,Tier 3,Supermarket Type1,585.904,33.319
FDZ25,,Regular,0.02748331,Canned,169.379,OUT027,1985,Medium,Tier 3,Supermarket Type3,5602.707,164.379
NCN26,10.85,Low Fat,0.028738058,Household,117.1808,OUT045,2002,,Tier 2,Supermarket Type1,703.0848,112.1808
FDO38,17.25,Low Fat,0.073135768,Canned,77.2986,OUT018,2009,Medium,Tier 3,Supermarket Type2,1012.6818,72.2986
FDP28,13.65,Regular,0.081096613,Frozen Foods,261.2936,OUT017,2007,,Tier 2,Supermarket Type1,3131.9232,256.2936
FDG31,12.15,Low Fat,0.063430788,Meat,65.4826,OUT010,1998,,Tier 3,Grocery Store,258.3304,60.4826
FDI45,13.1,LF,0.037549969,Fruits and Vegetables,176.1054,OUT013,1987,High,Tier 3,Supermarket Type1,4027.4242,171.1054
NCS54,13.6,Low Fat,0.016726506,Household,176.037,OUT010,1998,,Tier 3,Grocery Store,352.874,171.037
FDE17,20.1,Regular,0.054565932,Frozen Foods,152.2366,OUT045,2002,,Tier 2,Supermarket Type1,2418.1856,147.2366
NCG06,16.35,Low Fat,0.029445361,Household,257.6646,OUT046,1997,Small,Tier 1,Supermarket Type1,2061.3168,252.6646
FDQ57,,Low Fat,0.048932713,Snack Foods,144.476,OUT019,1985,Small,Tier 1,Grocery Store,146.476,139.476
NCB31,6.235,Low Fat,0.118651919,Household,263.991,OUT035,2004,Small,Tier 2,Supermarket Type1,4207.856,258.991
NCP29,8.42,Low Fat,0.112728355,Health and Hygiene,65.8168,OUT018,2009,Medium,Tier 3,Supermarket Type2,830.9184,60.8168
NCX29,,Low Fat,0.156094569,Health and Hygiene,144.3102,OUT019,1985,Small,Tier 1,Grocery Store,145.8102,139.3102
FDU37,9.5,Regular,0.104933928,Canned,78.796,OUT018,2009,Medium,Tier 3,Supermarket Type2,1198.44,73.796
FDM02,12.5,Regular,0.12341737,Canned,86.0198,OUT010,1998,,Tier 3,Grocery Store,87.2198,81.0198
FDN16,12.6,Regular,0.062700289,Frozen Foods,102.199,OUT046,1997,Small,Tier 1,Supermarket Type1,1960.781,97.199
FDR46,16.85,Low Fat,0.139417654,Snack Foods,147.476,OUT046,1997,Small,Tier 1,Supermarket Type1,2929.52,142.476
FDE50,,Regular,0.01612717,Canned,189.3556,OUT027,1985,Medium,Tier 3,Supermarket Type3,2253.0672,184.3556
FDL52,6.635,reg,0.077145553,Frozen Foods,39.8506,OUT010,1998,,Tier 3,Grocery Store,75.9012,34.8506
FDQ49,20.2,Regular,0.039215075,Breakfast,157.663,OUT013,1987,High,Tier 3,Supermarket Type1,2190.482,152.663
FDI14,14.1,Low Fat,0.089859642,Canned,140.2496,OUT045,2002,,Tier 2,Supermarket Type1,1693.7952,135.2496
FDS16,15.15,Regular,0.066121873,Frozen Foods,145.676,OUT013,1987,High,Tier 3,Supermarket Type1,3661.9,140.676
FDU15,13.65,Regular,0.026643448,Meat,37.9532,OUT049,1999,Medium,Tier 1,Supermarket Type1,862.8768,32.9532
NCG43,,Low Fat,0.073879939,Household,94.0462,OUT027,1985,Medium,Tier 3,Supermarket Type3,1850.924,89.0462
FDR23,,Low Fat,0.08139146,Breads,177.837,OUT027,1985,Medium,Tier 3,Supermarket Type3,6351.732,172.837
FDS52,,Low Fat,0.005448005,Frozen Foods,102.1016,OUT027,1985,Medium,Tier 3,Supermarket Type3,3542.056,97.1016
NCP18,12.15,Low Fat,0.028714747,Household,151.9708,OUT018,2009,Medium,Tier 3,Supermarket Type2,3611.2992,146.9708
DRF23,,Low Fat,0.122058364,Hard Drinks,172.8396,OUT027,1985,Medium,Tier 3,Supermarket Type3,7152.0236,167.8396
FDO09,13.5,Regular,0.125528734,Snack Foods,262.191,OUT045,2002,,Tier 2,Supermarket Type1,6048.793,257.191
FDB40,17.5,Regular,0.007555176,Dairy,145.9102,OUT045,2002,,Tier 2,Supermarket Type1,2187.153,140.9102
DRK37,,Low Fat,0.077046505,Soft Drinks,189.453,OUT019,1985,Small,Tier 1,Grocery Store,759.012,184.453
DRN11,7.85,Low Fat,0.162980276,Hard Drinks,145.2444,OUT046,1997,Small,Tier 1,Supermarket Type1,1451.444,140.2444
FDE22,9.695,Low Fat,0.029632784,Snack Foods,159.692,OUT045,2002,,Tier 2,Supermarket Type1,958.752,154.692
FDF04,17.5,Low Fat,0.013634468,Frozen Foods,256.4304,OUT035,2004,Small,Tier 2,Supermarket Type1,1808.3128,251.4304
FDE41,9.195,Regular,0.064376263,Frozen Foods,83.1566,OUT017,2007,,Tier 2,Supermarket Type1,1099.2358,78.1566
FDW08,,LF,0.147663025,Fruits and Vegetables,106.028,OUT027,1985,Medium,Tier 3,Supermarket Type3,1810.976,101.028
NCD54,21.1,Low Fat,0.029003459,Household,143.4786,OUT035,2004,Small,Tier 2,Supermarket Type1,2311.6576,138.4786
FDZ33,10.195,low fat,0.107834541,Snack Foods,146.5076,OUT018,2009,Medium,Tier 3,Supermarket Type2,1330.2684,141.5076
FDO23,17.85,Low Fat,0.146399663,Breads,93.8436,OUT035,2004,Small,Tier 2,Supermarket Type1,1418.154,88.8436
FDN34,15.6,Regular,0.04575559,Snack Foods,167.1132,OUT035,2004,Small,Tier 2,Supermarket Type1,2874.9244,162.1132
FDL39,16.1,Regular,0.063278652,Dairy,182.1318,OUT013,1987,High,Tier 3,Supermarket Type1,2345.6134,177.1318
FDT28,13.3,Low Fat,0.063664998,Frozen Foods,151.6708,OUT049,1999,Medium,Tier 1,Supermarket Type1,3912.2408,146.6708
FDH33,12.85,Low Fat,0.122221269,Snack Foods,45.9428,OUT018,2009,Medium,Tier 3,Supermarket Type2,1274.3412,40.9428
FDA34,11.5,Low Fat,0.014944614,Starchy Foods,171.808,OUT017,2007,,Tier 2,Supermarket Type1,5712.564,166.808
FDZ56,16.25,Low Fat,0.025732114,Fruits and Vegetables,166.4474,OUT035,2004,Small,Tier 2,Supermarket Type1,5390.3168,161.4474
DRH23,14.65,Low Fat,0.171281641,Hard Drinks,54.0614,OUT017,2007,,Tier 2,Supermarket Type1,1160.4894,49.0614
NCO18,13.15,Low Fat,0.024646608,Household,177.4686,OUT035,2004,Small,Tier 2,Supermarket Type1,5510.8266,172.4686
DRG27,8.895,Low Fat,0,Dairy,42.0138,OUT018,2009,Medium,Tier 3,Supermarket Type2,568.5932,37.0138
FDM28,15.7,Low Fat,0.075661985,Frozen Foods,181.366,OUT010,1998,,Tier 3,Grocery Store,179.766,176.366
NCY41,16.75,Low Fat,0.126765903,Health and Hygiene,35.7532,OUT010,1998,,Tier 3,Grocery Store,143.8128,30.7532
FDD21,10.3,Regular,0.030563449,Fruits and Vegetables,114.4176,OUT035,2004,Small,Tier 2,Supermarket Type1,2633.9048,109.4176
FDD44,8.05,Regular,0.078522357,Fruits and Vegetables,257.1646,OUT049,1999,Medium,Tier 1,Supermarket Type1,6183.9504,252.1646
FDP16,18.6,Low Fat,0.039294854,Frozen Foods,246.6802,OUT046,1997,Small,Tier 1,Supermarket Type1,2702.4822,241.6802
FDQ37,20.75,Low Fat,0.089260667,Breakfast,193.4478,OUT046,1997,Small,Tier 1,Supermarket Type1,4843.695,188.4478
NCY05,13.5,Low Fat,0.05510153,Health and Hygiene,37.0874,OUT045,2002,,Tier 2,Supermarket Type1,952.7598,32.0874
NCE07,8.18,low fat,0.013127548,Household,142.0154,OUT035,2004,Small,Tier 2,Supermarket Type1,1985.4156,137.0154
DRI51,17.25,Low Fat,0.042233642,Dairy,173.3764,OUT035,2004,Small,Tier 2,Supermarket Type1,2061.3168,168.3764
NCI31,20,Low Fat,0.081492092,Others,35.519,OUT045,2002,,Tier 2,Supermarket Type1,1025.332,30.519
FDK60,16.5,Regular,0,Baking Goods,96.2068,OUT046,1997,Small,Tier 1,Supermarket Type1,3013.4108,91.2068
FDY12,9.8,Regular,0.14061104,Baking Goods,49.8008,OUT046,1997,Small,Tier 1,Supermarket Type1,809.6128,44.8008
FDO38,17.25,Low Fat,0.072952298,Canned,76.0986,OUT049,1999,Medium,Tier 1,Supermarket Type1,623.1888,71.0986
FDP11,15.85,Low Fat,0.069087481,Breads,218.7166,OUT035,2004,Small,Tier 2,Supermarket Type1,1088.583,213.7166
FDC21,,Regular,0.075215349,Fruits and Vegetables,108.4254,OUT019,1985,Small,Tier 1,Grocery Store,217.0508,103.4254
NCF54,18,Low Fat,0.047645037,Household,172.6422,OUT017,2007,,Tier 2,Supermarket Type1,2931.5174,167.6422
FDC35,,Low Fat,0.122242847,Starchy Foods,207.5638,OUT027,1985,Medium,Tier 3,Supermarket Type3,4555.4036,202.5638
FDV43,16,Low Fat,0.076975118,Fruits and Vegetables,46.2086,OUT049,1999,Medium,Tier 1,Supermarket Type1,490.6946,41.2086
DRE12,4.59,Low Fat,0.070890602,Soft Drinks,111.686,OUT049,1999,Medium,Tier 1,Supermarket Type1,1584.604,106.686
DRE27,11.85,Low Fat,0.132560174,Dairy,97.2726,OUT013,1987,High,Tier 3,Supermarket Type1,782.9808,92.2726
DRC36,,Regular,0.044767032,Soft Drinks,173.7054,OUT027,1985,Medium,Tier 3,Supermarket Type3,5778.4782,168.7054
FDZ38,,Low Fat,0.007962273,Dairy,174.0422,OUT027,1985,Medium,Tier 3,Supermarket Type3,5173.266,169.0422
NCW42,18.2,LF,0.058799705,Household,220.7456,OUT017,2007,,Tier 2,Supermarket Type1,4420.912,215.7456
NCZ18,7.825,low fat,0.186445212,Household,255.5698,OUT045,2002,,Tier 2,Supermarket Type1,1522.0188,250.5698
FDL13,,Regular,0.098606543,Breakfast,232.73,OUT019,1985,Small,Tier 1,Grocery Store,932.12,227.73
NCN18,8.895,Low Fat,0.125222705,Household,113.3544,OUT018,2009,Medium,Tier 3,Supermarket Type2,1006.6896,108.3544
FDI41,18.5,reg,0.062609071,Frozen Foods,148.6418,OUT017,2007,,Tier 2,Supermarket Type1,1765.7016,143.6418
FDV22,14.85,Regular,0.009930514,Snack Foods,157.463,OUT013,1987,High,Tier 3,Supermarket Type1,2503.408,152.463
NCB43,,Low Fat,0.099428487,Household,187.8898,OUT027,1985,Medium,Tier 3,Supermarket Type3,7296.5022,182.8898
FDQ46,7.51,Low Fat,0.103793399,Snack Foods,110.1544,OUT035,2004,Small,Tier 2,Supermarket Type1,2684.5056,105.1544
FDC44,15.6,Low Fat,0,Fruits and Vegetables,111.9518,OUT049,1999,Medium,Tier 1,Supermarket Type1,2163.1842,106.9518
FDB22,8.02,Low Fat,0.111419588,Snack Foods,154.3998,OUT035,2004,Small,Tier 2,Supermarket Type1,3383.5956,149.3998
FDV23,11,Low Fat,0.106051405,Breads,124.4046,OUT045,2002,,Tier 2,Supermarket Type1,2241.0828,119.4046
FDK10,,Regular,0.04016342,Snack Foods,181.166,OUT027,1985,Medium,Tier 3,Supermarket Type3,3415.554,176.166
FDF05,17.5,Low Fat,0.026925385,Frozen Foods,264.391,OUT045,2002,,Tier 2,Supermarket Type1,5259.82,259.391
FDL33,7.235,Low Fat,0.099962524,Snack Foods,193.8452,OUT046,1997,Small,Tier 1,Supermarket Type1,1957.452,188.8452
FDD20,,Low Fat,0.020614212,Fruits and Vegetables,126.4046,OUT027,1985,Medium,Tier 3,Supermarket Type3,5353.6978,121.4046
NCM54,,Low Fat,0.050692386,Household,125.6678,OUT027,1985,Medium,Tier 3,Supermarket Type3,4832.3764,120.6678
FDW48,18,Low Fat,0.008589133,Baking Goods,81.0618,OUT017,2007,,Tier 2,Supermarket Type1,1450.1124,76.0618
DRF36,16.1,Low Fat,0.023673342,Soft Drinks,189.0846,OUT018,2009,Medium,Tier 3,Supermarket Type2,5350.3688,184.0846
NCM06,7.475,LF,0.075881475,Household,155.2656,OUT045,2002,,Tier 2,Supermarket Type1,2934.8464,150.2656
NCA54,16.5,Low Fat,0.061330521,Household,178.7318,OUT010,1998,,Tier 3,Grocery Store,360.8636,173.7318
FDT46,11.35,Low Fat,0.030869612,Snack Foods,49.8008,OUT045,2002,,Tier 2,Supermarket Type1,708.4112,44.8008
FDH20,16.1,Regular,0.024944396,Fruits and Vegetables,95.441,OUT035,2004,Small,Tier 2,Supermarket Type1,2220.443,90.441
FDT38,18.7,Low Fat,0.057654132,Dairy,83.1566,OUT045,2002,,Tier 2,Supermarket Type1,1606.5754,78.1566
NCI17,8.645,Low Fat,0.143713508,Health and Hygiene,96.641,OUT045,2002,,Tier 2,Supermarket Type1,868.869,91.641
FDO40,17.1,Low Fat,0.032812669,Frozen Foods,147.1392,OUT017,2007,,Tier 2,Supermarket Type1,2237.088,142.1392
FDP12,9.8,Regular,0.045266806,Baking Goods,36.9874,OUT046,1997,Small,Tier 1,Supermarket Type1,705.748,31.9874
FDI44,,Low Fat,0.099747488,Fruits and Vegetables,75.2328,OUT027,1985,Medium,Tier 3,Supermarket Type3,1544.656,70.2328
FDB21,,Low Fat,0,Fruits and Vegetables,242.9854,OUT027,1985,Medium,Tier 3,Supermarket Type3,6767.1912,237.9854
FDG16,15.25,Low Fat,0.089742065,Frozen Foods,213.7192,OUT013,1987,High,Tier 3,Supermarket Type1,1078.596,208.7192
NCZ42,10.5,Low Fat,0.011351778,Household,236.5248,OUT017,2007,,Tier 2,Supermarket Type1,4029.4216,231.5248
NCJ30,5.82,LF,0.081096613,Household,170.379,OUT017,2007,,Tier 2,Supermarket Type1,1018.674,165.379
FDV49,10,Low Fat,0.025827199,Canned,263.2226,OUT046,1997,Small,Tier 1,Supermarket Type1,3700.5164,258.2226
NCO43,5.5,LF,0,Others,103.1016,OUT045,2002,,Tier 2,Supermarket Type1,2024.032,98.1016
NCF18,18.35,Low Fat,0.148938624,Household,191.9504,OUT010,1998,,Tier 3,Grocery Store,767.0016,186.9504
NCX41,19,Low Fat,0,Health and Hygiene,211.0244,OUT010,1998,,Tier 3,Grocery Store,1482.0708,206.0244
FDY11,6.71,Regular,0.029535852,Baking Goods,67.5142,OUT013,1987,High,Tier 3,Supermarket Type1,593.2278,62.5142
FDU46,10.3,Regular,0.011143599,Snack Foods,88.254,OUT049,1999,Medium,Tier 1,Supermarket Type1,1125.202,83.254
NCI18,18.35,Low Fat,0.014045832,Household,222.7746,OUT049,1999,Medium,Tier 1,Supermarket Type1,1570.6222,217.7746
FDL38,13.8,reg,0.014730322,Canned,90.9172,OUT035,2004,Small,Tier 2,Supermarket Type1,2141.2128,85.9172
FDY60,10.5,Regular,0.026520107,Baking Goods,144.8128,OUT017,2007,,Tier 2,Supermarket Type1,2157.192,139.8128
FDF53,20.75,Regular,0.083736551,Frozen Foods,178.7318,OUT049,1999,Medium,Tier 1,Supermarket Type1,3428.2042,173.7318
NCM05,,Low Fat,0.059557164,Health and Hygiene,263.7226,OUT027,1985,Medium,Tier 3,Supermarket Type3,6872.3876,258.7226
FDR13,9.895,Regular,0.028837829,Canned,117.8492,OUT018,2009,Medium,Tier 3,Supermarket Type2,1506.0396,112.8492
FDA49,,Low Fat,0.113669629,Canned,89.0198,OUT019,1985,Small,Tier 1,Grocery Store,174.4396,84.0198
FDY52,,Low Fat,0.012865901,Frozen Foods,59.3536,OUT019,1985,Small,Tier 1,Grocery Store,122.5072,54.3536
FDL02,,Regular,0.182236555,Canned,107.1622,OUT019,1985,Small,Tier 1,Grocery Store,211.7244,102.1622
FDO24,11.1,Low Fat,0.176069023,Baking Goods,156.7604,OUT013,1987,High,Tier 3,Supermarket Type1,1901.5248,151.7604
FDM08,10.1,reg,0.053574075,Fruits and Vegetables,223.7088,OUT035,2004,Small,Tier 2,Supermarket Type1,2684.5056,218.7088
FDJ02,,Regular,0.044063785,Canned,147.2418,OUT019,1985,Small,Tier 1,Grocery Store,294.2836,142.2418
FDW40,14,Regular,0.105573769,Frozen Foods,143.9812,OUT018,2009,Medium,Tier 3,Supermarket Type2,1139.8496,138.9812
FDT46,,Low Fat,0.030657949,Snack Foods,50.5008,OUT027,1985,Medium,Tier 3,Supermarket Type3,1012.016,45.5008
FDY08,9.395,Regular,0.172042892,Fruits and Vegetables,139.9838,OUT017,2007,,Tier 2,Supermarket Type1,1966.7732,134.9838
FDM21,,Low Fat,0.064052392,Snack Foods,256.1646,OUT027,1985,Medium,Tier 3,Supermarket Type3,7472.2734,251.1646
FDH26,,Regular,0.034531702,Canned,142.2496,OUT027,1985,Medium,Tier 3,Supermarket Type3,2399.5432,137.2496
NCM42,6.13,Low Fat,0.028365524,Household,110.0912,OUT049,1999,Medium,Tier 1,Supermarket Type1,1637.868,105.0912
FDW13,8.5,Low Fat,0.097866209,Canned,51.1324,OUT035,2004,Small,Tier 2,Supermarket Type1,1350.2424,46.1324
FDN04,,Regular,0.01401884,Frozen Foods,178.1344,OUT027,1985,Medium,Tier 3,Supermarket Type3,3747.1224,173.1344
NCD07,9.1,Low Fat,0,Household,114.4518,OUT046,1997,Small,Tier 1,Supermarket Type1,1593.9252,109.4518
FDB34,15.25,Low Fat,0.044539371,Snack Foods,85.3198,OUT010,1998,,Tier 3,Grocery Store,261.6594,80.3198
FDD09,13.5,Low Fat,0,Fruits and Vegetables,179.9976,OUT013,1987,High,Tier 3,Supermarket Type1,4889.6352,174.9976
DRH59,10.8,low fat,0,Hard Drinks,72.338,OUT049,1999,Medium,Tier 1,Supermarket Type1,805.618,67.338
DRN36,15.2,Low Fat,0.050168354,Soft Drinks,95.3752,OUT035,2004,Small,Tier 2,Supermarket Type1,1438.128,90.3752
DRA24,19.35,Regular,0.040154087,Soft Drinks,164.6868,OUT017,2007,,Tier 2,Supermarket Type1,1146.5076,159.6868
FDY36,,Low Fat,0.009364957,Baking Goods,74.238,OUT027,1985,Medium,Tier 3,Supermarket Type3,1171.808,69.238
FDG34,11.5,Regular,0.037539164,Snack Foods,106.9254,OUT013,1987,High,Tier 3,Supermarket Type1,3038.7112,101.9254
FDK43,9.8,Low Fat,0.026992588,Meat,127.302,OUT017,2007,,Tier 2,Supermarket Type1,2277.036,122.302
NCM06,7.475,Low Fat,0.076156245,Household,156.4656,OUT017,2007,,Tier 2,Supermarket Type1,2008.0528,151.4656
FDK22,9.8,Low Fat,0.026192765,Snack Foods,215.685,OUT018,2009,Medium,Tier 3,Supermarket Type2,649.155,210.685
FDF21,,Regular,0.058542509,Fruits and Vegetables,188.353,OUT027,1985,Medium,Tier 3,Supermarket Type3,4364.319,183.353
FDO33,14.75,Low Fat,0.089686322,Snack Foods,115.3518,OUT018,2009,Medium,Tier 3,Supermarket Type2,1821.6288,110.3518
NCO43,5.5,Low Fat,0.047364617,Others,100.0016,OUT017,2007,,Tier 2,Supermarket Type1,708.4112,95.0016
FDX15,17.2,Low Fat,0.156269303,Meat,159.6578,OUT035,2004,Small,Tier 2,Supermarket Type1,3048.6982,154.6578
FDS10,19.2,Low Fat,0.035185588,Snack Foods,181.3318,OUT046,1997,Small,Tier 1,Supermarket Type1,1443.4544,176.3318
FDD46,,Low Fat,0.247321039,Snack Foods,152.3998,OUT019,1985,Small,Tier 1,Grocery Store,153.7998,147.3998
FDV22,14.85,Regular,0.009979271,Snack Foods,155.763,OUT018,2009,Medium,Tier 3,Supermarket Type2,3129.26,150.763
NCR29,7.565,Low Fat,0.054863459,Health and Hygiene,58.393,OUT018,2009,Medium,Tier 3,Supermarket Type2,509.337,53.393
FDU34,18.25,Low Fat,0.075620262,Snack Foods,123.8046,OUT017,2007,,Tier 2,Supermarket Type1,3486.1288,118.8046
FDZ35,9.6,Regular,0.02236923,Breads,104.799,OUT018,2009,Medium,Tier 3,Supermarket Type2,1341.587,99.799
FDA26,7.855,Regular,0.073906461,Dairy,218.4482,OUT035,2004,Small,Tier 2,Supermarket Type1,4819.0604,213.4482
FDP38,10.1,Low Fat,0.032283676,Canned,52.2008,OUT017,2007,,Tier 2,Supermarket Type1,759.012,47.2008
FDT22,10.395,Low Fat,0.11207602,Snack Foods,58.022,OUT035,2004,Small,Tier 2,Supermarket Type1,659.142,53.022
FDA50,16.25,Low Fat,0.087668236,Dairy,94.941,OUT017,2007,,Tier 2,Supermarket Type1,1737.738,89.941
FDY10,17.6,Low Fat,0.049067877,Snack Foods,115.6176,OUT046,1997,Small,Tier 1,Supermarket Type1,2519.3872,110.6176
FDC09,15.5,Regular,0.026355345,Fruits and Vegetables,100.8332,OUT045,2002,,Tier 2,Supermarket Type1,1537.998,95.8332
FDT19,7.59,Regular,0.145631695,Fruits and Vegetables,172.808,OUT018,2009,Medium,Tier 3,Supermarket Type2,2250.404,167.808
FDO34,,Low Fat,0.029793955,Snack Foods,167.2816,OUT027,1985,Medium,Tier 3,Supermarket Type3,5704.5744,162.2816
NCV54,11.1,Low Fat,0.033160417,Household,119.6124,OUT049,1999,Medium,Tier 1,Supermarket Type1,2251.7356,114.6124
FDH57,,Low Fat,0.035574413,Fruits and Vegetables,131.4284,OUT027,1985,Medium,Tier 3,Supermarket Type3,5404.9644,126.4284
FDA28,16.1,Regular,0.047801883,Frozen Foods,127.4362,OUT046,1997,Small,Tier 1,Supermarket Type1,2265.0516,122.4362
FDB05,5.155,Low Fat,0.083198341,Frozen Foods,246.0776,OUT046,1997,Small,Tier 1,Supermarket Type1,990.7104,241.0776
FDK45,,Low Fat,0.059281315,Seafood,111.586,OUT019,1985,Small,Tier 1,Grocery Store,339.558,106.586
DRH01,,Low Fat,0.171417316,Soft Drinks,173.0738,OUT019,1985,Small,Tier 1,Grocery Store,347.5476,168.0738
FDY52,6.365,Low Fat,0.007348286,Frozen Foods,62.8536,OUT046,1997,Small,Tier 1,Supermarket Type1,796.2968,57.8536
FDR48,11.65,LF,0,Baking Goods,152.6024,OUT035,2004,Small,Tier 2,Supermarket Type1,303.6048,147.6024
FDY15,18.25,Regular,0.170795745,Dairy,154.463,OUT035,2004,Small,Tier 2,Supermarket Type1,2190.482,149.463
FDM51,11.8,Regular,0.025966531,Meat,102.2674,OUT049,1999,Medium,Tier 1,Supermarket Type1,2444.8176,97.2674
FDR43,18.2,Low Fat,0.161489509,Fruits and Vegetables,37.619,OUT046,1997,Small,Tier 1,Supermarket Type1,366.19,32.619
FDW09,13.65,reg,0.025899245,Snack Foods,81.1302,OUT013,1987,High,Tier 3,Supermarket Type1,792.302,76.1302
FDV44,8.365,Regular,0.039906377,Fruits and Vegetables,191.3188,OUT049,1999,Medium,Tier 1,Supermarket Type1,1713.7692,186.3188
DRH37,,Low Fat,0.072864869,Soft Drinks,165.2526,OUT019,1985,Small,Tier 1,Grocery Store,822.263,160.2526
FDZ47,20.7,Regular,0.079419755,Baking Goods,99.8042,OUT049,1999,Medium,Tier 1,Supermarket Type1,1488.063,94.8042
NCP43,17.75,Low Fat,0.03050705,Others,180.366,OUT046,1997,Small,Tier 1,Supermarket Type1,2336.958,175.366
FDL26,18,Low Fat,0.073490977,Canned,157.3972,OUT018,2009,Medium,Tier 3,Supermarket Type2,778.986,152.3972
DRM35,9.695,Low Fat,0.070843019,Hard Drinks,177.7344,OUT017,2007,,Tier 2,Supermarket Type1,1605.9096,172.7344
FDM39,6.42,Low Fat,0.053688479,Dairy,178.3002,OUT018,2009,Medium,Tier 3,Supermarket Type2,2328.3026,173.3002
DRD15,10.6,Low Fat,0.056911107,Dairy,233.9642,OUT045,2002,,Tier 2,Supermarket Type1,3717.8272,228.9642
NCK06,5.03,Low Fat,0.014472516,Household,122.0756,OUT010,1998,,Tier 3,Grocery Store,121.1756,117.0756
FDV04,7.825,Regular,0.150319469,Frozen Foods,156.9288,OUT045,2002,,Tier 2,Supermarket Type1,1571.288,151.9288
FDG46,,Regular,0.032750291,Snack Foods,112.1518,OUT027,1985,Medium,Tier 3,Supermarket Type3,5351.0346,107.1518
FDO19,17.7,Regular,0.016622448,Fruits and Vegetables,50.2034,OUT049,1999,Medium,Tier 1,Supermarket Type1,1166.4816,45.2034
NCN05,8.235,Low Fat,0.014482153,Health and Hygiene,182.295,OUT049,1999,Medium,Tier 1,Supermarket Type1,3661.9,177.295
DRA12,11.6,Low Fat,0,Soft Drinks,141.6154,OUT045,2002,,Tier 2,Supermarket Type1,3829.0158,136.6154
FDJ02,17.2,Regular,0.025205909,Canned,149.1418,OUT049,1999,Medium,Tier 1,Supermarket Type1,1177.1344,144.1418
NCK17,11,Low Fat,0.037971697,Health and Hygiene,38.948,OUT045,2002,,Tier 2,Supermarket Type1,519.324,33.948
FDO58,19.6,Low Fat,0.039544237,Snack Foods,163.6526,OUT013,1987,High,Tier 3,Supermarket Type1,1151.1682,158.6526
FDB22,8.02,Low Fat,0.111613921,Snack Foods,152.6998,OUT049,1999,Medium,Tier 1,Supermarket Type1,3383.5956,147.6998
FDG33,5.365,Regular,0.140524691,Seafood,172.7764,OUT045,2002,,Tier 2,Supermarket Type1,2233.0932,167.7764
FDK58,11.35,Regular,0.045073782,Snack Foods,101.9016,OUT045,2002,,Tier 2,Supermarket Type1,2631.2416,96.9016
DRH49,,Low Fat,0.043168763,Soft Drinks,82.8592,OUT019,1985,Small,Tier 1,Grocery Store,165.1184,77.8592
FDT43,16.35,Low Fat,0.020547951,Fruits and Vegetables,51.2324,OUT046,1997,Small,Tier 1,Supermarket Type1,571.2564,46.2324
NCR38,17.25,Low Fat,0.113694957,Household,253.4724,OUT049,1999,Medium,Tier 1,Supermarket Type1,6040.1376,248.4724
DRI39,13.8,Low Fat,0.097043739,Dairy,57.493,OUT035,2004,Small,Tier 2,Supermarket Type1,1358.232,52.493
NCZ05,8.485,Low Fat,0.058121214,Health and Hygiene,104.499,OUT035,2004,Small,Tier 2,Supermarket Type1,1238.388,99.499
FDU21,11.8,reg,0.07665661,Snack Foods,32.3558,OUT013,1987,High,Tier 3,Supermarket Type1,169.779,27.3558
NCP54,15.35,Low Fat,0.035204319,Household,122.873,OUT049,1999,Medium,Tier 1,Supermarket Type1,2832.979,117.873
NCX29,10,Low Fat,0.089333332,Health and Hygiene,145.6102,OUT045,2002,,Tier 2,Supermarket Type1,2624.5836,140.6102
FDV01,19.2,Regular,0,Canned,153.3314,OUT017,2007,,Tier 2,Supermarket Type1,3257.7594,148.3314
NCS17,18.6,Low Fat,0.080956792,Health and Hygiene,95.2436,OUT017,2007,,Tier 2,Supermarket Type1,1796.3284,90.2436
NCN07,18.5,Low Fat,0.03391645,Others,130.9284,OUT013,1987,High,Tier 3,Supermarket Type1,1713.7692,125.9284
FDB14,20.25,Regular,0.102704495,Canned,94.312,OUT035,2004,Small,Tier 2,Supermarket Type1,2982.784,89.312
NCJ18,12.35,Low Fat,0.163910938,Household,119.2124,OUT035,2004,Small,Tier 2,Supermarket Type1,1303.6364,114.2124
FDF57,14.5,Regular,0.058827383,Fruits and Vegetables,172.2448,OUT046,1997,Small,Tier 1,Supermarket Type1,2897.5616,167.2448
DRG01,14.8,Low Fat,0.044840933,Soft Drinks,78.367,OUT013,1987,High,Tier 3,Supermarket Type1,918.804,73.367
FDA02,14,Regular,0.029843736,Dairy,143.9786,OUT018,2009,Medium,Tier 3,Supermarket Type2,866.8716,138.9786
DRJ37,10.8,Low Fat,0.061446997,Soft Drinks,150.4024,OUT017,2007,,Tier 2,Supermarket Type1,2884.2456,145.4024
NCP55,14.65,Low Fat,0.011180713,Others,53.8614,OUT013,1987,High,Tier 3,Supermarket Type1,221.0456,48.8614
FDW45,,Low Fat,0.038822077,Snack Foods,147.7418,OUT027,1985,Medium,Tier 3,Supermarket Type3,1618.5598,142.7418
FDK38,6.65,Low Fat,0.053397989,Canned,149.3734,OUT045,2002,,Tier 2,Supermarket Type1,296.9468,144.3734
NCZ30,6.59,Low Fat,0.043828293,Household,121.4098,OUT010,1998,,Tier 3,Grocery Store,241.0196,116.4098
FDK08,,Regular,0.214139786,Fruits and Vegetables,102.4016,OUT019,1985,Small,Tier 1,Grocery Store,202.4032,97.4016
DRY23,9.395,Regular,0.109075742,Soft Drinks,42.9112,OUT035,2004,Small,Tier 2,Supermarket Type1,426.112,37.9112
FDT31,19.75,Low Fat,0.012448294,Fruits and Vegetables,188.2872,OUT046,1997,Small,Tier 1,Supermarket Type1,2647.2208,183.2872
FDU52,7.56,Low Fat,0.064030636,Frozen Foods,154.463,OUT018,2009,Medium,Tier 3,Supermarket Type2,2503.408,149.463
NCG19,20.25,Low Fat,0.14781046,Household,234.8616,OUT013,1987,High,Tier 3,Supermarket Type1,2812.3392,229.8616
NCR30,20.6,Low Fat,0.071136948,Household,76.3696,OUT045,2002,,Tier 2,Supermarket Type1,372.848,71.3696
FDN23,6.575,Regular,0.07566089,Breads,145.4444,OUT045,2002,,Tier 2,Supermarket Type1,2612.5992,140.4444
FDQ01,19.7,Regular,0.16102755,Canned,254.1014,OUT045,2002,,Tier 2,Supermarket Type1,4845.0266,249.1014
FDO22,13.5,Regular,0.029893094,Snack Foods,81.096,OUT010,1998,,Tier 3,Grocery Store,159.792,76.096
DRE13,6.28,Low Fat,0.027761289,Soft Drinks,85.8198,OUT045,2002,,Tier 2,Supermarket Type1,872.198,80.8198
FDL44,18.25,Low Fat,0.012272797,Fruits and Vegetables,160.2894,OUT035,2004,Small,Tier 2,Supermarket Type1,3235.788,155.2894
FDT34,9.3,Low Fat,0.174317307,Snack Foods,106.7964,OUT035,2004,Small,Tier 2,Supermarket Type1,841.5712,101.7964
DRM23,16.6,Low Fat,0.135707553,Hard Drinks,170.6422,OUT035,2004,Small,Tier 2,Supermarket Type1,1379.5376,165.6422
FDF32,16.35,Low Fat,0.068219025,Fruits and Vegetables,198.9426,OUT045,2002,,Tier 2,Supermarket Type1,3559.3668,193.9426
NCE18,10,Low Fat,0.021468792,Household,251.675,OUT045,2002,,Tier 2,Supermarket Type1,4244.475,246.675
FDA51,,Regular,0.163882129,Dairy,113.2518,OUT027,1985,Medium,Tier 3,Supermarket Type3,3415.554,108.2518
DRZ24,7.535,Low Fat,0.082250143,Soft Drinks,118.344,OUT017,2007,,Tier 2,Supermarket Type1,3115.944,113.344
FDT48,4.92,Low Fat,0.046026479,Baking Goods,196.5084,OUT049,1999,Medium,Tier 1,Supermarket Type1,3769.7596,191.5084
DRG11,6.385,Low Fat,0,Hard Drinks,108.9596,OUT046,1997,Small,Tier 1,Supermarket Type1,1186.4556,103.9596
FDE58,18.5,Low Fat,0.052149675,Snack Foods,118.3124,OUT049,1999,Medium,Tier 1,Supermarket Type1,1540.6612,113.3124
DRA12,11.6,Low Fat,0.040911824,Soft Drinks,142.3154,OUT013,1987,High,Tier 3,Supermarket Type1,2552.6772,137.3154
FDP60,17.35,Low Fat,0.056235142,Baking Goods,102.0016,OUT017,2007,,Tier 2,Supermarket Type1,1619.2256,97.0016
FDT10,16.7,Regular,0.062170334,Snack Foods,60.9562,OUT045,2002,,Tier 2,Supermarket Type1,829.5868,55.9562
FDE05,10.895,Regular,0.032427039,Frozen Foods,147.7102,OUT013,1987,High,Tier 3,Supermarket Type1,1166.4816,142.7102
FDC32,18.35,Low Fat,0.099309997,Fruits and Vegetables,91.4462,OUT045,2002,,Tier 2,Supermarket Type1,1665.8316,86.4462
FDJ22,18.75,Low Fat,0.05310896,Snack Foods,193.6504,OUT017,2007,,Tier 2,Supermarket Type1,2876.256,188.6504
NCH18,9.3,Low Fat,0.044843161,Household,246.1802,OUT018,2009,Medium,Tier 3,Supermarket Type2,2702.4822,241.1802
DRE37,,Low Fat,0.164966345,Soft Drinks,189.4872,OUT019,1985,Small,Tier 1,Grocery Store,189.0872,184.4872
DRC13,8.26,Regular,0.032435437,Soft Drinks,124.873,OUT035,2004,Small,Tier 2,Supermarket Type1,2956.152,119.873
FDG47,12.8,Low Fat,0.06961884,Starchy Foods,260.3252,OUT046,1997,Small,Tier 1,Supermarket Type1,8132.0812,255.3252
FDY55,16.75,Low Fat,0.08165147,Fruits and Vegetables,258.3988,OUT018,2009,Medium,Tier 3,Supermarket Type2,1541.9928,253.3988
NCW29,,Low Fat,0.028723187,Health and Hygiene,131.831,OUT027,1985,Medium,Tier 3,Supermarket Type3,3635.268,126.831
NCT05,10.895,Low Fat,0.020994339,Health and Hygiene,255.6672,OUT045,2002,,Tier 2,Supermarket Type1,4346.3424,250.6672
FDN50,16.85,Regular,0.026561057,Canned,93.712,OUT049,1999,Medium,Tier 1,Supermarket Type1,466.06,88.712
FDU60,20,Regular,0.100262068,Baking Goods,169.6132,OUT010,1998,,Tier 3,Grocery Store,169.1132,164.6132
FDX02,16,Low Fat,0.057012606,Dairy,225.0404,OUT013,1987,High,Tier 3,Supermarket Type1,5851.0504,220.0404
FDL34,16,Low Fat,0.041009558,Snack Foods,141.2496,OUT049,1999,Medium,Tier 1,Supermarket Type1,2681.8424,136.2496
DRF27,8.93,low fat,0.028578012,Dairy,152.234,OUT017,2007,,Tier 2,Supermarket Type1,3828.35,147.234
FDZ35,9.6,Regular,0,Breads,101.699,OUT049,1999,Medium,Tier 1,Supermarket Type1,2373.577,96.699
DRF03,,Low Fat,0.045088724,Dairy,39.7138,OUT027,1985,Medium,Tier 3,Supermarket Type3,1096.5726,34.7138
NCO41,,Low Fat,0.018757586,Health and Hygiene,96.9384,OUT027,1985,Medium,Tier 3,Supermarket Type3,2167.8448,91.9384
FDQ59,9.8,Regular,0.056500895,Breads,85.8908,OUT045,2002,,Tier 2,Supermarket Type1,1845.5976,80.8908
NCZ53,9.6,Low Fat,0.024576875,Health and Hygiene,186.6214,OUT018,2009,Medium,Tier 3,Supermarket Type2,1884.214,181.6214
FDZ33,,Low Fat,0.188038372,Snack Foods,146.4076,OUT019,1985,Small,Tier 1,Grocery Store,147.8076,141.4076
FDD34,7.945,Low Fat,0.015908485,Snack Foods,161.421,OUT045,2002,,Tier 2,Supermarket Type1,3425.541,156.421
NCM06,7.475,Low Fat,0.075845634,Household,156.0656,OUT049,1999,Medium,Tier 1,Supermarket Type1,1853.5872,151.0656
FDY43,14.85,Low Fat,0.098803088,Fruits and Vegetables,169.7474,OUT018,2009,Medium,Tier 3,Supermarket Type2,673.7896,164.7474
DRM23,16.6,Low Fat,0.227189581,Hard Drinks,173.9422,OUT010,1998,,Tier 3,Grocery Store,172.4422,168.9422
FDT20,10.5,Low Fat,0.041459804,Fruits and Vegetables,39.2164,OUT049,1999,Medium,Tier 1,Supermarket Type1,540.6296,34.2164
FDG46,8.63,Regular,0.032882271,Snack Foods,113.5518,OUT013,1987,High,Tier 3,Supermarket Type1,2732.4432,108.5518
FDH10,21,Low Fat,0.049583899,Snack Foods,193.8478,OUT017,2007,,Tier 2,Supermarket Type1,1162.4868,188.8478
FDF24,15.5,Regular,0.02536567,Baking Goods,82.7934,OUT035,2004,Small,Tier 2,Supermarket Type1,1228.401,77.7934
FDG57,14.7,Low Fat,0.07229836,Fruits and Vegetables,48.2034,OUT046,1997,Small,Tier 1,Supermarket Type1,874.8612,43.2034
FDN44,13.15,LF,0.022924552,Fruits and Vegetables,157.892,OUT017,2007,,Tier 2,Supermarket Type1,1917.504,152.892
FDD32,17.7,Regular,0.040897932,Fruits and Vegetables,82.6276,OUT013,1987,High,Tier 3,Supermarket Type1,731.0484,77.6276
FDI04,,Regular,0.127660257,Frozen Foods,198.5426,OUT019,1985,Small,Tier 1,Grocery Store,790.9704,193.5426
FDA56,9.21,Low Fat,0.008764786,Fruits and Vegetables,123.1414,OUT046,1997,Small,Tier 1,Supermarket Type1,4264.449,118.1414
DRG51,12.1,Low Fat,0.011604894,Dairy,166.0526,OUT017,2007,,Tier 2,Supermarket Type1,1480.0734,161.0526
FDZ04,9.31,Low Fat,0.038169783,Frozen Foods,64.551,OUT017,2007,,Tier 2,Supermarket Type1,1581.275,59.551
FDT13,14.85,Low Fat,0.018568129,Canned,188.2214,OUT035,2004,Small,Tier 2,Supermarket Type1,3014.7424,183.2214
FDY56,,Regular,0.062109174,Fruits and Vegetables,223.7062,OUT027,1985,Medium,Tier 3,Supermarket Type3,4965.5364,218.7062
FDB51,6.92,LF,0.038671588,Dairy,64.2852,OUT017,2007,,Tier 2,Supermarket Type1,438.0964,59.2852
NCY29,13.65,Low Fat,0.077169841,Health and Hygiene,55.593,OUT013,1987,High,Tier 3,Supermarket Type1,282.965,50.593
FDL34,16,Low Fat,0.041028937,Snack Foods,142.6496,OUT045,2002,,Tier 2,Supermarket Type1,1834.9448,137.6496
NCQ38,16.35,Low Fat,0.013387211,Others,105.628,OUT049,1999,Medium,Tier 1,Supermarket Type1,1065.28,100.628
NCR41,,Low Fat,0.017936715,Health and Hygiene,93.7094,OUT027,1985,Medium,Tier 3,Supermarket Type3,4189.2136,88.7094
FDY24,4.88,Regular,0.223440258,Baking Goods,52.2298,OUT010,1998,,Tier 3,Grocery Store,161.7894,47.2298
NCA42,6.965,Low Fat,0,Household,159.6604,OUT045,2002,,Tier 2,Supermarket Type1,3327.6684,154.6604
FDB11,16,Low Fat,0.060942632,Starchy Foods,225.6404,OUT049,1999,Medium,Tier 1,Supermarket Type1,2925.5252,220.6404
FDG26,18.85,Low Fat,0.042641788,Canned,257.833,OUT035,2004,Small,Tier 2,Supermarket Type1,5382.993,252.833
FDH24,20.7,Low Fat,0.021427082,Baking Goods,156.5288,OUT035,2004,Small,Tier 2,Supermarket Type1,1571.288,151.5288
FDX44,9.3,Low Fat,0.042930789,Fruits and Vegetables,88.5172,OUT013,1987,High,Tier 3,Supermarket Type1,1427.4752,83.5172
FDT52,9.695,Regular,0.047697859,Frozen Foods,244.6144,OUT017,2007,,Tier 2,Supermarket Type1,2695.1584,239.6144
FDT04,17.25,Low Fat,0.10764721,Frozen Foods,39.3822,OUT017,2007,,Tier 2,Supermarket Type1,314.2576,34.3822
FDO58,19.6,Low Fat,0.039577173,Snack Foods,166.1526,OUT046,1997,Small,Tier 1,Supermarket Type1,2960.1468,161.1526
FDR60,14.3,Low Fat,0.130415118,Baking Goods,75.9328,OUT046,1997,Small,Tier 1,Supermarket Type1,1158.492,70.9328
NCL54,12.6,Low Fat,0.082921642,Household,175.2054,OUT045,2002,,Tier 2,Supermarket Type1,3502.108,170.2054
FDW50,13.1,Low Fat,0.075515154,Dairy,167.2158,OUT013,1987,High,Tier 3,Supermarket Type1,3008.0844,162.2158
FDK43,,Low Fat,0.046994717,Meat,125.802,OUT019,1985,Small,Tier 1,Grocery Store,253.004,120.802
FDQ32,17.85,Regular,0.04679836,Fruits and Vegetables,123.8388,OUT018,2009,Medium,Tier 3,Supermarket Type2,866.8716,118.8388
FDE29,8.905,LF,0.143129124,Frozen Foods,58.8878,OUT046,1997,Small,Tier 1,Supermarket Type1,1151.1682,53.8878
NCN07,18.5,Low Fat,0.034013539,Others,133.2284,OUT045,2002,,Tier 2,Supermarket Type1,2768.3964,128.2284
FDB37,20.25,Regular,0.022921735,Baking Goods,240.7538,OUT013,1987,High,Tier 3,Supermarket Type1,3364.9532,235.7538
FDD21,10.3,Regular,0.030616757,Fruits and Vegetables,112.7176,OUT049,1999,Medium,Tier 1,Supermarket Type1,343.5528,107.7176
FDX16,17.85,Low Fat,0.06575528,Frozen Foods,151.505,OUT013,1987,High,Tier 3,Supermarket Type1,2546.685,146.505
FDN46,7.21,Regular,0.144856342,Snack Foods,100.5332,OUT049,1999,Medium,Tier 1,Supermarket Type1,1127.8652,95.5332
FDV28,16.1,Regular,0.267352587,Frozen Foods,34.9558,OUT010,1998,,Tier 3,Grocery Store,67.9116,29.9558
FDR48,,Low Fat,0.130867413,Baking Goods,150.8024,OUT027,1985,Medium,Tier 3,Supermarket Type3,4402.2696,145.8024
FDW37,,Low Fat,0.123449671,Canned,89.7488,OUT027,1985,Medium,Tier 3,Supermarket Type3,1901.5248,84.7488
FDV40,17.35,Low Fat,0.014689006,Frozen Foods,74.5038,OUT035,2004,Small,Tier 2,Supermarket Type1,739.038,69.5038
FDZ57,10,Regular,0.037918142,Snack Foods,129.6994,OUT018,2009,Medium,Tier 3,Supermarket Type2,1413.4934,124.6994
FDY46,18.6,Low Fat,0.047964395,Snack Foods,185.0898,OUT049,1999,Medium,Tier 1,Supermarket Type1,2993.4368,180.0898
FDX45,16.75,Low Fat,0.105018817,Snack Foods,155.263,OUT049,1999,Medium,Tier 1,Supermarket Type1,1721.093,150.263
FDB33,17.75,Low Fat,0.014577412,Fruits and Vegetables,160.7262,OUT035,2004,Small,Tier 2,Supermarket Type1,2864.2716,155.7262
FDT58,9,Low Fat,0.143870574,Snack Foods,169.4816,OUT010,1998,,Tier 3,Grocery Store,503.3448,164.4816
FDM39,6.42,Low Fat,0.053553794,Dairy,178.6002,OUT049,1999,Medium,Tier 1,Supermarket Type1,3582.004,173.6002
NCY41,16.75,LF,0.075889215,Health and Hygiene,37.6532,OUT045,2002,,Tier 2,Supermarket Type1,575.2512,32.6532
NCL31,7.39,Low Fat,0.120280989,Others,142.747,OUT046,1997,Small,Tier 1,Supermarket Type1,3149.234,137.747
NCJ31,19.2,Low Fat,0.182653772,Others,243.0196,OUT046,1997,Small,Tier 1,Supermarket Type1,3374.2744,238.0196
FDO23,,Low Fat,0.25637539,Breads,94.8436,OUT019,1985,Small,Tier 1,Grocery Store,567.2616,89.8436
FDN56,5.46,Regular,0.107036943,Fruits and Vegetables,144.2786,OUT035,2004,Small,Tier 2,Supermarket Type1,288.9572,139.2786
FDF04,17.5,Low Fat,0,Frozen Foods,258.3304,OUT013,1987,High,Tier 3,Supermarket Type1,3358.2952,253.3304
FDJ44,12.3,Regular,0.106238768,Fruits and Vegetables,176.1396,OUT013,1987,High,Tier 3,Supermarket Type1,3663.2316,171.1396
FDS50,17,Low Fat,0.055545797,Dairy,220.5114,OUT045,2002,,Tier 2,Supermarket Type1,5321.0736,215.5114
NCQ41,,Low Fat,0.019386057,Health and Hygiene,194.5794,OUT027,1985,Medium,Tier 3,Supermarket Type3,3511.4292,189.5794
FDA49,19.7,Low Fat,0.064921764,Canned,88.1198,OUT046,1997,Small,Tier 1,Supermarket Type1,1744.396,83.1198
NCZ06,19.6,Low Fat,0.094694278,Household,254.9698,OUT017,2007,,Tier 2,Supermarket Type1,2536.698,249.9698
NCM43,14.5,Low Fat,0.019554705,Others,162.421,OUT018,2009,Medium,Tier 3,Supermarket Type2,1957.452,157.421
FDH19,19.35,Low Fat,0.033060937,Meat,172.4738,OUT013,1987,High,Tier 3,Supermarket Type1,1911.5118,167.4738
FDS15,9.195,Regular,0.078181964,Meat,106.7596,OUT049,1999,Medium,Tier 1,Supermarket Type1,4098.6648,101.7596
FDO50,16.25,LF,0,Canned,90.2804,OUT018,2009,Medium,Tier 3,Supermarket Type2,1653.8472,85.2804
FDJ20,20.7,Regular,0.100583009,Fruits and Vegetables,123.5388,OUT018,2009,Medium,Tier 3,Supermarket Type2,1981.4208,118.5388
NCI31,20,low fat,0.136124989,Others,38.319,OUT010,1998,,Tier 3,Grocery Store,146.476,33.319
FDU20,,Regular,0.021353642,Fruits and Vegetables,122.1098,OUT027,1985,Medium,Tier 3,Supermarket Type3,3374.2744,117.1098
DRK13,11.8,Low Fat,0.115167579,Soft Drinks,199.8084,OUT046,1997,Small,Tier 1,Supermarket Type1,2380.9008,194.8084
DRJ24,11.8,Low Fat,0.113559058,Soft Drinks,184.2924,OUT045,2002,,Tier 2,Supermarket Type1,1850.924,179.2924
FDI20,19.1,Low Fat,0.038641968,Fruits and Vegetables,212.1586,OUT045,2002,,Tier 2,Supermarket Type1,5909.6408,207.1586
FDF10,15.5,Regular,0.157246634,Snack Foods,145.6418,OUT045,2002,,Tier 2,Supermarket Type1,2207.127,140.6418
FDQ45,9.5,Regular,0.010917052,Snack Foods,185.3608,OUT046,1997,Small,Tier 1,Supermarket Type1,2021.3688,180.3608
FDQ10,12.85,Low Fat,0.033172957,Snack Foods,172.0422,OUT035,2004,Small,Tier 2,Supermarket Type1,5345.7082,167.0422
FDM36,11.65,Regular,0.058719726,Baking Goods,171.1422,OUT035,2004,Small,Tier 2,Supermarket Type1,2931.5174,166.1422
FDN12,15.6,Low Fat,0,Baking Goods,111.8544,OUT018,2009,Medium,Tier 3,Supermarket Type2,1454.1072,106.8544
FDD50,18.85,Low Fat,0.141524348,Canned,168.4132,OUT013,1987,High,Tier 3,Supermarket Type1,2874.9244,163.4132
FDG17,6.865,Regular,0.035895934,Frozen Foods,244.4486,OUT049,1999,Medium,Tier 1,Supermarket Type1,6353.0636,239.4486
FDY58,11.65,Low Fat,0.039980644,Snack Foods,227.3694,OUT049,1999,Medium,Tier 1,Supermarket Type1,4567.388,222.3694
NCK29,,Low Fat,0,Health and Hygiene,123.473,OUT019,1985,Small,Tier 1,Grocery Store,369.519,118.473
FDM32,20.5,Low Fat,0,Fruits and Vegetables,90.883,OUT010,1998,,Tier 3,Grocery Store,89.883,85.883
FDL46,20.35,Low Fat,0.054056927,Snack Foods,116.8466,OUT046,1997,Small,Tier 1,Supermarket Type1,2356.932,111.8466
FDC51,10.895,Regular,0.009636821,Dairy,121.873,OUT049,1999,Medium,Tier 1,Supermarket Type1,2463.46,116.873
FDF16,7.3,Low Fat,0.086266286,Frozen Foods,147.2076,OUT049,1999,Medium,Tier 1,Supermarket Type1,1921.4988,142.2076
NCV54,11.1,Low Fat,0.033081389,Household,116.5124,OUT013,1987,High,Tier 3,Supermarket Type1,1066.6116,111.5124
FDE35,7.06,Regular,0.043989429,Starchy Foods,60.2904,OUT045,2002,,Tier 2,Supermarket Type1,644.4944,55.2904
FDA23,9.8,Low Fat,0.047178116,Baking Goods,99.4016,OUT035,2004,Small,Tier 2,Supermarket Type1,2428.8384,94.4016
FDI46,9.5,Low Fat,0.074496043,Snack Foods,251.9724,OUT045,2002,,Tier 2,Supermarket Type1,2516.724,246.9724
FDZ21,17.6,Regular,0.039189221,Snack Foods,97.341,OUT013,1987,High,Tier 3,Supermarket Type1,965.41,92.341
DRK13,11.8,Low Fat,0.115819014,Soft Drinks,198.3084,OUT017,2007,,Tier 2,Supermarket Type1,4563.3932,193.3084
FDX36,9.695,Regular,0.129008866,Baking Goods,226.9404,OUT017,2007,,Tier 2,Supermarket Type1,2700.4848,221.9404
FDY22,16.5,Regular,0.160371305,Snack Foods,143.9128,OUT018,2009,Medium,Tier 3,Supermarket Type2,1581.9408,138.9128
FDR32,,Regular,0.085392428,Fruits and Vegetables,226.7694,OUT027,1985,Medium,Tier 3,Supermarket Type3,6165.9738,221.7694
DRF25,9,Low Fat,0.038925251,Soft Drinks,34.919,OUT046,1997,Small,Tier 1,Supermarket Type1,476.047,29.919
FDK20,12.6,Regular,0.041557653,Fruits and Vegetables,124.5072,OUT046,1997,Small,Tier 1,Supermarket Type1,2450.144,119.5072
DRI11,,Low Fat,0.060237465,Hard Drinks,115.9834,OUT019,1985,Small,Tier 1,Grocery Store,345.5502,110.9834
FDH05,14.35,Regular,0.091098018,Frozen Foods,233.5984,OUT045,2002,,Tier 2,Supermarket Type1,1853.5872,228.5984
FDA46,13.6,Low Fat,0.117874024,Snack Foods,193.6136,OUT045,2002,,Tier 2,Supermarket Type1,4471.5128,188.6136
DRD24,13.85,Low Fat,0.030795085,Soft Drinks,143.3154,OUT046,1997,Small,Tier 1,Supermarket Type1,1985.4156,138.3154
FDL39,16.1,Regular,0.063689583,Dairy,181.9318,OUT017,2007,,Tier 2,Supermarket Type1,5954.2494,176.9318
FDD52,18.25,Regular,0.184041545,Dairy,110.157,OUT018,2009,Medium,Tier 3,Supermarket Type2,1867.569,105.157
FDR55,12.15,reg,0.13283066,Fruits and Vegetables,190.6872,OUT017,2007,,Tier 2,Supermarket Type1,2269.0464,185.6872
DRI13,15.35,Low Fat,0.020441939,Soft Drinks,216.4508,OUT017,2007,,Tier 2,Supermarket Type1,5426.27,211.4508
FDG31,,Low Fat,0.037712875,Meat,64.4826,OUT027,1985,Medium,Tier 3,Supermarket Type3,2518.7214,59.4826
FDP04,15.35,Low Fat,0.013840784,Frozen Foods,65.2168,OUT045,2002,,Tier 2,Supermarket Type1,958.752,60.2168
FDH35,18.25,Low Fat,0.060198496,Starchy Foods,162.9526,OUT013,1987,High,Tier 3,Supermarket Type1,1151.1682,157.9526
NCB42,11.8,Low Fat,0.008559557,Health and Hygiene,117.2492,OUT035,2004,Small,Tier 2,Supermarket Type1,2432.8332,112.2492
FDQ14,9.27,Low Fat,0.061883353,Dairy,147.905,OUT049,1999,Medium,Tier 1,Supermarket Type1,1647.855,142.905
FDI19,,Low Fat,0.052085615,Meat,242.8512,OUT027,1985,Medium,Tier 3,Supermarket Type3,5816.4288,237.8512
FDJ55,12.8,Regular,0.039385992,Meat,224.8404,OUT010,1998,,Tier 3,Grocery Store,1575.2828,219.8404
DRN59,15,Low Fat,0.064241345,Hard Drinks,45.206,OUT049,1999,Medium,Tier 1,Supermarket Type1,792.302,40.206
NCR06,12.5,Low Fat,0.006759519,Household,42.8112,OUT013,1987,High,Tier 3,Supermarket Type1,639.168,37.8112
NCF42,17.35,Low Fat,0.167243769,Household,176.2712,OUT013,1987,High,Tier 3,Supermarket Type1,2988.1104,171.2712
FDG24,7.975,Low Fat,0.01469075,Baking Goods,84.725,OUT018,2009,Medium,Tier 3,Supermarket Type2,1747.725,79.725
FDB58,10.5,Regular,0.013551445,Snack Foods,142.0154,OUT018,2009,Medium,Tier 3,Supermarket Type2,2410.8618,137.0154
FDQ56,,Low Fat,0.105085956,Fruits and Vegetables,82.3908,OUT027,1985,Medium,Tier 3,Supermarket Type3,3691.1952,77.3908
NCV41,14.35,Low Fat,0.017038777,Health and Hygiene,112.5228,OUT046,1997,Small,Tier 1,Supermarket Type1,1989.4104,107.5228
FDW19,12.35,Regular,0.038718195,Fruits and Vegetables,110.657,OUT017,2007,,Tier 2,Supermarket Type1,2087.283,105.657
FDO56,10.195,Regular,0.075291577,Fruits and Vegetables,119.1808,OUT010,1998,,Tier 3,Grocery Store,351.5424,114.1808
FDI41,18.5,Regular,0,Frozen Foods,148.7418,OUT045,2002,,Tier 2,Supermarket Type1,2501.4106,143.7418
FDN10,11.5,Low Fat,0,Snack Foods,119.5124,OUT018,2009,Medium,Tier 3,Supermarket Type2,829.5868,114.5124
FDY20,12.5,Regular,0.082085787,Fruits and Vegetables,92.2488,OUT018,2009,Medium,Tier 3,Supermarket Type2,1358.232,87.2488
DRM37,,LF,0.095931002,Soft Drinks,198.5768,OUT027,1985,Medium,Tier 3,Supermarket Type3,6897.688,193.5768
FDV34,10.695,Regular,0.011448629,Snack Foods,72.9038,OUT045,2002,,Tier 2,Supermarket Type1,1034.6532,67.9038
NCX18,14.15,Low Fat,0.00879232,Household,195.011,OUT035,2004,Small,Tier 2,Supermarket Type1,1964.11,190.011
FDY10,17.6,Low Fat,0.049167388,Snack Foods,114.9176,OUT045,2002,,Tier 2,Supermarket Type1,1946.7992,109.9176
NCZ17,,Low Fat,0.079046992,Health and Hygiene,39.8506,OUT027,1985,Medium,Tier 3,Supermarket Type3,1480.0734,34.8506
FDT12,6.215,Regular,0.049580407,Baking Goods,227.4062,OUT013,1987,High,Tier 3,Supermarket Type1,5191.2426,222.4062
FDD57,18.1,Low Fat,0.022399592,Fruits and Vegetables,96.0094,OUT046,1997,Small,Tier 1,Supermarket Type1,1808.9786,91.0094
FDK45,11.65,Low Fat,0.033926852,Seafood,111.586,OUT045,2002,,Tier 2,Supermarket Type1,3395.58,106.586
FDJ57,7.42,Regular,0.021617397,Seafood,185.0582,OUT045,2002,,Tier 2,Supermarket Type1,5201.2296,180.0582
NCI31,20,Low Fat,0.0814536,Others,36.819,OUT049,1999,Medium,Tier 1,Supermarket Type1,768.999,31.819
FDZ48,17.75,LF,0.07607772,Baking Goods,112.4544,OUT049,1999,Medium,Tier 1,Supermarket Type1,2348.9424,107.4544
FDI16,14,Regular,0.135775701,Frozen Foods,54.564,OUT046,1997,Small,Tier 1,Supermarket Type1,1597.92,49.564
FDZ31,15.35,Regular,0,Fruits and Vegetables,193.0504,OUT049,1999,Medium,Tier 1,Supermarket Type1,2492.7552,188.0504
DRG15,6.13,Low Fat,0.076891526,Dairy,61.5536,OUT045,2002,,Tier 2,Supermarket Type1,796.2968,56.5536
FDX36,9.695,Regular,0.128543405,Baking Goods,226.5404,OUT045,2002,,Tier 2,Supermarket Type1,4500.808,221.5404
FDD40,20.25,Regular,0.014793357,Dairy,191.5162,OUT046,1997,Small,Tier 1,Supermarket Type1,3078.6592,186.5162
FDA04,,Regular,0.066406853,Frozen Foods,259.7962,OUT027,1985,Medium,Tier 3,Supermarket Type3,5697.9164,254.7962
FDL21,15.85,Regular,0.007140468,Snack Foods,40.848,OUT013,1987,High,Tier 3,Supermarket Type1,679.116,35.848
FDS21,19.85,Regular,0.020858779,Snack Foods,62.8194,OUT013,1987,High,Tier 3,Supermarket Type1,928.791,57.8194
DRF23,4.61,Low Fat,0.123346085,Hard Drinks,172.5396,OUT017,2007,,Tier 2,Supermarket Type1,3663.2316,167.5396
FDM46,7.365,Low Fat,0.159937597,Snack Foods,93.912,OUT035,2004,Small,Tier 2,Supermarket Type1,1304.968,88.912
DRG49,,Low Fat,0.067128641,Soft Drinks,242.8486,OUT027,1985,Medium,Tier 3,Supermarket Type3,3420.8804,237.8486
FDG26,18.85,low fat,0.042736348,Canned,255.933,OUT045,2002,,Tier 2,Supermarket Type1,3844.995,250.933
FDR51,,Regular,0.172629683,Meat,148.4708,OUT027,1985,Medium,Tier 3,Supermarket Type3,3761.77,143.4708
FDV39,11.3,Low Fat,0.007278512,Meat,196.7426,OUT035,2004,Small,Tier 2,Supermarket Type1,2768.3964,191.7426
FDC39,7.405,Low Fat,0,Dairy,205.7296,OUT017,2007,,Tier 2,Supermarket Type1,4570.0512,200.7296
FDP45,15.7,Regular,0.03079807,Snack Foods,252.9724,OUT017,2007,,Tier 2,Supermarket Type1,3020.0688,247.9724
FDC56,7.72,Low Fat,0.12152072,Fruits and Vegetables,118.244,OUT046,1997,Small,Tier 1,Supermarket Type1,958.752,113.244
FDK38,6.65,Low Fat,0.053591345,Canned,149.7734,OUT017,2007,,Tier 2,Supermarket Type1,2375.5744,144.7734
NCJ29,10.6,low fat,0.035163639,Health and Hygiene,84.4224,OUT013,1987,High,Tier 3,Supermarket Type1,852.224,79.4224
NCF19,,Low Fat,0.061470858,Household,48.6034,OUT019,1985,Small,Tier 1,Grocery Store,145.8102,43.6034
FDG59,15.85,Low Fat,0.043226398,Starchy Foods,37.5164,OUT035,2004,Small,Tier 2,Supermarket Type1,270.3148,32.5164
FDE59,12.15,Low Fat,0.062640143,Starchy Foods,36.6532,OUT017,2007,,Tier 2,Supermarket Type1,251.6724,31.6532
FDB04,11.35,Regular,0.06358394,Dairy,89.4856,OUT017,2007,,Tier 2,Supermarket Type1,1142.5128,84.4856
NCK05,20.1,Low Fat,0.077389797,Health and Hygiene,60.8536,OUT013,1987,High,Tier 3,Supermarket Type1,1347.5792,55.8536
FDR03,15.7,Regular,0.00878535,Meat,204.998,OUT017,2007,,Tier 2,Supermarket Type1,5366.348,199.998
FDQ03,,Regular,0.136592891,Meat,238.0248,OUT019,1985,Small,Tier 1,Grocery Store,711.0744,233.0248
FDC59,16.7,Regular,0.054937907,Starchy Foods,64.2168,OUT017,2007,,Tier 2,Supermarket Type1,1661.8368,59.2168
DRB13,6.115,Regular,0.007084185,Soft Drinks,191.153,OUT017,2007,,Tier 2,Supermarket Type1,3415.554,186.153
NCE54,20.7,Low Fat,0.027052013,Household,73.9354,OUT017,2007,,Tier 2,Supermarket Type1,1655.1788,68.9354
FDC10,9.8,reg,0.072863893,Snack Foods,118.6098,OUT035,2004,Small,Tier 2,Supermarket Type1,843.5686,113.6098
FDR46,,Low Fat,0.244102315,Snack Foods,148.076,OUT019,1985,Small,Tier 1,Grocery Store,146.476,143.076
FDA10,20.35,Low Fat,0.141789197,Snack Foods,121.9072,OUT035,2004,Small,Tier 2,Supermarket Type1,1347.5792,116.9072
FDP23,,Low Fat,0.035414528,Breads,218.2166,OUT027,1985,Medium,Tier 3,Supermarket Type3,3701.1822,213.2166
FDJ41,6.85,Low Fat,0.022864238,Frozen Foods,260.0594,OUT013,1987,High,Tier 3,Supermarket Type1,6018.1662,255.0594
FDL46,20.35,Low Fat,0.054011943,Snack Foods,116.5466,OUT013,1987,High,Tier 3,Supermarket Type1,1885.5456,111.5466
FDX33,9.195,Regular,0.117462619,Snack Foods,158.9578,OUT035,2004,Small,Tier 2,Supermarket Type1,2246.4092,153.9578
NCL29,9.695,Low Fat,0.11411658,Health and Hygiene,158.8604,OUT049,1999,Medium,Tier 1,Supermarket Type1,4436.8912,153.8604
FDE16,,Low Fat,0.046124444,Frozen Foods,206.7954,OUT019,1985,Small,Tier 1,Grocery Store,833.5816,201.7954
FDM57,11.65,Regular,0.075849167,Snack Foods,85.1908,OUT046,1997,Small,Tier 1,Supermarket Type1,2181.1608,80.1908
FDZ36,6.035,Regular,0.065729039,Baking Goods,188.324,OUT013,1987,High,Tier 3,Supermarket Type1,1491.392,183.324
NCW42,18.2,Low Fat,0.097865088,Household,221.8456,OUT010,1998,,Tier 3,Grocery Store,884.1824,216.8456
NCI54,,LF,0.058827583,Household,110.4912,OUT019,1985,Small,Tier 1,Grocery Store,436.7648,105.4912
DRK01,7.63,Low Fat,0.061313057,Soft Drinks,93.3436,OUT018,2009,Medium,Tier 3,Supermarket Type2,1323.6104,88.3436
FDX10,6.385,Regular,0.123961415,Snack Foods,33.2874,OUT045,2002,,Tier 2,Supermarket Type1,141.1496,28.2874
FDO46,9.6,Regular,0.014270394,Snack Foods,187.3872,OUT018,2009,Medium,Tier 3,Supermarket Type2,2647.2208,182.3872
FDD16,20.5,Low Fat,0.060847634,Frozen Foods,75.0696,OUT010,1998,,Tier 3,Grocery Store,149.1392,70.0696
FDZ20,,Low Fat,0,Fruits and Vegetables,253.0356,OUT027,1985,Medium,Tier 3,Supermarket Type3,11445.102,248.0356
NCI18,18.35,Low Fat,0.014103354,Household,225.4746,OUT017,2007,,Tier 2,Supermarket Type1,1346.2476,220.4746
DRI25,19.6,Low Fat,0.033901442,Soft Drinks,56.2614,OUT046,1997,Small,Tier 1,Supermarket Type1,773.6596,51.2614
FDY44,14.15,Regular,0.024454052,Fruits and Vegetables,197.211,OUT045,2002,,Tier 2,Supermarket Type1,3731.809,192.211
FDW38,,Regular,0,Dairy,55.9298,OUT019,1985,Small,Tier 1,Grocery Store,107.8596,50.9298
FDY33,,Regular,0.096730427,Snack Foods,159.0262,OUT027,1985,Medium,Tier 3,Supermarket Type3,5887.6694,154.0262
DRH51,17.6,Low Fat,0.097198194,Dairy,89.8856,OUT035,2004,Small,Tier 2,Supermarket Type1,351.5424,84.8856
FDT32,19,Regular,0.066005186,Fruits and Vegetables,188.4214,OUT017,2007,,Tier 2,Supermarket Type1,2826.321,183.4214
FDI50,8.42,Regular,0.030890618,Canned,228.7352,OUT049,1999,Medium,Tier 1,Supermarket Type1,5954.9152,223.7352
FDB60,9.3,Low Fat,0.028498354,Baking Goods,195.8136,OUT013,1987,High,Tier 3,Supermarket Type1,2332.9632,190.8136
FDP09,19.75,LF,0.033883448,Snack Foods,213.2902,OUT035,2004,Small,Tier 2,Supermarket Type1,4247.804,208.2902
FDA20,6.78,Low Fat,0.066565644,Fruits and Vegetables,185.324,OUT013,1987,High,Tier 3,Supermarket Type1,3914.904,180.324
NCX05,,Low Fat,0.169943195,Health and Hygiene,116.2492,OUT019,1985,Small,Tier 1,Grocery Store,115.8492,111.2492
DRF37,17.25,Low Fat,0,Soft Drinks,263.591,OUT045,2002,,Tier 2,Supermarket Type1,788.973,258.591
FDJ26,15.3,Regular,0.084765192,Canned,215.0218,OUT046,1997,Small,Tier 1,Supermarket Type1,1923.4962,210.0218
FDZ25,15.7,Regular,0.027617046,Canned,168.279,OUT046,1997,Small,Tier 1,Supermarket Type1,4074.696,163.279
FDZ58,17.85,Low Fat,0.052166995,Snack Foods,121.7072,OUT035,2004,Small,Tier 2,Supermarket Type1,2817.6656,116.7072
FDZ50,,Regular,0,Dairy,184.2608,OUT027,1985,Medium,Tier 3,Supermarket Type3,6064.1064,179.2608
NCG18,15.3,Low Fat,0.038460297,Household,104.0332,OUT010,1998,,Tier 3,Grocery Store,205.0664,99.0332
FDZ56,16.25,Low Fat,0.025789175,Fruits and Vegetables,166.9474,OUT045,2002,,Tier 2,Supermarket Type1,2863.6058,161.9474
FDH50,15,Regular,0.161301097,Canned,185.1266,OUT013,1987,High,Tier 3,Supermarket Type1,2213.1192,180.1266
DRO35,13.85,Low Fat,0.034640466,Hard Drinks,116.1492,OUT045,2002,,Tier 2,Supermarket Type1,1274.3412,111.1492
DRH51,,Low Fat,0,Dairy,89.1856,OUT027,1985,Medium,Tier 3,Supermarket Type3,2109.2544,84.1856
FDS19,13.8,Regular,0.064307102,Fruits and Vegetables,77.3012,OUT049,1999,Medium,Tier 1,Supermarket Type1,1593.9252,72.3012
NCM06,7.475,Low Fat,0.076036381,Household,153.9656,OUT018,2009,Medium,Tier 3,Supermarket Type2,2625.9152,148.9656
FDP52,18.7,Regular,0.071091591,Frozen Foods,228.601,OUT017,2007,,Tier 2,Supermarket Type1,4823.721,223.601
FDK02,12.5,Low Fat,0.187841082,Canned,119.244,OUT010,1998,,Tier 3,Grocery Store,119.844,114.244
FDG59,15.85,Low Fat,0.043234574,Starchy Foods,38.3164,OUT046,1997,Small,Tier 1,Supermarket Type1,540.6296,33.3164
FDN20,,Low Fat,0.026055106,Fruits and Vegetables,169.5474,OUT027,1985,Medium,Tier 3,Supermarket Type3,4211.185,164.5474
FDO57,20.75,Low Fat,0.109153001,Snack Foods,161.3578,OUT018,2009,Medium,Tier 3,Supermarket Type2,4492.8184,156.3578
NCJ30,5.82,Low Fat,0.08062523,Household,168.379,OUT035,2004,Small,Tier 2,Supermarket Type1,1188.453,163.379
FDQ31,5.785,Regular,0.0901292,Fruits and Vegetables,89.8856,OUT010,1998,,Tier 3,Grocery Store,175.7712,84.8856
FDC05,13.1,Regular,0.098938169,Frozen Foods,195.7768,OUT049,1999,Medium,Tier 1,Supermarket Type1,4138.6128,190.7768
FDM08,10.1,Regular,0,Fruits and Vegetables,225.1088,OUT013,1987,High,Tier 3,Supermarket Type1,3579.3408,220.1088
NCA41,16.75,Low Fat,0.032580547,Health and Hygiene,192.1162,OUT035,2004,Small,Tier 2,Supermarket Type1,3848.324,187.1162
FDK15,,Low Fat,0.097937252,Meat,98.9042,OUT027,1985,Medium,Tier 3,Supermarket Type3,4960.21,93.9042
FDX56,17.1,Regular,0,Fruits and Vegetables,208.5638,OUT049,1999,Medium,Tier 1,Supermarket Type1,5383.6588,203.5638
FDT21,7.42,Low Fat,0.020391845,Snack Foods,248.9092,OUT046,1997,Small,Tier 1,Supermarket Type1,2241.0828,243.9092
FDQ46,7.51,Low Fat,0.103813029,Snack Foods,113.7544,OUT046,1997,Small,Tier 1,Supermarket Type1,671.1264,108.7544
FDS01,,Low Fat,0.031069203,Canned,179.6686,OUT019,1985,Small,Tier 1,Grocery Store,177.7686,174.6686
FDW34,,Low Fat,0.062294473,Snack Foods,242.417,OUT019,1985,Small,Tier 1,Grocery Store,486.034,237.417
FDX07,19.2,Regular,0.022914478,Fruits and Vegetables,181.195,OUT035,2004,Small,Tier 2,Supermarket Type1,2380.235,176.195
FDN13,18.6,Low Fat,0.152058281,Breakfast,99.9358,OUT046,1997,Small,Tier 1,Supermarket Type1,201.0716,94.9358
NCP02,7.105,Low Fat,0.044991294,Household,59.2562,OUT018,2009,Medium,Tier 3,Supermarket Type2,651.8182,54.2562
FDT48,4.92,Low Fat,0.046214971,Baking Goods,199.8084,OUT017,2007,,Tier 2,Supermarket Type1,3968.168,194.8084
FDZ49,11,Regular,0.13312044,Canned,221.5798,OUT035,2004,Small,Tier 2,Supermarket Type1,4187.2162,216.5798
NCJ17,7.68,Low Fat,0.255348289,Health and Hygiene,84.4224,OUT010,1998,,Tier 3,Grocery Store,170.4448,79.4224
FDB17,13.15,Low Fat,0.036879539,Frozen Foods,181.3976,OUT017,2007,,Tier 2,Supermarket Type1,3078.6592,176.3976
FDP48,7.52,Regular,0.044202545,Baking Goods,182.995,OUT018,2009,Medium,Tier 3,Supermarket Type2,4394.28,177.995
FDI53,8.895,Regular,0.137858955,Frozen Foods,162.1236,OUT049,1999,Medium,Tier 1,Supermarket Type1,2577.9776,157.1236
FDW02,4.805,Regular,0.037668051,Dairy,126.7704,OUT013,1987,High,Tier 3,Supermarket Type1,2628.5784,121.7704
FDL20,,Low Fat,0.224837308,Fruits and Vegetables,112.7886,OUT019,1985,Small,Tier 1,Grocery Store,222.3772,107.7886
FDV32,7.785,Low Fat,0.089069748,Fruits and Vegetables,62.751,OUT018,2009,Medium,Tier 3,Supermarket Type2,1707.777,57.751
FDG38,8.975,Regular,0.053027398,Canned,86.0224,OUT017,2007,,Tier 2,Supermarket Type1,1278.336,81.0224
NCB31,,Low Fat,0.118099673,Household,262.891,OUT027,1985,Medium,Tier 3,Supermarket Type3,5522.811,257.891
FDF52,9.3,Low Fat,0,Frozen Foods,182.9292,OUT017,2007,,Tier 2,Supermarket Type1,4013.4424,177.9292
FDB15,10.895,Low Fat,0.137023446,Dairy,263.7568,OUT049,1999,Medium,Tier 1,Supermarket Type1,7646.0472,258.7568
FDO48,15,Regular,0.026950104,Baking Goods,220.9456,OUT018,2009,Medium,Tier 3,Supermarket Type2,1768.3648,215.9456
NCR53,12.15,Low Fat,0,Health and Hygiene,224.4404,OUT018,2009,Medium,Tier 3,Supermarket Type2,5626.01,219.4404
FDF56,16.7,Regular,0.119362812,Fruits and Vegetables,180.3976,OUT013,1987,High,Tier 3,Supermarket Type1,3078.6592,175.3976
FDL57,15.1,Regular,0.067350054,Snack Foods,257.3304,OUT018,2009,Medium,Tier 3,Supermarket Type2,3874.956,252.3304
NCC31,8.02,Low Fat,0,Household,157.7972,OUT013,1987,High,Tier 3,Supermarket Type1,1713.7692,152.7972
FDE33,19.35,reg,0.049712775,Fruits and Vegetables,78.2644,OUT049,1999,Medium,Tier 1,Supermarket Type1,1492.7236,73.2644
FDV52,20.7,Regular,0.122208091,Frozen Foods,119.7466,OUT017,2007,,Tier 2,Supermarket Type1,4006.7844,114.7466
FDR46,,Low Fat,0.138742518,Snack Foods,147.476,OUT027,1985,Medium,Tier 3,Supermarket Type3,3368.948,142.476
DRE12,4.59,Low Fat,0.070780558,Soft Drinks,114.586,OUT046,1997,Small,Tier 1,Supermarket Type1,1245.046,109.586
FDD57,18.1,Low Fat,0.037492325,Fruits and Vegetables,95.5094,OUT010,1998,,Tier 3,Grocery Store,95.2094,90.5094
NCS41,12.85,Low Fat,0.053527105,Health and Hygiene,185.1608,OUT049,1999,Medium,Tier 1,Supermarket Type1,2388.8904,180.1608
NCY41,16.75,low fat,0.076164013,Health and Hygiene,34.0532,OUT017,2007,,Tier 2,Supermarket Type1,575.2512,29.0532
FDV22,14.85,Regular,0.009995002,Snack Foods,154.463,OUT017,2007,,Tier 2,Supermarket Type1,3755.112,149.463
FDF12,8.235,Low Fat,0.08259502,Baking Goods,149.1076,OUT045,2002,,Tier 2,Supermarket Type1,1182.4608,144.1076
FDM13,6.425,Low Fat,0.063122753,Breakfast,131.3626,OUT013,1987,High,Tier 3,Supermarket Type1,262.3252,126.3626
FDQ56,6.59,Low Fat,0.105597316,Fruits and Vegetables,83.4908,OUT046,1997,Small,Tier 1,Supermarket Type1,1342.2528,78.4908
FDW55,,Regular,0.021863506,Fruits and Vegetables,247.0092,OUT027,1985,Medium,Tier 3,Supermarket Type3,5478.2024,242.0092
NCT29,,Low Fat,0.063800266,Health and Hygiene,123.0414,OUT027,1985,Medium,Tier 3,Supermarket Type3,4629.9732,118.0414
NCX42,6.36,Low Fat,0.006012413,Household,163.0526,OUT017,2007,,Tier 2,Supermarket Type1,1644.526,158.0526
FDR24,17.35,Regular,0.063207198,Baking Goods,89.383,OUT017,2007,,Tier 2,Supermarket Type1,1258.362,84.383
NCS42,8.6,Low Fat,0.069809115,Household,90.5146,OUT017,2007,,Tier 2,Supermarket Type1,729.7168,85.5146
FDL40,17.7,Low Fat,0.011660463,Frozen Foods,96.541,OUT018,2009,Medium,Tier 3,Supermarket Type2,2220.443,91.541
FDD47,7.6,Regular,0.142410775,Starchy Foods,171.9448,OUT046,1997,Small,Tier 1,Supermarket Type1,3749.7856,166.9448
DRE03,19.6,Low Fat,0.024226902,Dairy,48.7718,OUT046,1997,Small,Tier 1,Supermarket Type1,236.359,43.7718
NCM18,,Low Fat,0.082440705,Household,61.3194,OUT027,1985,Medium,Tier 3,Supermarket Type3,2043.3402,56.3194
FDF52,9.3,Low Fat,0.066918731,Frozen Foods,184.2292,OUT045,2002,,Tier 2,Supermarket Type1,1641.8628,179.2292
NCG43,20.2,Low Fat,0.074390007,Household,91.4462,OUT045,2002,,Tier 2,Supermarket Type1,1943.4702,86.4462
FDE20,11.35,Regular,0.005530516,Fruits and Vegetables,171.179,OUT046,1997,Small,Tier 1,Supermarket Type1,4923.591,166.179
FDI33,16.5,Low Fat,0.028579565,Snack Foods,90.3146,OUT017,2007,,Tier 2,Supermarket Type1,2554.0088,85.3146
NCT06,17.1,Low Fat,0.038705317,Household,165.0842,OUT013,1987,High,Tier 3,Supermarket Type1,2320.9788,160.0842
FDY24,4.88,Regular,0,Baking Goods,53.1298,OUT035,2004,Small,Tier 2,Supermarket Type1,808.947,48.1298
FDZ33,10.195,Low Fat,0.108004532,Snack Foods,148.7076,OUT017,2007,,Tier 2,Supermarket Type1,1330.2684,143.7076
FDJ55,12.8,Regular,0.023626808,Meat,223.2404,OUT018,2009,Medium,Tier 3,Supermarket Type2,2475.4444,218.2404
FDE45,,Low Fat,0.070660449,Fruits and Vegetables,180.4002,OUT019,1985,Small,Tier 1,Grocery Store,716.4008,175.4002
FDD44,8.05,Regular,0.078719835,Fruits and Vegetables,258.5646,OUT018,2009,Medium,Tier 3,Supermarket Type2,3091.9752,253.5646
FDD10,20.6,reg,0.046208155,Snack Foods,178.0344,OUT018,2009,Medium,Tier 3,Supermarket Type2,1605.9096,173.0344
FDA39,6.32,Low Fat,0.012769753,Meat,39.9822,OUT018,2009,Medium,Tier 3,Supermarket Type2,78.5644,34.9822
FDB36,5.465,Regular,0.048486801,Baking Goods,131.2626,OUT013,1987,High,Tier 3,Supermarket Type1,3410.2276,126.2626
FDK52,18.25,Low Fat,0.132596101,Frozen Foods,226.2062,OUT010,1998,,Tier 3,Grocery Store,677.1186,221.2062
FDJ36,14.5,Regular,0.128459481,Baking Goods,102.0332,OUT049,1999,Medium,Tier 1,Supermarket Type1,2050.664,97.0332
NCB55,15.7,Low Fat,0.161317495,Household,57.5562,OUT018,2009,Medium,Tier 3,Supermarket Type2,829.5868,52.5562
NCK18,9.6,Low Fat,0.011211251,Household,166.9184,OUT010,1998,,Tier 3,Grocery Store,660.4736,161.9184
FDX27,20.7,reg,0.114294512,Dairy,94.9436,OUT049,1999,Medium,Tier 1,Supermarket Type1,1229.0668,89.9436
FDB08,6.055,Low Fat,0.031103357,Fruits and Vegetables,159.9578,OUT046,1997,Small,Tier 1,Supermarket Type1,2727.7826,154.9578
FDX43,5.655,LF,0.085274988,Fruits and Vegetables,165.05,OUT046,1997,Small,Tier 1,Supermarket Type1,2330.3,160.05
FDA20,6.78,Low Fat,0.066892471,Fruits and Vegetables,186.424,OUT018,2009,Medium,Tier 3,Supermarket Type2,1304.968,181.424
FDC04,,Low Fat,0.078764059,Dairy,241.3854,OUT019,1985,Small,Tier 1,Grocery Store,483.3708,236.3854
FDG17,6.865,Regular,0.036042939,Frozen Foods,244.4486,OUT017,2007,,Tier 2,Supermarket Type1,4153.9262,239.4486
FDU58,6.61,Regular,0.04855968,Snack Foods,188.4898,OUT010,1998,,Tier 3,Grocery Store,187.0898,183.4898
FDP24,,Low Fat,0.082602127,Baking Goods,120.9756,OUT027,1985,Medium,Tier 3,Supermarket Type3,3877.6192,115.9756
NCT29,12.6,Low Fat,0.064240743,Health and Hygiene,121.9414,OUT045,2002,,Tier 2,Supermarket Type1,1462.0968,116.9414
FDB08,6.055,Low Fat,0.031230059,Fruits and Vegetables,160.3578,OUT018,2009,Medium,Tier 3,Supermarket Type2,1765.0358,155.3578
NCB43,20.2,Low Fat,0.100114941,Household,188.3898,OUT045,2002,,Tier 2,Supermarket Type1,3554.7062,183.3898
FDL09,,Regular,0.22417463,Snack Foods,168.8816,OUT019,1985,Small,Tier 1,Grocery Store,167.7816,163.8816
DRK49,14.15,Low Fat,0.035943717,Soft Drinks,40.5138,OUT046,1997,Small,Tier 1,Supermarket Type1,446.7518,35.5138
FDR37,16.5,Regular,0.06619442,Breakfast,184.4292,OUT013,1987,High,Tier 3,Supermarket Type1,3101.2964,179.4292
FDG56,13.3,Regular,0.071439051,Fruits and Vegetables,61.0536,OUT035,2004,Small,Tier 2,Supermarket Type1,1898.8616,56.0536
FDE34,9.195,Low Fat,0.108059141,Snack Foods,181.7634,OUT049,1999,Medium,Tier 1,Supermarket Type1,6179.9556,176.7634
FDE16,,Low Fat,0.026216144,Frozen Foods,207.5954,OUT027,1985,Medium,Tier 3,Supermarket Type3,6668.6528,202.5954
FDT58,9,Low Fat,0.085938463,Snack Foods,168.6816,OUT035,2004,Small,Tier 2,Supermarket Type1,1342.2528,163.6816
FDR03,15.7,Regular,0.008734284,Meat,207.898,OUT035,2004,Small,Tier 2,Supermarket Type1,3095.97,202.898
NCL30,18.1,Low Fat,0.049016517,Household,128.7336,OUT049,1999,Medium,Tier 1,Supermarket Type1,2173.1712,123.7336
FDT22,,Low Fat,0.111554381,Snack Foods,59.822,OUT027,1985,Medium,Tier 3,Supermarket Type3,1677.816,54.822
FDP45,15.7,Regular,0.030672457,Snack Foods,253.1724,OUT049,1999,Medium,Tier 1,Supermarket Type1,5285.1204,248.1724
FDS15,9.195,Regular,0.077995641,Meat,107.1596,OUT013,1987,High,Tier 3,Supermarket Type1,2804.3496,102.1596
FDF16,,Low Fat,0.085715273,Frozen Foods,146.6076,OUT027,1985,Medium,Tier 3,Supermarket Type3,1773.6912,141.6076
FDL13,13.85,Regular,0.056432784,Breakfast,234.93,OUT045,2002,,Tier 2,Supermarket Type1,4660.6,229.93
NCV30,20.2,Low Fat,0.066200667,Household,61.451,OUT018,2009,Medium,Tier 3,Supermarket Type2,126.502,56.451
FDG33,,Regular,0.245542627,Seafood,172.2764,OUT019,1985,Small,Tier 1,Grocery Store,171.7764,167.2764
FDO10,13.65,reg,0.0127517,Snack Foods,55.5588,OUT046,1997,Small,Tier 1,Supermarket Type1,1603.2464,50.5588
FDQ03,15,Regular,0.077949334,Meat,238.7248,OUT013,1987,High,Tier 3,Supermarket Type1,2133.2232,233.7248
NCC55,10.695,Low Fat,0.064022881,Household,36.0848,OUT018,2009,Medium,Tier 3,Supermarket Type2,372.848,31.0848
FDD52,,Regular,0.182407266,Dairy,109.157,OUT027,1985,Medium,Tier 3,Supermarket Type3,1867.569,104.157
FDI16,14,Regular,0.136328794,Frozen Foods,54.864,OUT018,2009,Medium,Tier 3,Supermarket Type2,319.584,49.864
FDB44,6.655,Low Fat,0.016958832,Fruits and Vegetables,210.0586,OUT046,1997,Small,Tier 1,Supermarket Type1,4221.172,205.0586
FDA25,16.5,Regular,0.068125756,Canned,101.199,OUT046,1997,Small,Tier 1,Supermarket Type1,1031.99,96.199
FDV33,9.6,Regular,0.02734361,Snack Foods,257.8304,OUT046,1997,Small,Tier 1,Supermarket Type1,1808.3128,252.8304
FDX47,6.55,Regular,0.034658144,Breads,155.8288,OUT049,1999,Medium,Tier 1,Supermarket Type1,1099.9016,150.8288
FDO50,16.25,low fat,0,Canned,89.8804,OUT017,2007,,Tier 2,Supermarket Type1,1102.5648,84.8804
FDV57,15.25,Regular,0.065841719,Snack Foods,179.866,OUT013,1987,High,Tier 3,Supermarket Type1,2696.49,174.866
FDB02,9.695,Regular,0.029158763,Canned,174.537,OUT035,2004,Small,Tier 2,Supermarket Type1,1235.059,169.537
FDD16,,Low Fat,0.063649582,Frozen Foods,74.7696,OUT019,1985,Small,Tier 1,Grocery Store,74.5696,69.7696
FDX02,16,LF,0.05706009,Dairy,225.0404,OUT046,1997,Small,Tier 1,Supermarket Type1,4950.8888,220.0404
FDP11,15.85,Low Fat,0.11566015,Breads,218.3166,OUT010,1998,,Tier 3,Grocery Store,435.4332,213.3166
FDH32,,Low Fat,0.075691713,Fruits and Vegetables,98.241,OUT027,1985,Medium,Tier 3,Supermarket Type3,2220.443,93.241
NCL18,18.85,Low Fat,0.167844438,Household,193.9136,OUT049,1999,Medium,Tier 1,Supermarket Type1,3110.6176,188.9136
FDT12,6.215,Regular,0.049722335,Baking Goods,224.5062,OUT045,2002,,Tier 2,Supermarket Type1,4514.124,219.5062
FDD50,,Low Fat,0.14095631,Canned,167.7132,OUT027,1985,Medium,Tier 3,Supermarket Type3,3889.6036,162.7132
NCU05,11.8,Low Fat,0.058827557,Health and Hygiene,80.8618,OUT049,1999,Medium,Tier 1,Supermarket Type1,1288.9888,75.8618
FDI56,7.325,Low Fat,0.093765794,Fruits and Vegetables,90.3146,OUT018,2009,Medium,Tier 3,Supermarket Type2,1733.0774,85.3146
DRL11,10.5,Low Fat,0.048092816,Hard Drinks,159.2946,OUT049,1999,Medium,Tier 1,Supermarket Type1,1893.5352,154.2946
FDQ08,15.7,Regular,0.018968743,Fruits and Vegetables,61.9536,OUT045,2002,,Tier 2,Supermarket Type1,1225.072,56.9536
FDW20,,Low Fat,0.024032484,Fruits and Vegetables,124.973,OUT027,1985,Medium,Tier 3,Supermarket Type3,2463.46,119.973
FDW46,13,Regular,0.070444232,Snack Foods,63.4484,OUT045,2002,,Tier 2,Supermarket Type1,1043.9744,58.4484
FDO09,13.5,Regular,0.125469442,Snack Foods,264.491,OUT049,1999,Medium,Tier 1,Supermarket Type1,6574.775,259.491
DRJ49,6.865,Low Fat,0.01405025,Soft Drinks,128.9652,OUT018,2009,Medium,Tier 3,Supermarket Type2,1679.1476,123.9652
FDP26,7.785,Low Fat,0.139436695,Dairy,103.0306,OUT013,1987,High,Tier 3,Supermarket Type1,2404.2038,98.0306
FDO19,17.7,Regular,0.016593506,Fruits and Vegetables,46.9034,OUT035,2004,Small,Tier 2,Supermarket Type1,972.068,41.9034
NCG43,20.2,Low Fat,0.124261614,Household,93.6462,OUT010,1998,,Tier 3,Grocery Store,277.6386,88.6462
FDG02,7.855,Low Fat,0.011261165,Canned,189.5188,OUT046,1997,Small,Tier 1,Supermarket Type1,1904.188,184.5188
FDO32,6.36,Low Fat,0.120520818,Fruits and Vegetables,45.906,OUT035,2004,Small,Tier 2,Supermarket Type1,419.454,40.906
FDR34,17,Regular,0.015965308,Snack Foods,229.4352,OUT046,1997,Small,Tier 1,Supermarket Type1,4809.7392,224.4352
FDU59,5.78,Low Fat,0.096386227,Breads,163.5552,OUT046,1997,Small,Tier 1,Supermarket Type1,1787.0072,158.5552
FDN31,11.5,Low Fat,0.073029341,Fruits and Vegetables,187.953,OUT045,2002,,Tier 2,Supermarket Type1,2656.542,182.953
FDT55,,Regular,0.043443753,Fruits and Vegetables,158.1946,OUT027,1985,Medium,Tier 3,Supermarket Type3,6942.9624,153.1946
FDE08,18.2,Low Fat,0.049520593,Fruits and Vegetables,147.3734,OUT018,2009,Medium,Tier 3,Supermarket Type2,2375.5744,142.3734
FDK52,18.25,Low Fat,0.079152918,Frozen Foods,223.8062,OUT013,1987,High,Tier 3,Supermarket Type1,4288.4178,218.8062
FDW11,12.6,Low Fat,0.048741487,Breads,60.4194,OUT013,1987,High,Tier 3,Supermarket Type1,990.7104,55.4194
FDC03,8.575,reg,0.071958197,Dairy,195.3794,OUT049,1999,Medium,Tier 1,Supermarket Type1,3511.4292,190.3794
FDR43,18.2,Low Fat,0.162147349,Fruits and Vegetables,37.719,OUT018,2009,Medium,Tier 3,Supermarket Type2,549.285,32.719
FDL14,8.115,reg,0.05382735,Canned,155.2972,OUT010,1998,,Tier 3,Grocery Store,311.5944,150.2972
FDP39,12.65,Low Fat,0.069565759,Meat,52.4324,OUT045,2002,,Tier 2,Supermarket Type1,571.2564,47.4324
FDG29,,Low Fat,0.056019324,Frozen Foods,40.0454,OUT027,1985,Medium,Tier 3,Supermarket Type3,419.454,35.0454
DRH15,8.775,Low Fat,0.109911272,Dairy,41.9428,OUT046,1997,Small,Tier 1,Supermarket Type1,1537.998,36.9428
FDT11,5.94,Regular,0.029366813,Breads,187.7556,OUT035,2004,Small,Tier 2,Supermarket Type1,3755.112,182.7556
FDU48,18.85,Low Fat,0.055347985,Baking Goods,131.5284,OUT035,2004,Small,Tier 2,Supermarket Type1,1581.9408,126.5284
FDY12,9.8,Regular,0,Baking Goods,49.2008,OUT013,1987,High,Tier 3,Supermarket Type1,657.8104,44.2008
FDS44,12.65,Regular,0.156926608,Fruits and Vegetables,238.3538,OUT017,2007,,Tier 2,Supermarket Type1,5528.1374,233.3538
NCP06,20.7,Low Fat,0.039405676,Household,149.8366,OUT018,2009,Medium,Tier 3,Supermarket Type2,2267.049,144.8366
DRH23,14.65,Low Fat,0.170176516,Hard Drinks,55.2614,OUT013,1987,High,Tier 3,Supermarket Type1,718.3982,50.2614
FDA16,,Low Fat,0.033777629,Frozen Foods,222.8456,OUT027,1985,Medium,Tier 3,Supermarket Type3,7073.4592,217.8456
FDT45,15.85,Low Fat,0.057546914,Snack Foods,55.8956,OUT018,2009,Medium,Tier 3,Supermarket Type2,491.3604,50.8956
FDE56,17.25,Regular,0.160095901,Fruits and Vegetables,61.5194,OUT017,2007,,Tier 2,Supermarket Type1,1052.6298,56.5194
FDA40,16,Regular,0.099832728,Frozen Foods,87.4856,OUT017,2007,,Tier 2,Supermarket Type1,263.6568,82.4856
FDA39,6.32,Low Fat,0.012717946,Meat,40.2822,OUT046,1997,Small,Tier 1,Supermarket Type1,628.5152,35.2822
NCB19,6.525,LF,0.090278634,Household,86.7882,OUT035,2004,Small,Tier 2,Supermarket Type1,1975.4286,81.7882
FDZ34,6.695,Low Fat,0,Starchy Foods,191.882,OUT013,1987,High,Tier 3,Supermarket Type1,3861.64,186.882
FDV22,14.85,Regular,0.009958941,Snack Foods,157.963,OUT045,2002,,Tier 2,Supermarket Type1,2816.334,152.963
FDO40,17.1,Low Fat,0.032678839,Frozen Foods,150.7392,OUT049,1999,Medium,Tier 1,Supermarket Type1,3131.9232,145.7392
FDD21,10.3,Regular,0,Fruits and Vegetables,115.0176,OUT013,1987,High,Tier 3,Supermarket Type1,4122.6336,110.0176
FDO36,19.7,Low Fat,0.077849003,Baking Goods,179.166,OUT013,1987,High,Tier 3,Supermarket Type1,3056.022,174.166
FDV34,10.695,Regular,0.011443222,Snack Foods,73.5038,OUT049,1999,Medium,Tier 1,Supermarket Type1,1478.076,68.5038
NCY18,7.285,Low Fat,0.031214809,Household,177.1054,OUT045,2002,,Tier 2,Supermarket Type1,2626.581,172.1054
NCM54,17.7,LF,0.051146565,Household,127.3678,OUT018,2009,Medium,Tier 3,Supermarket Type2,3306.3628,122.3678
FDB59,18.25,Low Fat,0.015302653,Snack Foods,198.0084,OUT049,1999,Medium,Tier 1,Supermarket Type1,793.6336,193.0084
FDS45,5.175,Regular,0.04937018,Snack Foods,106.7622,OUT010,1998,,Tier 3,Grocery Store,211.7244,101.7622
FDV24,5.635,Low Fat,0,Baking Goods,148.705,OUT049,1999,Medium,Tier 1,Supermarket Type1,1198.44,143.705
FDD46,6.035,Low Fat,0.236433601,Snack Foods,155.5998,OUT010,1998,,Tier 3,Grocery Store,153.7998,150.5998
FDQ39,14.8,Low Fat,0.081372267,Meat,191.4846,OUT018,2009,Medium,Tier 3,Supermarket Type2,3057.3536,186.4846
FDD52,18.25,Regular,0.18329488,Dairy,111.657,OUT046,1997,Small,Tier 1,Supermarket Type1,1537.998,106.657
FDL39,16.1,Regular,0.06358934,Dairy,179.4318,OUT018,2009,Medium,Tier 3,Supermarket Type2,360.8636,174.4318
FDV02,16.75,Low Fat,0.060792265,Dairy,170.4106,OUT018,2009,Medium,Tier 3,Supermarket Type2,513.3318,165.4106
FDE11,17.7,Regular,0,Starchy Foods,184.3924,OUT046,1997,Small,Tier 1,Supermarket Type1,4257.1252,179.3924
NCU54,8.88,Low Fat,0.098775709,Household,208.927,OUT049,1999,Medium,Tier 1,Supermarket Type1,7130.718,203.927
FDR43,18.2,Low Fat,0.270300331,Fruits and Vegetables,38.319,OUT010,1998,,Tier 3,Grocery Store,109.857,33.319
FDD51,11.15,low fat,0.119852889,Dairy,44.9744,OUT013,1987,High,Tier 3,Supermarket Type1,498.0184,39.9744
FDO60,20,LF,0.034563936,Baking Goods,45.3086,OUT017,2007,,Tier 2,Supermarket Type1,490.6946,40.3086
NCS06,7.935,Low Fat,0.031710329,Household,263.091,OUT013,1987,High,Tier 3,Supermarket Type1,5522.811,258.091
FDX50,20.1,LF,0.074778547,Dairy,110.7228,OUT045,2002,,Tier 2,Supermarket Type1,1657.842,105.7228
FDQ55,13.65,Regular,0.013035609,Fruits and Vegetables,114.7834,OUT035,2004,Small,Tier 2,Supermarket Type1,3455.502,109.7834
FDL52,6.635,Regular,0.046277956,Frozen Foods,36.7506,OUT018,2009,Medium,Tier 3,Supermarket Type2,75.9012,31.7506
FDK52,18.25,Low Fat,0.0793795,Frozen Foods,226.1062,OUT045,2002,,Tier 2,Supermarket Type1,6771.186,221.1062
NCO02,11.15,Low Fat,0.073783159,Others,66.0142,OUT017,2007,,Tier 2,Supermarket Type1,988.713,61.0142
NCO30,19.5,Low Fat,0.01572192,Household,185.6608,OUT035,2004,Small,Tier 2,Supermarket Type1,918.804,180.6608
FDA33,6.48,LF,0.033952603,Snack Foods,148.2076,OUT049,1999,Medium,Tier 1,Supermarket Type1,3399.5748,143.2076
FDB12,11.15,Regular,0.105220024,Baking Goods,102.7648,OUT013,1987,High,Tier 3,Supermarket Type1,1142.5128,97.7648
FDT40,5.985,Low Fat,0.095715608,Frozen Foods,125.8678,OUT013,1987,High,Tier 3,Supermarket Type1,3560.6984,120.8678
NCO05,7.27,Low Fat,0.046822808,Health and Hygiene,99.3384,OUT017,2007,,Tier 2,Supermarket Type1,2759.0752,94.3384
FDR32,6.78,Regular,0,Fruits and Vegetables,227.5694,OUT049,1999,Medium,Tier 1,Supermarket Type1,3653.9104,222.5694
FDM04,9.195,Regular,0.04731256,Frozen Foods,50.7666,OUT018,2009,Medium,Tier 3,Supermarket Type2,512.666,45.7666
DRL01,19.5,Regular,0.077108099,Soft Drinks,232.8958,OUT013,1987,High,Tier 3,Supermarket Type1,5608.6992,227.8958
FDQ56,6.59,Low Fat,0.106027474,Fruits and Vegetables,83.9908,OUT018,2009,Medium,Tier 3,Supermarket Type2,1426.1436,78.9908
FDH08,7.51,Low Fat,0.01742908,Fruits and Vegetables,229.601,OUT046,1997,Small,Tier 1,Supermarket Type1,6201.927,224.601
NCQ06,,Low Fat,0.073229342,Household,254.1014,OUT019,1985,Small,Tier 1,Grocery Store,255.0014,249.1014
FDG16,,Low Fat,0.157257637,Frozen Foods,215.0192,OUT019,1985,Small,Tier 1,Grocery Store,1078.596,210.0192
FDZ40,,Low Fat,0.039988162,Frozen Foods,55.7298,OUT027,1985,Medium,Tier 3,Supermarket Type3,1024.6662,50.7298
FDY51,12.5,Low Fat,0.081119484,Meat,220.0798,OUT035,2004,Small,Tier 2,Supermarket Type1,1322.2788,215.0798
NCN41,17,Low Fat,0.052421981,Health and Hygiene,123.773,OUT018,2009,Medium,Tier 3,Supermarket Type2,1231.73,118.773
NCM17,,Low Fat,0.070791391,Health and Hygiene,46.4086,OUT027,1985,Medium,Tier 3,Supermarket Type3,2007.387,41.4086
FDP39,12.65,Low Fat,0.069817659,Meat,53.5324,OUT017,2007,,Tier 2,Supermarket Type1,830.9184,48.5324
FDZ08,12.5,Regular,0.109971578,Fruits and Vegetables,82.7592,OUT035,2004,Small,Tier 2,Supermarket Type1,577.9144,77.7592
FDU03,18.7,Regular,0.091950972,Meat,184.2292,OUT018,2009,Medium,Tier 3,Supermarket Type2,1277.0044,179.2292
FDZ49,11,Regular,0.133145617,Canned,218.4798,OUT046,1997,Small,Tier 1,Supermarket Type1,2203.798,213.4798
NCX30,,LF,0.046609281,Household,248.6776,OUT019,1985,Small,Tier 1,Grocery Store,495.3552,243.6776
FDV08,7.35,Low Fat,0.028652919,Fruits and Vegetables,40.5454,OUT045,2002,,Tier 2,Supermarket Type1,545.2902,35.5454
FDB15,10.895,Low Fat,0.136696892,Dairy,264.5568,OUT013,1987,High,Tier 3,Supermarket Type1,5536.7928,259.5568
FDY49,17.2,Regular,0.012002075,Canned,165.3184,OUT013,1987,High,Tier 3,Supermarket Type1,990.7104,160.3184
FDF24,15.5,reg,0.025513973,Baking Goods,83.7934,OUT017,2007,,Tier 2,Supermarket Type1,1474.0812,78.7934
DRK47,7.905,Low Fat,0.064194304,Hard Drinks,229.4694,OUT045,2002,,Tier 2,Supermarket Type1,2055.3246,224.4694
DRD37,9.8,Low Fat,0.013920032,Soft Drinks,45.006,OUT017,2007,,Tier 2,Supermarket Type1,792.302,40.006
FDH40,11.6,Regular,0.079251097,Frozen Foods,79.2276,OUT018,2009,Medium,Tier 3,Supermarket Type2,649.8208,74.2276
FDL12,,Regular,0.121043709,Baking Goods,59.422,OUT027,1985,Medium,Tier 3,Supermarket Type3,1078.596,54.422
FDW11,,Low Fat,0.048545853,Breads,60.1194,OUT027,1985,Medium,Tier 3,Supermarket Type3,1114.5492,55.1194
NCE06,5.825,LF,0.091467933,Household,159.7894,OUT035,2004,Small,Tier 2,Supermarket Type1,1294.3152,154.7894
FDF32,16.35,Low Fat,0,Fruits and Vegetables,196.3426,OUT018,2009,Medium,Tier 3,Supermarket Type2,1384.1982,191.3426
DRI47,14.7,Low Fat,0.020916223,Hard Drinks,141.8128,OUT035,2004,Small,Tier 2,Supermarket Type1,1869.5664,136.8128
DRA12,11.6,LF,0,Soft Drinks,141.9154,OUT035,2004,Small,Tier 2,Supermarket Type1,992.7078,136.9154
FDX45,16.75,Low Fat,0.104768536,Snack Foods,155.163,OUT013,1987,High,Tier 3,Supermarket Type1,2972.797,150.163
FDR35,12.5,Low Fat,0.020680499,Breads,197.2742,OUT013,1987,High,Tier 3,Supermarket Type1,2587.9646,192.2742
FDK03,12.6,Regular,0.123727659,Dairy,253.0356,OUT010,1998,,Tier 3,Grocery Store,254.3356,248.0356
NCJ18,12.35,Low Fat,0.163805509,Household,117.6124,OUT013,1987,High,Tier 3,Supermarket Type1,3910.9092,112.6124
FDN48,13.35,Low Fat,0.065082452,Baking Goods,93.0804,OUT045,2002,,Tier 2,Supermarket Type1,2113.2492,88.0804
FDZ59,,Regular,0.182128363,Baking Goods,165.65,OUT019,1985,Small,Tier 1,Grocery Store,665.8,160.65
FDB57,,Regular,0.01871404,Fruits and Vegetables,223.4772,OUT027,1985,Medium,Tier 3,Supermarket Type3,7116.0704,218.4772
DRP35,,Low Fat,0.159096908,Hard Drinks,129.3336,OUT019,1985,Small,Tier 1,Grocery Store,127.8336,124.3336
FDZ59,6.63,Regular,0.103935018,Baking Goods,166.85,OUT013,1987,High,Tier 3,Supermarket Type1,5326.4,161.85
FDU58,6.61,Regular,0.029129907,Snack Foods,188.4898,OUT018,2009,Medium,Tier 3,Supermarket Type2,4677.245,183.4898
FDL09,19.6,Regular,0.128011859,Snack Foods,166.8816,OUT035,2004,Small,Tier 2,Supermarket Type1,1845.5976,161.8816
FDY38,13.6,Regular,0.119850541,Dairy,234.53,OUT017,2007,,Tier 2,Supermarket Type1,6524.84,229.53
FDI46,,Low Fat,0.073985248,Snack Foods,252.5724,OUT027,1985,Medium,Tier 3,Supermarket Type3,3271.7412,247.5724
FDL03,19.25,Regular,0.027233781,Meat,197.511,OUT017,2007,,Tier 2,Supermarket Type1,982.055,192.511
DRC25,,Low Fat,0.079440262,Soft Drinks,86.7882,OUT019,1985,Small,Tier 1,Grocery Store,85.8882,81.7882
FDU60,20,Regular,0.060022526,Baking Goods,168.7132,OUT045,2002,,Tier 2,Supermarket Type1,6426.3016,163.7132
FDP25,,Low Fat,0.02110482,Canned,217.0824,OUT027,1985,Medium,Tier 3,Supermarket Type3,6769.8544,212.0824
FDO57,20.75,Low Fat,0.181958524,Snack Foods,161.0578,OUT010,1998,,Tier 3,Grocery Store,481.3734,156.0578
FDQ09,7.235,Low Fat,0.058222587,Snack Foods,114.8834,OUT049,1999,Medium,Tier 1,Supermarket Type1,3340.3186,109.8834
NCY05,,Low Fat,0.054723717,Health and Hygiene,36.6874,OUT027,1985,Medium,Tier 3,Supermarket Type3,1058.622,31.6874
FDA20,6.78,Low Fat,0.066724663,Fruits and Vegetables,187.724,OUT049,1999,Medium,Tier 1,Supermarket Type1,1491.392,182.724
FDF16,7.3,Low Fat,0.144167934,Frozen Foods,146.3076,OUT010,1998,,Tier 3,Grocery Store,886.8456,141.3076
NCG07,12.3,Low Fat,0.052458358,Household,188.753,OUT013,1987,High,Tier 3,Supermarket Type1,3795.06,183.753
FDR46,16.85,Low Fat,0.139985583,Snack Foods,145.276,OUT018,2009,Medium,Tier 3,Supermarket Type2,2490.092,140.276
FDP22,14.65,Regular,0.099286298,Snack Foods,49.8666,OUT049,1999,Medium,Tier 1,Supermarket Type1,563.9326,44.8666
FDL45,15.6,Low Fat,0.037680711,Snack Foods,123.7704,OUT035,2004,Small,Tier 2,Supermarket Type1,3129.26,118.7704
NCF42,17.35,Low Fat,0.168064909,Household,176.2712,OUT018,2009,Medium,Tier 3,Supermarket Type2,1230.3984,171.2712
FDD04,16,Low Fat,0.090111173,Dairy,141.3154,OUT049,1999,Medium,Tier 1,Supermarket Type1,3261.7542,136.3154
FDC45,17,Low Fat,0.136286138,Fruits and Vegetables,170.9106,OUT018,2009,Medium,Tier 3,Supermarket Type2,1197.7742,165.9106
FDI40,11.5,reg,0.125857678,Frozen Foods,100.5358,OUT045,2002,,Tier 2,Supermarket Type1,2111.2518,95.5358
FDQ11,5.695,Regular,0.067700925,Breads,256.5988,OUT046,1997,Small,Tier 1,Supermarket Type1,2055.9904,251.5988
DRM48,15.2,Low Fat,0.112896669,Soft Drinks,36.0848,OUT046,1997,Small,Tier 1,Supermarket Type1,1193.1136,31.0848
FDS12,9.1,Low Fat,0.173973652,Baking Goods,126.5362,OUT013,1987,High,Tier 3,Supermarket Type1,1761.7068,121.5362
FDR46,16.85,Low Fat,0,Snack Foods,146.076,OUT017,2007,,Tier 2,Supermarket Type1,2636.568,141.076
NCO02,11.15,Low Fat,0.073516952,Others,65.9142,OUT045,2002,,Tier 2,Supermarket Type1,790.9704,60.9142
FDQ52,17,Low Fat,0.119285634,Frozen Foods,247.4434,OUT013,1987,High,Tier 3,Supermarket Type1,2980.1208,242.4434
FDY28,7.47,Regular,0.153011599,Frozen Foods,215.2218,OUT017,2007,,Tier 2,Supermarket Type1,3419.5488,210.2218
FDE32,20.7,Low Fat,0.04875891,Fruits and Vegetables,37.3506,OUT046,1997,Small,Tier 1,Supermarket Type1,834.9132,32.3506
FDJ58,15.6,Regular,0.105276162,Snack Foods,173.2764,OUT035,2004,Small,Tier 2,Supermarket Type1,3779.0808,168.2764
FDJ27,17.7,Regular,0.122123201,Meat,100.7674,OUT045,2002,,Tier 2,Supermarket Type1,814.9392,95.7674
NCM18,13,Low Fat,0.082970667,Household,60.0194,OUT049,1999,Medium,Tier 1,Supermarket Type1,1114.5492,55.0194
FDA02,14,Regular,0.029782937,Dairy,146.3786,OUT045,2002,,Tier 2,Supermarket Type1,866.8716,141.3786
FDT26,18.85,Regular,0.067953506,Dairy,119.044,OUT046,1997,Small,Tier 1,Supermarket Type1,2396.88,114.044
DRD60,15.7,Low Fat,0.03722507,Soft Drinks,182.4634,OUT035,2004,Small,Tier 2,Supermarket Type1,1999.3974,177.4634
NCR18,15.85,Low Fat,0.020487625,Household,44.0112,OUT046,1997,Small,Tier 1,Supermarket Type1,468.7232,39.0112
FDO27,6.175,Regular,0.179077475,Meat,94.3752,OUT046,1997,Small,Tier 1,Supermarket Type1,1342.2528,89.3752
FDP25,,low fat,0.037131628,Canned,216.4824,OUT019,1985,Small,Tier 1,Grocery Store,218.3824,211.4824
FDQ51,16,Regular,0.017547958,Meat,48.3718,OUT035,2004,Small,Tier 2,Supermarket Type1,614.5334,43.3718
NCH07,13.15,Low Fat,0.093191195,Household,158.1604,OUT017,2007,,Tier 2,Supermarket Type1,1426.1436,153.1604
FDP44,16.5,Regular,0.079875237,Fruits and Vegetables,102.7332,OUT045,2002,,Tier 2,Supermarket Type1,1537.998,97.7332
NCP55,14.65,Low Fat,0.01125332,Others,57.0614,OUT017,2007,,Tier 2,Supermarket Type1,939.4438,52.0614
FDO09,13.5,Regular,0.125170423,Snack Foods,261.491,OUT013,1987,High,Tier 3,Supermarket Type1,3418.883,256.491
FDP38,10.1,Low Fat,0.032152004,Canned,50.6008,OUT049,1999,Medium,Tier 1,Supermarket Type1,404.8064,45.6008
FDI48,11.85,Regular,0.056033565,Baking Goods,51.4666,OUT017,2007,,Tier 2,Supermarket Type1,974.0654,46.4666
FDS58,9.285,Regular,0.021049215,Snack Foods,161.0578,OUT045,2002,,Tier 2,Supermarket Type1,2406.867,156.0578
FDJ55,12.8,Regular,0.023526504,Meat,223.5404,OUT035,2004,Small,Tier 2,Supermarket Type1,5626.01,218.5404
NCF06,6.235,Low Fat,0.020229757,Household,260.8962,OUT049,1999,Medium,Tier 1,Supermarket Type1,5956.9126,255.8962
FDF41,12.15,Low Fat,0.131445848,Frozen Foods,246.846,OUT045,2002,,Tier 2,Supermarket Type1,6404.996,241.846
NCL05,,Low Fat,0.083862625,Health and Hygiene,44.077,OUT019,1985,Small,Tier 1,Grocery Store,216.385,39.077
FDT24,12.35,reg,0.18614827,Baking Goods,78.2328,OUT049,1999,Medium,Tier 1,Supermarket Type1,1158.492,73.2328
FDK08,9.195,Regular,0.204713036,Fruits and Vegetables,101.0016,OUT010,1998,,Tier 3,Grocery Store,202.4032,96.0016
FDU55,16.2,Low Fat,0.036057562,Fruits and Vegetables,260.3278,OUT018,2009,Medium,Tier 3,Supermarket Type2,2342.9502,255.3278
NCY18,7.285,Low Fat,0.031327839,Household,174.6054,OUT017,2007,,Tier 2,Supermarket Type1,2976.7918,169.6054
FDS11,7.05,Regular,0.055558509,Breads,224.7088,OUT046,1997,Small,Tier 1,Supermarket Type1,3131.9232,219.7088
FDC28,,Low Fat,0,Frozen Foods,109.9254,OUT019,1985,Small,Tier 1,Grocery Store,108.5254,104.9254
FDR59,14.5,Regular,0.063863551,Breads,262.3594,OUT046,1997,Small,Tier 1,Supermarket Type1,4448.2098,257.3594
DRE15,13.35,Low Fat,0,Dairy,75.7012,OUT017,2007,,Tier 2,Supermarket Type1,1442.1228,70.7012
FDP19,11.5,Low Fat,0,Fruits and Vegetables,128.4652,OUT049,1999,Medium,Tier 1,Supermarket Type1,2841.6344,123.4652
DRN47,12.1,Low Fat,0.016852909,Hard Drinks,180.666,OUT049,1999,Medium,Tier 1,Supermarket Type1,2876.256,175.666
FDJ34,11.8,Regular,0.094037241,Snack Foods,124.5704,OUT018,2009,Medium,Tier 3,Supermarket Type2,1001.3632,119.5704
FDX21,7.05,Low Fat,0.085312137,Snack Foods,107.4912,OUT018,2009,Medium,Tier 3,Supermarket Type2,982.7208,102.4912
FDI57,,Low Fat,0.053764023,Seafood,195.7768,OUT027,1985,Medium,Tier 3,Supermarket Type3,3547.3824,190.7768
NCI42,18.75,Low Fat,0.010365546,Household,207.0954,OUT046,1997,Small,Tier 1,Supermarket Type1,3125.931,202.0954
FDL03,19.25,Regular,0.027135522,Meat,196.311,OUT045,2002,,Tier 2,Supermarket Type1,3142.576,191.311
FDX37,16.2,Low Fat,0,Canned,100.57,OUT013,1987,High,Tier 3,Supermarket Type1,1398.18,95.57
FDW57,8.31,reg,0.116148596,Snack Foods,176.0028,OUT018,2009,Medium,Tier 3,Supermarket Type2,4427.57,171.0028
FDX14,13.1,Low Fat,0.075363922,Dairy,73.8354,OUT017,2007,,Tier 2,Supermarket Type1,1956.1204,68.8354
FDD09,13.5,Low Fat,0.021496403,Fruits and Vegetables,180.5976,OUT046,1997,Small,Tier 1,Supermarket Type1,3078.6592,175.5976
FDM09,11.15,Regular,0.085931544,Snack Foods,169.679,OUT046,1997,Small,Tier 1,Supermarket Type1,1018.674,164.679
NCW54,7.5,Low Fat,0.096806008,Household,56.2588,OUT018,2009,Medium,Tier 3,Supermarket Type2,687.1056,51.2588
DRL11,,low fat,0.04778563,Hard Drinks,156.5946,OUT027,1985,Medium,Tier 3,Supermarket Type3,3787.0704,151.5946
FDJ58,15.6,Regular,0.105725004,Snack Foods,169.9764,OUT018,2009,Medium,Tier 3,Supermarket Type2,2748.4224,164.9764
FDX21,,Low Fat,0.148764535,Snack Foods,111.1912,OUT019,1985,Small,Tier 1,Grocery Store,109.1912,106.1912
FDA20,6.78,Low Fat,0.066997921,Fruits and Vegetables,186.524,OUT017,2007,,Tier 2,Supermarket Type1,2609.936,181.524
FDL34,16,Low Fat,0.040938155,Snack Foods,141.1496,OUT035,2004,Small,Tier 2,Supermarket Type1,4516.7872,136.1496
FDL38,,Regular,0.014661762,Canned,89.1172,OUT027,1985,Medium,Tier 3,Supermarket Type3,2319.6472,84.1172
DRL11,10.5,LF,0.048213766,Hard Drinks,159.6946,OUT018,2009,Medium,Tier 3,Supermarket Type2,3629.2758,154.6946
FDO40,17.1,Low Fat,0.032761024,Frozen Foods,148.8392,OUT018,2009,Medium,Tier 3,Supermarket Type2,2087.9488,143.8392
DRZ24,7.535,Low Fat,0,Soft Drinks,121.644,OUT045,2002,,Tier 2,Supermarket Type1,1557.972,116.644
FDM52,15.1,Low Fat,0.025988508,Frozen Foods,146.6076,OUT035,2004,Small,Tier 2,Supermarket Type1,2364.9216,141.6076
FDM52,15.1,Low Fat,0.026140452,Frozen Foods,149.0076,OUT017,2007,,Tier 2,Supermarket Type1,4138.6128,144.0076
FDV49,10,low fat,0.025932408,Canned,264.7226,OUT018,2009,Medium,Tier 3,Supermarket Type2,3171.8712,259.7226
FDF47,20.85,Low Fat,0.098170402,Starchy Foods,224.0746,OUT017,2007,,Tier 2,Supermarket Type1,2243.746,219.0746
FDF56,16.7,Regular,0.119439636,Fruits and Vegetables,182.1976,OUT035,2004,Small,Tier 2,Supermarket Type1,724.3904,177.1976
FDW12,8.315,Regular,0.059540542,Baking Goods,143.6444,OUT010,1998,,Tier 3,Grocery Store,145.1444,138.6444
FDY09,,Low Fat,0.044122209,Snack Foods,173.8054,OUT019,1985,Small,Tier 1,Grocery Store,175.1054,168.8054
FDY55,16.75,Low Fat,0.081304829,Fruits and Vegetables,258.4988,OUT035,2004,Small,Tier 2,Supermarket Type1,4111.9808,253.4988
FDU36,,Low Fat,0.081014461,Baking Goods,98.8384,OUT019,1985,Small,Tier 1,Grocery Store,492.692,93.8384
NCR06,12.5,Low Fat,0.006775667,Household,42.9112,OUT049,1999,Medium,Tier 1,Supermarket Type1,1022.6688,37.9112
FDW24,6.8,Low Fat,0.03749705,Baking Goods,49.9034,OUT046,1997,Small,Tier 1,Supermarket Type1,194.4136,44.9034
FDF16,7.3,Low Fat,0.086060695,Frozen Foods,149.8076,OUT013,1987,High,Tier 3,Supermarket Type1,2808.3444,144.8076
NCR18,15.85,Low Fat,0.020519478,Household,42.5112,OUT049,1999,Medium,Tier 1,Supermarket Type1,852.224,37.5112
DRD01,12.1,Regular,0.061163967,Soft Drinks,56.5614,OUT035,2004,Small,Tier 2,Supermarket Type1,828.921,51.5614
FDS15,9.195,Regular,0.07821891,Meat,107.6596,OUT045,2002,,Tier 2,Supermarket Type1,323.5788,102.6596
FDT19,7.59,Regular,0.14492016,Fruits and Vegetables,174.708,OUT013,1987,High,Tier 3,Supermarket Type1,2942.836,169.708
FDE59,12.15,Low Fat,0.062235983,Starchy Foods,34.5532,OUT013,1987,High,Tier 3,Supermarket Type1,359.532,29.5532
FDE04,19.75,Regular,0.030166924,Frozen Foods,179.766,OUT010,1998,,Tier 3,Grocery Store,719.064,174.766
NCV17,18.85,Low Fat,0.016104504,Health and Hygiene,130.2626,OUT035,2004,Small,Tier 2,Supermarket Type1,2360.9268,125.2626
FDC17,12.15,LF,0.01544786,Frozen Foods,211.2928,OUT013,1987,High,Tier 3,Supermarket Type1,2735.1064,206.2928
FDI45,13.1,Low Fat,0.037574137,Fruits and Vegetables,174.2054,OUT035,2004,Small,Tier 2,Supermarket Type1,3677.2134,169.2054
FDZ33,,Low Fat,0.106876976,Snack Foods,146.7076,OUT027,1985,Medium,Tier 3,Supermarket Type3,3842.9976,141.7076
FDJ56,,Low Fat,0.32111501,Fruits and Vegetables,100.77,OUT019,1985,Small,Tier 1,Grocery Store,199.74,95.77
FDN25,7.895,Regular,0.061124626,Breakfast,58.5588,OUT013,1987,High,Tier 3,Supermarket Type1,171.7764,53.5588
FDC10,,Regular,0.127599399,Snack Foods,118.9098,OUT019,1985,Small,Tier 1,Grocery Store,120.5098,113.9098
FDQ22,16.75,Low Fat,0.029785889,Snack Foods,38.9822,OUT049,1999,Medium,Tier 1,Supermarket Type1,628.5152,33.9822
NCR54,16.35,Low Fat,0,Household,198.211,OUT035,2004,Small,Tier 2,Supermarket Type1,2946.165,193.211
DRK11,8.21,Low Fat,0.010762387,Hard Drinks,149.5392,OUT035,2004,Small,Tier 2,Supermarket Type1,1789.6704,144.5392
DRI37,15.85,Low Fat,0.108206497,Soft Drinks,58.3904,OUT017,2007,,Tier 2,Supermarket Type1,468.7232,53.3904
FDX37,16.2,Low Fat,0.063127333,Canned,100.47,OUT049,1999,Medium,Tier 1,Supermarket Type1,1597.92,95.47
FDF05,17.5,Low Fat,0.02687089,Frozen Foods,264.491,OUT046,1997,Small,Tier 1,Supermarket Type1,3681.874,259.491
FDW36,,Low Fat,0.099681705,Baking Goods,107.4622,OUT019,1985,Small,Tier 1,Grocery Store,317.5866,102.4622
FDI04,13.65,Regular,0.072898645,Frozen Foods,198.1426,OUT035,2004,Small,Tier 2,Supermarket Type1,1977.426,193.1426
FDB04,11.35,Regular,0.063354531,Dairy,88.9856,OUT045,2002,,Tier 2,Supermarket Type1,1230.3984,83.9856
FDU38,10.8,Low Fat,0.082534287,Dairy,191.1504,OUT035,2004,Small,Tier 2,Supermarket Type1,4410.2592,186.1504
FDY28,7.47,Regular,0.152024355,Frozen Foods,211.8218,OUT013,1987,High,Tier 3,Supermarket Type1,1496.0526,206.8218
FDP20,19.85,Low Fat,0.045669236,Fruits and Vegetables,126.402,OUT046,1997,Small,Tier 1,Supermarket Type1,1012.016,121.402
FDC29,8.39,Regular,0.024342578,Frozen Foods,113.6176,OUT017,2007,,Tier 2,Supermarket Type1,2862.94,108.6176
FDR45,10.8,Low Fat,0.028988288,Snack Foods,239.2222,OUT049,1999,Medium,Tier 1,Supermarket Type1,6692.6216,234.2222
NCC42,15,Low Fat,0.044908404,Health and Hygiene,140.2838,OUT046,1997,Small,Tier 1,Supermarket Type1,1404.838,135.2838
NCF42,17.35,Low Fat,0.168329848,Household,176.7712,OUT017,2007,,Tier 2,Supermarket Type1,2812.3392,171.7712
FDZ45,14.1,Low Fat,0.111936685,Snack Foods,198.8084,OUT010,1998,,Tier 3,Grocery Store,992.042,193.8084
FDB23,19.2,Regular,0.005620213,Starchy Foods,226.6062,OUT017,2007,,Tier 2,Supermarket Type1,5191.2426,221.6062
FDC41,15.6,Low Fat,0.117095014,Frozen Foods,78.067,OUT049,1999,Medium,Tier 1,Supermarket Type1,1148.505,73.067
FDA10,,LF,0.248301532,Snack Foods,124.1072,OUT019,1985,Small,Tier 1,Grocery Store,245.0144,119.1072
NCM26,20.5,LF,0.023274107,Others,154.134,OUT017,2007,,Tier 2,Supermarket Type1,2909.546,149.134
FDZ58,,Low Fat,0.091354948,Snack Foods,122.3072,OUT019,1985,Small,Tier 1,Grocery Store,122.5072,117.3072
FDW35,10.6,Low Fat,0.011087128,Breads,41.4454,OUT035,2004,Small,Tier 2,Supermarket Type1,1468.089,36.4454
FDX32,15.1,Regular,0.099839365,Fruits and Vegetables,143.3786,OUT035,2004,Small,Tier 2,Supermarket Type1,1733.7432,138.3786
FDK40,7.035,Low Fat,0.021938404,Frozen Foods,264.691,OUT018,2009,Medium,Tier 3,Supermarket Type2,5785.802,259.691
FDD04,16,Low Fat,0.090480206,Dairy,142.4154,OUT017,2007,,Tier 2,Supermarket Type1,1985.4156,137.4154
FDP28,13.65,Regular,0.080640478,Frozen Foods,262.6936,OUT046,1997,Small,Tier 1,Supermarket Type1,4175.8976,257.6936
NCL42,18.85,Low Fat,0.040338009,Household,246.7144,OUT013,1987,High,Tier 3,Supermarket Type1,6615.3888,241.7144
DRB13,6.115,Regular,0.007043008,Soft Drinks,190.353,OUT035,2004,Small,Tier 2,Supermarket Type1,569.259,185.353
FDC33,8.96,Regular,0.069219165,Fruits and Vegetables,196.5768,OUT018,2009,Medium,Tier 3,Supermarket Type2,2759.0752,191.5768
FDO58,19.6,Low Fat,0.039569689,Snack Foods,165.9526,OUT035,2004,Small,Tier 2,Supermarket Type1,2631.2416,160.9526
FDE34,9.195,Low Fat,0.180588082,Snack Foods,182.2634,OUT010,1998,,Tier 3,Grocery Store,363.5268,177.2634
NCE19,8.97,Low Fat,0.09301462,Household,52.7956,OUT046,1997,Small,Tier 1,Supermarket Type1,1037.3164,47.7956
NCJ18,12.35,LF,0.274405193,Household,117.1124,OUT010,1998,,Tier 3,Grocery Store,355.5372,112.1124
FDF52,9.3,Low Fat,0.066887123,Frozen Foods,183.9292,OUT049,1999,Medium,Tier 1,Supermarket Type1,3283.7256,178.9292
FDY04,17.7,Regular,0.042468413,Frozen Foods,162.421,OUT035,2004,Small,Tier 2,Supermarket Type1,1468.089,157.421
DRF49,7.27,Low Fat,0.071188446,Soft Drinks,111.9518,OUT049,1999,Medium,Tier 1,Supermarket Type1,1138.518,106.9518
FDX27,20.7,Regular,0.191008614,Dairy,92.8436,OUT010,1998,,Tier 3,Grocery Store,189.0872,87.8436
FDV28,16.1,Regular,0.159595473,Frozen Foods,32.8558,OUT013,1987,High,Tier 3,Supermarket Type1,339.558,27.8558
FDE33,,Regular,0.086905536,Fruits and Vegetables,78.8644,OUT019,1985,Small,Tier 1,Grocery Store,314.2576,73.8644
FDQ37,20.75,Low Fat,0.089186387,Breakfast,193.3478,OUT013,1987,High,Tier 3,Supermarket Type1,6006.1818,188.3478
NCG30,20.2,LF,0.112321218,Household,123.6046,OUT046,1997,Small,Tier 1,Supermarket Type1,2988.1104,118.6046
NCH29,5.51,Low Fat,0.034668802,Health and Hygiene,98.5726,OUT017,2007,,Tier 2,Supermarket Type1,1761.7068,93.5726
FDV20,20.2,Regular,0,Fruits and Vegetables,129.0678,OUT017,2007,,Tier 2,Supermarket Type1,3560.6984,124.0678
FDG57,14.7,Low Fat,0.072592873,Fruits and Vegetables,48.5034,OUT018,2009,Medium,Tier 3,Supermarket Type2,874.8612,43.5034
FDU60,20,Regular,0.059889718,Baking Goods,168.5132,OUT035,2004,Small,Tier 2,Supermarket Type1,2874.9244,163.5132
NCH30,17.1,Low Fat,0.112402118,Household,112.986,OUT010,1998,,Tier 3,Grocery Store,113.186,107.986
NCM29,11.5,Low Fat,0.029529474,Health and Hygiene,132.6626,OUT010,1998,,Tier 3,Grocery Store,262.3252,127.6626
FDB12,11.15,Regular,0.105736638,Baking Goods,104.4648,OUT018,2009,Medium,Tier 3,Supermarket Type2,2181.1608,99.4648
FDD53,16.2,Low Fat,0.044291251,Frozen Foods,43.3454,OUT049,1999,Medium,Tier 1,Supermarket Type1,503.3448,38.3454
FDI44,16.1,Low Fat,0.100388706,Fruits and Vegetables,76.0328,OUT049,1999,Medium,Tier 1,Supermarket Type1,1853.5872,71.0328
FDW56,,Low Fat,0.070556945,Fruits and Vegetables,191.2162,OUT027,1985,Medium,Tier 3,Supermarket Type3,7504.2318,186.2162
FDA01,15,Regular,0.054599767,Canned,59.4904,OUT018,2009,Medium,Tier 3,Supermarket Type2,644.4944,54.4904
FDG47,12.8,Low Fat,0.069560905,Starchy Foods,263.0252,OUT013,1987,High,Tier 3,Supermarket Type1,2885.5772,258.0252
FDT40,5.985,Low Fat,0,Frozen Foods,125.2678,OUT035,2004,Small,Tier 2,Supermarket Type1,1017.3424,120.2678
FDU20,19.35,Regular,0.021453493,Fruits and Vegetables,120.3098,OUT035,2004,Small,Tier 2,Supermarket Type1,2530.7058,115.3098
NCP41,16.6,Low Fat,0.016276741,Health and Hygiene,109.8596,OUT018,2009,Medium,Tier 3,Supermarket Type2,1617.894,104.8596
FDW36,,LF,0.056656942,Baking Goods,106.2622,OUT027,1985,Medium,Tier 3,Supermarket Type3,2328.9684,101.2622
FDN31,11.5,Low Fat,0.072994847,Fruits and Vegetables,189.253,OUT049,1999,Medium,Tier 1,Supermarket Type1,1328.271,184.253
NCU54,8.88,Low Fat,0.165073642,Household,207.727,OUT010,1998,,Tier 3,Grocery Store,209.727,202.727
FDS01,11.6,Low Fat,0.017744999,Canned,177.9686,OUT046,1997,Small,Tier 1,Supermarket Type1,1244.3802,172.9686
FDA23,9.8,LF,0.047453947,Baking Goods,101.7016,OUT017,2007,,Tier 2,Supermarket Type1,1518.024,96.7016
FDY08,9.395,Regular,0.171422166,Fruits and Vegetables,139.1838,OUT045,2002,,Tier 2,Supermarket Type1,1685.8056,134.1838
FDJ28,12.3,Low Fat,0.021860985,Frozen Foods,193.3162,OUT046,1997,Small,Tier 1,Supermarket Type1,3078.6592,188.3162
DRF36,16.1,Low Fat,0.023577298,Soft Drinks,192.6846,OUT046,1997,Small,Tier 1,Supermarket Type1,2866.269,187.6846
FDH44,19.1,Regular,0.043304681,Fruits and Vegetables,147.5418,OUT010,1998,,Tier 3,Grocery Store,294.2836,142.5418
NCY54,8.43,Low Fat,0.177971115,Household,174.0422,OUT049,1999,Medium,Tier 1,Supermarket Type1,2069.3064,169.0422
FDR59,14.5,Regular,0.106894492,Breads,260.4594,OUT010,1998,,Tier 3,Grocery Store,1046.6376,255.4594
DRA59,8.27,Regular,0.127927931,Soft Drinks,184.8924,OUT046,1997,Small,Tier 1,Supermarket Type1,4442.2176,179.8924
FDS55,7.02,Low Fat,0.081623275,Fruits and Vegetables,148.0734,OUT017,2007,,Tier 2,Supermarket Type1,1930.1542,143.0734
FDZ28,20,Regular,0.051596927,Frozen Foods,128.0678,OUT045,2002,,Tier 2,Supermarket Type1,1780.3492,123.0678
DRG49,7.81,Low Fat,0.067592098,Soft Drinks,246.0486,OUT045,2002,,Tier 2,Supermarket Type1,7086.1094,241.0486
FDH21,,Low Fat,0.054670967,Seafood,158.6604,OUT019,1985,Small,Tier 1,Grocery Store,316.9208,153.6604
NCN19,13.1,Low Fat,0.012089479,Others,189.853,OUT013,1987,High,Tier 3,Supermarket Type1,3415.554,184.853
FDP25,15.2,Low Fat,0.021250528,Canned,216.5824,OUT045,2002,,Tier 2,Supermarket Type1,5241.1776,211.5824
DRH59,10.8,Low Fat,0.05843345,Hard Drinks,74.738,OUT046,1997,Small,Tier 1,Supermarket Type1,1025.332,69.738
FDH09,12.6,Low Fat,0.05606697,Seafood,50.7982,OUT035,2004,Small,Tier 2,Supermarket Type1,473.3838,45.7982
NCK54,12.15,Low Fat,0.029569276,Household,115.015,OUT049,1999,Medium,Tier 1,Supermarket Type1,2912.875,110.015
FDT21,7.42,Low Fat,0.0204332,Snack Foods,248.9092,OUT045,2002,,Tier 2,Supermarket Type1,5976.2208,243.9092
FDR12,,Regular,0.055213281,Baking Goods,172.4764,OUT019,1985,Small,Tier 1,Grocery Store,687.1056,167.4764
FDS25,6.885,Regular,0.1408005,Canned,111.4228,OUT017,2007,,Tier 2,Supermarket Type1,2984.1156,106.4228
NCL05,,Low Fat,0.047665717,Health and Hygiene,42.177,OUT027,1985,Medium,Tier 3,Supermarket Type3,1255.033,37.177
NCI30,20.25,Low Fat,0.059268885,Household,246.446,OUT017,2007,,Tier 2,Supermarket Type1,3695.19,241.446
FDJ26,15.3,Regular,0.084937098,Canned,214.0218,OUT045,2002,,Tier 2,Supermarket Type1,1068.609,209.0218
FDA56,9.21,Low Fat,0.008778413,Fruits and Vegetables,122.4414,OUT049,1999,Medium,Tier 1,Supermarket Type1,1583.9382,117.4414
FDM33,15.6,Low Fat,0,Snack Foods,220.4798,OUT018,2009,Medium,Tier 3,Supermarket Type2,661.1394,215.4798
FDP04,15.35,Low Fat,0.013834247,Frozen Foods,62.7168,OUT049,1999,Medium,Tier 1,Supermarket Type1,958.752,57.7168
FDR55,12.15,Regular,0.132351411,Fruits and Vegetables,190.3872,OUT045,2002,,Tier 2,Supermarket Type1,2836.308,185.3872
NCZ54,,Low Fat,0.082955719,Household,164.0552,OUT027,1985,Medium,Tier 3,Supermarket Type3,5523.4768,159.0552
NCA53,11.395,low fat,0.009893817,Health and Hygiene,50.3034,OUT049,1999,Medium,Tier 1,Supermarket Type1,972.068,45.3034
FDL20,17.1,Low Fat,0,Fruits and Vegetables,111.9886,OUT046,1997,Small,Tier 1,Supermarket Type1,3002.0922,106.9886
FDT26,18.85,Regular,0.067940657,Dairy,119.044,OUT035,2004,Small,Tier 2,Supermarket Type1,1198.44,114.044
NCZ06,19.6,Low Fat,0.094161662,Household,251.9698,OUT046,1997,Small,Tier 1,Supermarket Type1,4566.0564,246.9698
FDA04,11.3,Regular,0.067107448,Frozen Foods,258.1962,OUT017,2007,,Tier 2,Supermarket Type1,4402.9354,253.1962
FDD29,,Low Fat,0.018321361,Frozen Foods,255.3698,OUT027,1985,Medium,Tier 3,Supermarket Type3,4819.7262,250.3698
FDS56,5.785,Regular,0.038756864,Fruits and Vegetables,260.7252,OUT046,1997,Small,Tier 1,Supermarket Type1,6033.4796,255.7252
FDT07,5.82,Regular,0.077254736,Fruits and Vegetables,257.633,OUT013,1987,High,Tier 3,Supermarket Type1,1537.998,252.633
FDT58,9,Low Fat,0.08630486,Snack Foods,168.0816,OUT018,2009,Medium,Tier 3,Supermarket Type2,2181.1608,163.0816
FDJ10,,Regular,0.128876537,Snack Foods,139.1838,OUT027,1985,Medium,Tier 3,Supermarket Type3,4916.933,134.1838
FDN25,7.895,Regular,0.061163967,Breakfast,59.2588,OUT035,2004,Small,Tier 2,Supermarket Type1,801.6232,54.2588
DRC27,13.8,Low Fat,0.058220302,Dairy,247.4802,OUT045,2002,,Tier 2,Supermarket Type1,1474.0812,242.4802
FDA38,5.44,Low Fat,0.025519534,Dairy,238.7538,OUT049,1999,Medium,Tier 1,Supermarket Type1,3605.307,233.7538
FDM56,16.7,Low Fat,0.070133177,Fruits and Vegetables,109.8912,OUT013,1987,High,Tier 3,Supermarket Type1,873.5296,104.8912
NCI43,19.85,Low Fat,0.025947095,Household,46.9376,OUT013,1987,High,Tier 3,Supermarket Type1,575.2512,41.9376
FDP36,10.395,Regular,0.091688111,Baking Goods,49.0008,OUT017,2007,,Tier 2,Supermarket Type1,860.2136,44.0008
DRK49,,LF,0,Soft Drinks,40.5138,OUT019,1985,Small,Tier 1,Grocery Store,40.6138,35.5138
FDW32,,Regular,0.165101585,Fruits and Vegetables,87.7882,OUT019,1985,Small,Tier 1,Grocery Store,515.3292,82.7882
NCW18,15.1,Low Fat,0.059417055,Household,237.9248,OUT049,1999,Medium,Tier 1,Supermarket Type1,2133.2232,232.9248
FDQ44,20.5,Low Fat,0.036287517,Fruits and Vegetables,121.2756,OUT018,2009,Medium,Tier 3,Supermarket Type2,2181.1608,116.2756
FDL45,15.6,Low Fat,0.037764269,Snack Foods,124.9704,OUT045,2002,,Tier 2,Supermarket Type1,2253.0672,119.9704
DRB48,16.75,Regular,0.024848788,Soft Drinks,39.9822,OUT035,2004,Small,Tier 2,Supermarket Type1,746.3618,34.9822
FDQ34,10.85,Low Fat,0.162903525,Snack Foods,104.9622,OUT018,2009,Medium,Tier 3,Supermarket Type2,1482.0708,99.9622
FDH17,16.2,Regular,0.016747538,Frozen Foods,98.6726,OUT017,2007,,Tier 2,Supermarket Type1,1272.3438,93.6726
FDN08,7.72,Regular,0.147904328,Fruits and Vegetables,116.6466,OUT010,1998,,Tier 3,Grocery Store,117.8466,111.6466
FDK57,,Low Fat,0.079904068,Snack Foods,120.044,OUT027,1985,Medium,Tier 3,Supermarket Type3,4434.228,115.044
FDK10,5.785,Regular,0.040325274,Snack Foods,180.466,OUT013,1987,High,Tier 3,Supermarket Type1,719.064,175.466
FDL39,,Regular,0.06302467,Dairy,181.6318,OUT027,1985,Medium,Tier 3,Supermarket Type3,1263.0226,176.6318
FDP25,15.2,Low Fat,0.021203509,Canned,216.3824,OUT035,2004,Small,Tier 2,Supermarket Type1,6114.7072,211.3824
FDC05,13.1,Regular,0.098765906,Frozen Foods,196.3768,OUT035,2004,Small,Tier 2,Supermarket Type1,2167.8448,191.3768
FDA39,6.32,Low Fat,0.012707362,Meat,41.0822,OUT013,1987,High,Tier 3,Supermarket Type1,942.7728,36.0822
FDZ10,17.85,Low Fat,0.04442649,Snack Foods,124.902,OUT013,1987,High,Tier 3,Supermarket Type1,1897.53,119.902
FDK08,,Regular,0.121712459,Fruits and Vegetables,101.2016,OUT027,1985,Medium,Tier 3,Supermarket Type3,2631.2416,96.2016
DRD24,13.85,Low Fat,0.030769458,Soft Drinks,141.7154,OUT013,1987,High,Tier 3,Supermarket Type1,2978.1234,136.7154
DRG48,5.78,Low Fat,0.014614357,Soft Drinks,147.3102,OUT018,2009,Medium,Tier 3,Supermarket Type2,2332.9632,142.3102
FDH52,,Regular,0.076868664,Frozen Foods,62.1194,OUT019,1985,Small,Tier 1,Grocery Store,123.8388,57.1194
FDS25,6.885,Regular,0.140292495,Canned,108.5228,OUT045,2002,,Tier 2,Supermarket Type1,1989.4104,103.5228
NCH43,8.42,Low Fat,0.070555571,Household,216.0192,OUT035,2004,Small,Tier 2,Supermarket Type1,2372.9112,211.0192
DRK01,7.63,Low Fat,0.061409711,Soft Drinks,94.6436,OUT017,2007,,Tier 2,Supermarket Type1,1607.2412,89.6436
FDD59,10.5,Regular,0.066555152,Starchy Foods,80.896,OUT017,2007,,Tier 2,Supermarket Type1,958.752,75.896
FDB27,7.575,Low Fat,0.092711708,Dairy,197.7768,OUT010,1998,,Tier 3,Grocery Store,197.0768,192.7768
FDO22,13.5,Regular,0.017844609,Snack Foods,81.396,OUT013,1987,High,Tier 3,Supermarket Type1,1198.44,76.396
FDD35,12.15,Low Fat,0.025916883,Starchy Foods,120.244,OUT045,2002,,Tier 2,Supermarket Type1,2277.036,115.244
FDR01,5.405,Regular,0.053611144,Canned,197.7742,OUT035,2004,Small,Tier 2,Supermarket Type1,796.2968,192.7742
NCB31,,Low Fat,0.207783483,Household,262.291,OUT019,1985,Small,Tier 1,Grocery Store,525.982,257.291
FDC35,7.435,Low Fat,0.122837694,Starchy Foods,208.7638,OUT046,1997,Small,Tier 1,Supermarket Type1,3105.957,203.7638
FDS23,4.635,Low Fat,0.141174838,Breads,127.0994,OUT045,2002,,Tier 2,Supermarket Type1,2826.9868,122.0994
FDC33,8.96,Regular,0.069078149,Fruits and Vegetables,197.7768,OUT045,2002,,Tier 2,Supermarket Type1,3153.2288,192.7768
NCF18,18.35,LF,0.089345074,Household,191.9504,OUT018,2009,Medium,Tier 3,Supermarket Type2,5369.0112,186.9504
FDM36,11.65,Regular,0.058822142,Baking Goods,173.5422,OUT049,1999,Medium,Tier 1,Supermarket Type1,3448.844,168.5422
FDJ53,10.5,Low Fat,0.071368699,Frozen Foods,121.3098,OUT049,1999,Medium,Tier 1,Supermarket Type1,1446.1176,116.3098
NCL17,7.39,Low Fat,0.068055818,Health and Hygiene,140.7812,OUT018,2009,Medium,Tier 3,Supermarket Type2,1567.2932,135.7812
FDW27,,Regular,0.150122794,Meat,154.5314,OUT027,1985,Medium,Tier 3,Supermarket Type3,1396.1826,149.5314
FDA32,14,Low Fat,0.030094192,Fruits and Vegetables,215.7192,OUT046,1997,Small,Tier 1,Supermarket Type1,1078.596,210.7192
FDA03,18.5,Regular,0.076097035,Dairy,145.8102,OUT010,1998,,Tier 3,Grocery Store,291.6204,140.8102
FDW09,13.65,Regular,0.025973384,Snack Foods,79.6302,OUT045,2002,,Tier 2,Supermarket Type1,554.6114,74.6302
FDN09,14.15,LF,0,Snack Foods,244.1828,OUT045,2002,,Tier 2,Supermarket Type1,731.0484,239.1828
FDM08,10.1,Regular,0.053887301,Fruits and Vegetables,225.6088,OUT017,2007,,Tier 2,Supermarket Type1,4250.4672,220.6088
FDX01,10.1,LF,0.024262772,Canned,117.615,OUT018,2009,Medium,Tier 3,Supermarket Type2,1514.695,112.615
DRO35,13.85,Low Fat,0.034624104,Hard Drinks,115.0492,OUT049,1999,Medium,Tier 1,Supermarket Type1,4054.722,110.0492
FDS31,13.1,Regular,0.044281996,Fruits and Vegetables,178.5318,OUT045,2002,,Tier 2,Supermarket Type1,3067.3406,173.5318
NCM53,18.75,Low Fat,0.052121825,Health and Hygiene,104.828,OUT049,1999,Medium,Tier 1,Supermarket Type1,2343.616,99.828
FDI16,14,Regular,0.135662712,Frozen Foods,52.064,OUT013,1987,High,Tier 3,Supermarket Type1,852.224,47.064
DRF36,16.1,Low Fat,0.023613955,Soft Drinks,192.8846,OUT049,1999,Medium,Tier 1,Supermarket Type1,5350.3688,187.8846
FDW49,,Low Fat,0.082152451,Canned,179.9002,OUT027,1985,Medium,Tier 3,Supermarket Type3,4119.3046,174.9002
FDB58,,Regular,0.02363057,Snack Foods,141.7154,OUT019,1985,Small,Tier 1,Grocery Store,425.4462,136.7154
NCJ18,12.35,Low Fat,0.164274416,Household,119.8124,OUT045,2002,,Tier 2,Supermarket Type1,2133.2232,114.8124
FDL51,20.7,Regular,0.047587685,Dairy,215.0876,OUT045,2002,,Tier 2,Supermarket Type1,5145.3024,210.0876
FDS03,7.825,Low Fat,0.079952983,Meat,62.7826,OUT018,2009,Medium,Tier 3,Supermarket Type2,1162.4868,57.7826
NCO54,,low fat,0.024992442,Household,53.6614,OUT019,1985,Small,Tier 1,Grocery Store,165.7842,48.6614
FDA48,12.1,Low Fat,0.115107028,Baking Goods,222.0114,OUT045,2002,,Tier 2,Supermarket Type1,3547.3824,217.0114
NCK06,,Low Fat,0.008604657,Household,123.1756,OUT027,1985,Medium,Tier 3,Supermarket Type3,1211.756,118.1756
NCZ54,14.65,Low Fat,0.083528446,Household,162.4552,OUT045,2002,,Tier 2,Supermarket Type1,2274.3728,157.4552
FDW39,,Regular,0.036731658,Meat,177.237,OUT027,1985,Medium,Tier 3,Supermarket Type3,4763.799,172.237
FDI09,20.75,Regular,0.129337594,Seafood,238.188,OUT046,1997,Small,Tier 1,Supermarket Type1,5033.448,233.188
NCO02,11.15,Low Fat,0,Others,65.0142,OUT049,1999,Medium,Tier 1,Supermarket Type1,1120.5414,60.0142
DRF13,12.1,Low Fat,0.029827665,Soft Drinks,144.3444,OUT049,1999,Medium,Tier 1,Supermarket Type1,2612.5992,139.3444
FDK25,11.6,Regular,0.157718931,Breakfast,168.3474,OUT017,2007,,Tier 2,Supermarket Type1,4548.0798,163.3474
FDZ38,17.6,Low Fat,0.008046275,Dairy,173.7422,OUT017,2007,,Tier 2,Supermarket Type1,5863.0348,168.7422
NCQ42,,Low Fat,0.068753558,Household,127.9678,OUT019,1985,Small,Tier 1,Grocery Store,254.3356,122.9678
FDM14,,Low Fat,0.013199737,Canned,108.9254,OUT027,1985,Medium,Tier 3,Supermarket Type3,2713.135,103.9254
FDC20,10.65,LF,0.023971463,Fruits and Vegetables,54.0272,OUT046,1997,Small,Tier 1,Supermarket Type1,447.4176,49.0272
FDW32,18.35,Regular,0.09468096,Fruits and Vegetables,86.2882,OUT018,2009,Medium,Tier 3,Supermarket Type2,1631.8758,81.2882
FDQ19,7.35,Regular,0.014394261,Fruits and Vegetables,241.3512,OUT045,2002,,Tier 2,Supermarket Type1,5331.7264,236.3512
FDE08,18.2,Low Fat,0.049396364,Fruits and Vegetables,146.4734,OUT049,1999,Medium,Tier 1,Supermarket Type1,3563.3616,141.4734
FDC29,8.39,Regular,0.024243294,Frozen Foods,116.0176,OUT049,1999,Medium,Tier 1,Supermarket Type1,1603.2464,111.0176
FDV50,14.3,Low Fat,0.122469209,Dairy,121.973,OUT013,1987,High,Tier 3,Supermarket Type1,2709.806,116.973
FDF11,10.195,Regular,0.017730951,Starchy Foods,239.8538,OUT017,2007,,Tier 2,Supermarket Type1,4086.0146,234.8538
FDN09,14.15,LF,0.035016754,Snack Foods,245.3828,OUT018,2009,Medium,Tier 3,Supermarket Type2,1705.7796,240.3828
DRG37,16.2,Low Fat,0.019417732,Soft Drinks,153.7972,OUT045,2002,,Tier 2,Supermarket Type1,1402.1748,148.7972
NCV06,,Low Fat,0.066358426,Household,195.2478,OUT027,1985,Medium,Tier 3,Supermarket Type3,7168.6686,190.2478
DRJ13,12.65,Low Fat,0.105265475,Soft Drinks,159.9578,OUT010,1998,,Tier 3,Grocery Store,962.7468,154.9578
DRF25,,Low Fat,0.038736754,Soft Drinks,37.319,OUT027,1985,Medium,Tier 3,Supermarket Type3,1281.665,32.319
FDE53,10.895,Low Fat,0.044991876,Frozen Foods,107.228,OUT010,1998,,Tier 3,Grocery Store,426.112,102.228
FDS08,5.735,Low Fat,0.05696122,Fruits and Vegetables,176.337,OUT046,1997,Small,Tier 1,Supermarket Type1,1764.37,171.337
FDO23,17.85,Low Fat,0.147255604,Breads,93.7436,OUT017,2007,,Tier 2,Supermarket Type1,1701.7848,88.7436
FDT07,5.82,Regular,0.077319079,Fruits and Vegetables,255.433,OUT046,1997,Small,Tier 1,Supermarket Type1,4357.661,250.433
NCX29,10,Low Fat,0.089135671,Health and Hygiene,146.9102,OUT035,2004,Small,Tier 2,Supermarket Type1,3207.8244,141.9102
FDG22,17.6,Regular,0.041373331,Snack Foods,38.119,OUT035,2004,Small,Tier 2,Supermarket Type1,732.38,33.119
DRJ47,,Low Fat,0.04403602,Hard Drinks,173.308,OUT027,1985,Medium,Tier 3,Supermarket Type3,6751.212,168.308
FDL43,10.1,Low Fat,0.027041859,Meat,77.567,OUT013,1987,High,Tier 3,Supermarket Type1,306.268,72.567
FDZ43,,Regular,0.056782237,Fruits and Vegetables,241.2512,OUT027,1985,Medium,Tier 3,Supermarket Type3,8239.9408,236.2512
FDZ21,17.6,Regular,0.03922186,Snack Foods,97.241,OUT046,1997,Small,Tier 1,Supermarket Type1,193.082,92.241
FDJ50,8.645,Low Fat,0.021581922,Canned,53.3982,OUT035,2004,Small,Tier 2,Supermarket Type1,1209.7586,48.3982
FDV35,19.5,Low Fat,0.128206001,Breads,155.9314,OUT046,1997,Small,Tier 1,Supermarket Type1,3878.285,150.9314
FDW56,7.68,Low Fat,0.071301323,Fruits and Vegetables,190.8162,OUT017,2007,,Tier 2,Supermarket Type1,2693.8268,185.8162
DRL35,15.7,Low Fat,0.030765898,Hard Drinks,43.277,OUT045,2002,,Tier 2,Supermarket Type1,649.155,38.277
FDR01,5.405,Regular,0.053730029,Canned,199.0742,OUT045,2002,,Tier 2,Supermarket Type1,4777.7808,194.0742
FDS24,20.85,Regular,0.062350672,Baking Goods,86.9514,OUT045,2002,,Tier 2,Supermarket Type1,1416.8224,81.9514
NCL17,7.39,Low Fat,0.068163102,Health and Hygiene,140.4812,OUT017,2007,,Tier 2,Supermarket Type1,2422.1804,135.4812
FDS13,6.465,Low Fat,0,Canned,263.1884,OUT018,2009,Medium,Tier 3,Supermarket Type2,2914.8724,258.1884
FDB59,18.25,Low Fat,0.015309885,Snack Foods,197.6084,OUT045,2002,,Tier 2,Supermarket Type1,2380.9008,192.6084
FDW26,,Regular,0.106538757,Dairy,222.3772,OUT027,1985,Medium,Tier 3,Supermarket Type3,1556.6404,217.3772
FDQ12,,Low Fat,0.061999648,Baking Goods,230.001,OUT019,1985,Small,Tier 1,Grocery Store,689.103,225.001
FDX59,10.195,Low Fat,0.051618281,Breads,31.9558,OUT013,1987,High,Tier 3,Supermarket Type1,373.5138,26.9558
FDL36,15.1,Low Fat,0.076505799,Baking Goods,91.583,OUT017,2007,,Tier 2,Supermarket Type1,539.298,86.583
FDQ55,13.65,Regular,0.013091186,Fruits and Vegetables,114.8834,OUT018,2009,Medium,Tier 3,Supermarket Type2,1612.5676,109.8834
FDV46,,Low Fat,0.022074764,Snack Foods,141.418,OUT019,1985,Small,Tier 1,Grocery Store,559.272,136.418
FDM28,,Low Fat,0.079146113,Frozen Foods,181.466,OUT019,1985,Small,Tier 1,Grocery Store,179.766,176.466
FDT40,5.985,Low Fat,0.096337184,Frozen Foods,125.2678,OUT017,2007,,Tier 2,Supermarket Type1,763.0068,120.2678
DRJ11,9.5,Low Fat,0.142425145,Hard Drinks,189.9872,OUT010,1998,,Tier 3,Grocery Store,756.3488,184.9872
FDD51,11.15,Low Fat,0,Dairy,44.7744,OUT045,2002,,Tier 2,Supermarket Type1,181.0976,39.7744
NCT17,,Low Fat,0.041663111,Health and Hygiene,188.6214,OUT027,1985,Medium,Tier 3,Supermarket Type3,6029.4848,183.6214
NCW17,18,Low Fat,0.019386234,Health and Hygiene,126.8994,OUT046,1997,Small,Tier 1,Supermarket Type1,3083.9856,121.8994
NCY29,,Low Fat,0.135226962,Health and Hygiene,56.293,OUT019,1985,Small,Tier 1,Grocery Store,113.186,51.293
DRH36,16.2,Low Fat,0,Soft Drinks,73.4696,OUT013,1987,High,Tier 3,Supermarket Type1,2087.9488,68.4696
FDB17,13.15,Low Fat,0.036729122,Frozen Foods,179.7976,OUT049,1999,Medium,Tier 1,Supermarket Type1,2535.3664,174.7976
NCA17,20.6,LF,0.045380404,Health and Hygiene,148.4392,OUT013,1987,High,Tier 3,Supermarket Type1,1789.6704,143.4392
FDT27,11.395,Regular,0.069587171,Meat,234.6616,OUT046,1997,Small,Tier 1,Supermarket Type1,4687.232,229.6616
FDR32,6.78,Regular,0.08573655,Fruits and Vegetables,229.5694,OUT013,1987,High,Tier 3,Supermarket Type1,3425.541,224.5694
FDG41,8.84,Regular,0.076681143,Frozen Foods,110.7228,OUT049,1999,Medium,Tier 1,Supermarket Type1,1657.842,105.7228
FDX25,16.7,LF,0.102055777,Canned,184.0292,OUT046,1997,Small,Tier 1,Supermarket Type1,3101.2964,179.0292
FDG56,13.3,Regular,0.071856726,Fruits and Vegetables,63.2536,OUT017,2007,,Tier 2,Supermarket Type1,1347.5792,58.2536
FDN16,12.6,Regular,0.063054947,Frozen Foods,102.399,OUT017,2007,,Tier 2,Supermarket Type1,2270.378,97.399
FDD47,7.6,Regular,0.142383847,Starchy Foods,172.3448,OUT035,2004,Small,Tier 2,Supermarket Type1,2556.672,167.3448
FDR12,12.6,Regular,0.03150851,Baking Goods,170.5764,OUT013,1987,High,Tier 3,Supermarket Type1,3779.0808,165.5764
FDS33,6.67,Regular,0.123620492,Snack Foods,90.0514,OUT049,1999,Medium,Tier 1,Supermarket Type1,1505.3738,85.0514
NCC55,10.695,Low Fat,0.06375108,Household,36.7848,OUT035,2004,Small,Tier 2,Supermarket Type1,782.9808,31.7848
FDA38,,Low Fat,0.04461205,Dairy,241.1538,OUT019,1985,Small,Tier 1,Grocery Store,480.7076,236.1538
FDK44,16.6,Low Fat,0.122204371,Fruits and Vegetables,173.5738,OUT035,2004,Small,Tier 2,Supermarket Type1,1911.5118,168.5738
FDZ57,10,Regular,0.037764307,Snack Foods,127.2994,OUT046,1997,Small,Tier 1,Supermarket Type1,642.497,122.2994
NCN14,19.1,Low Fat,0.092437711,Others,185.2608,OUT017,2007,,Tier 2,Supermarket Type1,1470.0864,180.2608
NCB06,17.6,Low Fat,0.137807013,Health and Hygiene,161.792,OUT010,1998,,Tier 3,Grocery Store,159.792,156.792
DRL01,19.5,Regular,0.077292302,Soft Drinks,235.3958,OUT049,1999,Medium,Tier 1,Supermarket Type1,6309.7866,230.3958
FDU10,10.1,Regular,0.045763062,Snack Foods,38.4848,OUT049,1999,Medium,Tier 1,Supermarket Type1,633.8416,33.4848
NCS38,8.6,Low Fat,0.090558833,Household,112.6176,OUT018,2009,Medium,Tier 3,Supermarket Type2,3091.9752,107.6176
FDQ16,19.7,LF,0.041703666,Frozen Foods,109.1912,OUT013,1987,High,Tier 3,Supermarket Type1,1637.868,104.1912
FDS40,15.35,Low Fat,0.014098693,Frozen Foods,37.219,OUT017,2007,,Tier 2,Supermarket Type1,805.618,32.219
FDE36,5.26,Regular,0.042008667,Baking Goods,162.6868,OUT017,2007,,Tier 2,Supermarket Type1,3767.0964,157.6868
FDV31,9.8,Low Fat,0.106933748,Fruits and Vegetables,175.337,OUT045,2002,,Tier 2,Supermarket Type1,529.311,170.337
NCD42,16.5,Low Fat,0.012663476,Health and Hygiene,39.3506,OUT045,2002,,Tier 2,Supermarket Type1,645.1602,34.3506
FDT20,10.5,LF,0.041387618,Fruits and Vegetables,40.1164,OUT035,2004,Small,Tier 2,Supermarket Type1,849.5608,35.1164
NCN19,13.1,Low Fat,0.012148836,Others,191.353,OUT018,2009,Medium,Tier 3,Supermarket Type2,1328.271,186.353
FDW21,,Regular,0.005935001,Snack Foods,98.8358,OUT027,1985,Medium,Tier 3,Supermarket Type3,2010.716,93.8358
FDF34,9.3,Regular,0.014047825,Snack Foods,196.5084,OUT045,2002,,Tier 2,Supermarket Type1,4364.9848,191.5084
FDI28,14.3,Low Fat,0.026375082,Frozen Foods,79.6302,OUT045,2002,,Tier 2,Supermarket Type1,792.302,74.6302
FDG44,,Low Fat,0,Fruits and Vegetables,55.7298,OUT027,1985,Medium,Tier 3,Supermarket Type3,2804.3496,50.7298
DRF60,10.8,low fat,0.052174319,Soft Drinks,240.3564,OUT045,2002,,Tier 2,Supermarket Type1,4290.4152,235.3564
FDQ36,,Regular,0,Baking Goods,38.1848,OUT019,1985,Small,Tier 1,Grocery Store,37.2848,33.1848
FDP34,12.85,LF,0.137786856,Snack Foods,157.763,OUT018,2009,Medium,Tier 3,Supermarket Type2,2659.871,152.763
FDA20,6.78,Low Fat,0.066608487,Fruits and Vegetables,184.624,OUT035,2004,Small,Tier 2,Supermarket Type1,5406.296,179.624
FDE41,9.195,Regular,0.064002068,Frozen Foods,85.5566,OUT035,2004,Small,Tier 2,Supermarket Type1,930.1226,80.5566
DRK47,7.905,Low Fat,0.06406438,Hard Drinks,229.2694,OUT046,1997,Small,Tier 1,Supermarket Type1,1826.9552,224.2694
FDY10,17.6,Low Fat,0.049345425,Snack Foods,115.4176,OUT017,2007,,Tier 2,Supermarket Type1,1145.176,110.4176
FDI02,15.7,Regular,0.11521312,Canned,112.0202,OUT017,2007,,Tier 2,Supermarket Type1,3150.5656,107.0202
FDE41,,reg,0,Frozen Foods,83.7566,OUT019,1985,Small,Tier 1,Grocery Store,253.6698,78.7566
FDZ52,19.2,Low Fat,0.099991245,Frozen Foods,112.7886,OUT013,1987,High,Tier 3,Supermarket Type1,1779.0176,107.7886
FDG50,7.405,Low Fat,0.015334003,Canned,92.7146,OUT018,2009,Medium,Tier 3,Supermarket Type2,1185.7898,87.7146
DRL01,19.5,Regular,0.129170642,Soft Drinks,233.9958,OUT010,1998,,Tier 3,Grocery Store,467.3916,228.9958
FDV48,9.195,Regular,0.051908824,Baking Goods,78.1644,OUT017,2007,,Tier 2,Supermarket Type1,1414.1592,73.1644
FDR48,11.65,Low Fat,0.131770922,Baking Goods,151.1024,OUT045,2002,,Tier 2,Supermarket Type1,1518.024,146.1024
NCD54,21.1,Low Fat,0.028984804,Household,146.1786,OUT013,1987,High,Tier 3,Supermarket Type1,3034.0506,141.1786
NCT54,8.695,Low Fat,0.120211747,Household,93.2094,OUT017,2007,,Tier 2,Supermarket Type1,666.4658,88.2094
FDH02,7.27,Regular,0.02076385,Canned,89.0488,OUT013,1987,High,Tier 3,Supermarket Type1,181.0976,84.0488
NCD43,8.85,Low Fat,0.016006626,Household,105.6964,OUT013,1987,High,Tier 3,Supermarket Type1,210.3928,100.6964
FDE46,18.6,Low Fat,0.015766712,Snack Foods,152.9366,OUT035,2004,Small,Tier 2,Supermarket Type1,1662.5026,147.9366
NCO42,,Low Fat,0.024536199,Household,144.6102,OUT027,1985,Medium,Tier 3,Supermarket Type3,3791.0652,139.6102
FDR40,9.1,Regular,0.008046878,Frozen Foods,78.7618,OUT049,1999,Medium,Tier 1,Supermarket Type1,402.809,73.7618
FDG24,7.975,Low Fat,0.014653896,Baking Goods,82.425,OUT049,1999,Medium,Tier 1,Supermarket Type1,749.025,77.425
NCO17,10,Low Fat,0.073794811,Health and Hygiene,121.444,OUT017,2007,,Tier 2,Supermarket Type1,2516.724,116.444
FDF22,6.865,Low Fat,0.056830682,Snack Foods,214.0218,OUT046,1997,Small,Tier 1,Supermarket Type1,5556.7668,209.0218
FDC59,16.7,Regular,0.054618573,Starchy Foods,65.5168,OUT035,2004,Small,Tier 2,Supermarket Type1,1022.6688,60.5168
NCY18,7.285,Low Fat,0.052141447,Household,174.9054,OUT010,1998,,Tier 3,Grocery Store,525.3162,169.9054
DRE48,8.43,Low Fat,0.017360867,Soft Drinks,196.2768,OUT045,2002,,Tier 2,Supermarket Type1,1576.6144,191.2768
FDV60,20.2,Regular,0.196438668,Baking Goods,194.611,OUT010,1998,,Tier 3,Grocery Store,392.822,189.611
FDB56,8.75,Regular,0.074743226,Fruits and Vegetables,187.6556,OUT049,1999,Medium,Tier 1,Supermarket Type1,5257.1568,182.6556
FDL20,,Low Fat,0.127792701,Fruits and Vegetables,111.1886,OUT027,1985,Medium,Tier 3,Supermarket Type3,4447.544,106.1886
NCZ53,,Low Fat,0.024358634,Health and Hygiene,190.4214,OUT027,1985,Medium,Tier 3,Supermarket Type3,5652.642,185.4214
DRM35,9.695,Low Fat,0.070431235,Hard Drinks,177.5344,OUT035,2004,Small,Tier 2,Supermarket Type1,3033.3848,172.5344
FDV16,7.75,Regular,0.082930699,Frozen Foods,35.2558,OUT046,1997,Small,Tier 1,Supermarket Type1,780.9834,30.2558
FDY19,19.75,Low Fat,0.041330512,Fruits and Vegetables,115.8466,OUT013,1987,High,Tier 3,Supermarket Type1,2474.7786,110.8466
FDY12,9.8,Regular,0.235354055,Baking Goods,50.8008,OUT010,1998,,Tier 3,Grocery Store,101.2016,45.8008
FDM15,11.8,Regular,0.057746382,Meat,152.4366,OUT017,2007,,Tier 2,Supermarket Type1,3929.5516,147.4366
FDP12,9.8,Regular,0.045337184,Baking Goods,36.8874,OUT049,1999,Medium,Tier 1,Supermarket Type1,564.5984,31.8874
FDT21,7.42,Low Fat,0.020374875,Snack Foods,248.0092,OUT013,1987,High,Tier 3,Supermarket Type1,1245.046,243.0092
DRE49,20.75,Low Fat,0.035568147,Soft Drinks,151.8024,OUT010,1998,,Tier 3,Grocery Store,151.8024,146.8024
FDN16,12.6,Regular,0.062797771,Frozen Foods,103.999,OUT049,1999,Medium,Tier 1,Supermarket Type1,825.592,98.999
FDE04,19.75,Regular,0.018096488,Frozen Foods,179.566,OUT018,2009,Medium,Tier 3,Supermarket Type2,2696.49,174.566
FDC51,10.895,Regular,0.009613854,Dairy,122.973,OUT013,1987,High,Tier 3,Supermarket Type1,1231.73,117.973
FDO04,16.6,Low Fat,0.026645307,Frozen Foods,53.5614,OUT018,2009,Medium,Tier 3,Supermarket Type2,939.4438,48.5614
FDD41,6.765,Regular,0.087753682,Frozen Foods,105.3306,OUT017,2007,,Tier 2,Supermarket Type1,2090.612,100.3306
FDI45,13.1,Low Fat,0.037657459,Fruits and Vegetables,175.8054,OUT045,2002,,Tier 2,Supermarket Type1,2801.6864,170.8054
NCB18,,Low Fat,0.041091215,Household,89.5514,OUT027,1985,Medium,Tier 3,Supermarket Type3,3364.9532,84.5514
FDW51,6.155,Regular,0.095195306,Meat,213.956,OUT017,2007,,Tier 2,Supermarket Type1,2343.616,208.956
NCK07,10.65,Low Fat,0.048686689,Others,164.1526,OUT046,1997,Small,Tier 1,Supermarket Type1,1808.9786,159.1526
FDZ45,,Low Fat,0.117091213,Snack Foods,197.9084,OUT019,1985,Small,Tier 1,Grocery Store,992.042,192.9084
FDB37,20.25,Regular,0.022940826,Baking Goods,241.8538,OUT046,1997,Small,Tier 1,Supermarket Type1,5768.4912,236.8538
FDZ60,20.5,Low Fat,0.119339241,Baking Goods,106.0596,OUT035,2004,Small,Tier 2,Supermarket Type1,970.7364,101.0596
FDN04,11.8,Regular,0.014075334,Frozen Foods,176.8344,OUT013,1987,High,Tier 3,Supermarket Type1,3568.688,171.8344
FDW47,15,Low Fat,0.046336634,Breads,120.0414,OUT013,1987,High,Tier 3,Supermarket Type1,3533.4006,115.0414
FDB17,13.15,Low Fat,0.036641589,Frozen Foods,180.7976,OUT013,1987,High,Tier 3,Supermarket Type1,6157.3184,175.7976
FDR56,15.5,Regular,0.101176316,Fruits and Vegetables,198.9768,OUT018,2009,Medium,Tier 3,Supermarket Type2,4729.8432,193.9768
FDU55,,Low Fat,0.035737373,Fruits and Vegetables,260.6278,OUT027,1985,Medium,Tier 3,Supermarket Type3,9371.8008,255.6278
FDH40,11.6,Regular,0.079376029,Frozen Foods,81.7276,OUT017,2007,,Tier 2,Supermarket Type1,1949.4624,76.7276
FDH05,14.35,reg,0.091054989,Frozen Foods,231.8984,OUT049,1999,Medium,Tier 1,Supermarket Type1,4633.968,226.8984
FDX58,13.15,LF,0.043852434,Snack Foods,182.695,OUT045,2002,,Tier 2,Supermarket Type1,4211.185,177.695
FDC51,10.895,Regular,0.009620042,Dairy,121.673,OUT035,2004,Small,Tier 2,Supermarket Type1,1970.768,116.673
NCR05,10.1,Low Fat,0.054939848,Health and Hygiene,199.5084,OUT017,2007,,Tier 2,Supermarket Type1,3372.9428,194.5084
DRH25,18.7,Low Fat,0.014675574,Soft Drinks,50.8324,OUT017,2007,,Tier 2,Supermarket Type1,934.7832,45.8324
NCR53,12.15,Low Fat,0.14526636,Health and Hygiene,224.0404,OUT049,1999,Medium,Tier 1,Supermarket Type1,3375.606,219.0404
FDS04,10.195,Regular,0.146662938,Frozen Foods,138.6838,OUT046,1997,Small,Tier 1,Supermarket Type1,2388.2246,133.6838
FDC03,8.575,Regular,0.071786706,Dairy,193.3794,OUT013,1987,High,Tier 3,Supermarket Type1,780.3176,188.3794
FDP44,16.5,Regular,0.133424184,Fruits and Vegetables,102.2332,OUT010,1998,,Tier 3,Grocery Store,102.5332,97.2332
FDK16,9.065,Low Fat,0.115799592,Frozen Foods,95.3094,OUT018,2009,Medium,Tier 3,Supermarket Type2,1713.7692,90.3094
NCC30,16.6,Low Fat,0.027579198,Household,178.7344,OUT046,1997,Small,Tier 1,Supermarket Type1,1605.9096,173.7344
FDZ26,11.6,Regular,0.241055611,Dairy,238.5222,OUT010,1998,,Tier 3,Grocery Store,717.0666,233.5222
NCO54,19.5,Low Fat,0.014332439,Household,57.1614,OUT018,2009,Medium,Tier 3,Supermarket Type2,1381.535,52.1614
NCP41,16.6,Low Fat,0.027133398,Health and Hygiene,106.2596,OUT010,1998,,Tier 3,Grocery Store,215.7192,101.2596
DRE27,11.85,Low Fat,0.132876847,Dairy,98.0726,OUT049,1999,Medium,Tier 1,Supermarket Type1,1076.5986,93.0726
FDQ10,12.85,Low Fat,0.03315162,Snack Foods,170.6422,OUT013,1987,High,Tier 3,Supermarket Type1,2931.5174,165.6422
NCU42,9,Low Fat,0.019536981,Household,170.0474,OUT049,1999,Medium,Tier 1,Supermarket Type1,4211.185,165.0474
FDX43,5.655,Low Fat,0.085258864,Fruits and Vegetables,165.85,OUT035,2004,Small,Tier 2,Supermarket Type1,1830.95,160.85
NCD19,8.93,Low Fat,0.013179388,Household,55.1614,OUT046,1997,Small,Tier 1,Supermarket Type1,939.4438,50.1614
NCI54,15.2,Low Fat,0.033592687,Household,108.1912,OUT035,2004,Small,Tier 2,Supermarket Type1,1856.2504,103.1912
FDS37,7.655,Low Fat,0.05346916,Canned,114.1492,OUT010,1998,,Tier 3,Grocery Store,115.8492,109.1492
FDO25,,Low Fat,0.126831854,Canned,209.027,OUT027,1985,Medium,Tier 3,Supermarket Type3,4613.994,204.027
FDS57,15.5,Low Fat,0.103603094,Snack Foods,143.547,OUT049,1999,Medium,Tier 1,Supermarket Type1,1431.47,138.547
FDI52,18.7,Low Fat,0.104840884,Frozen Foods,122.1072,OUT049,1999,Medium,Tier 1,Supermarket Type1,490.0288,117.1072
DRK12,9.5,Low Fat,0.042056944,Soft Drinks,31.89,OUT018,2009,Medium,Tier 3,Supermarket Type2,366.19,26.89
FDG40,13.65,Low Fat,0.040049609,Frozen Foods,34.4558,OUT017,2007,,Tier 2,Supermarket Type1,611.2044,29.4558
FDU49,19.5,Regular,0.03075661,Canned,86.254,OUT045,2002,,Tier 2,Supermarket Type1,2163.85,81.254
FDR49,8.71,Low Fat,0,Canned,46.5376,OUT013,1987,High,Tier 3,Supermarket Type1,575.2512,41.5376
FDF40,,Regular,0.03941584,Dairy,247.8092,OUT019,1985,Small,Tier 1,Grocery Store,498.0184,242.8092
DRE03,19.6,Low Fat,0.024363939,Dairy,46.3718,OUT017,2007,,Tier 2,Supermarket Type1,661.8052,41.3718
FDR55,,Regular,0.131443921,Fruits and Vegetables,189.1872,OUT027,1985,Medium,Tier 3,Supermarket Type3,5294.4416,184.1872
NCU05,11.8,Low Fat,0.058725131,Health and Hygiene,82.3618,OUT035,2004,Small,Tier 2,Supermarket Type1,1208.427,77.3618
FDR36,6.715,reg,0.122274118,Baking Goods,40.3454,OUT017,2007,,Tier 2,Supermarket Type1,838.908,35.3454
NCM30,19.1,LF,0.067239404,Household,39.6796,OUT013,1987,High,Tier 3,Supermarket Type1,660.4736,34.6796
FDH24,20.7,Low Fat,0.021464454,Baking Goods,156.6288,OUT049,1999,Medium,Tier 1,Supermarket Type1,3928.22,151.6288
DRO47,10.195,Low Fat,0.112681821,Hard Drinks,113.986,OUT018,2009,Medium,Tier 3,Supermarket Type2,452.744,108.986
FDQ49,20.2,Regular,0.039469737,Breakfast,155.163,OUT017,2007,,Tier 2,Supermarket Type1,782.315,150.163
DRJ37,10.8,Low Fat,0.061101383,Soft Drinks,151.9024,OUT046,1997,Small,Tier 1,Supermarket Type1,2580.6408,146.9024
NCJ42,19.75,Low Fat,0.014359584,Household,100.8332,OUT018,2009,Medium,Tier 3,Supermarket Type2,1537.998,95.8332
FDD05,19.35,Low Fat,0.016637301,Frozen Foods,120.9098,OUT049,1999,Medium,Tier 1,Supermarket Type1,1687.1372,115.9098
FDC39,7.405,Low Fat,0.159843921,Dairy,206.6296,OUT018,2009,Medium,Tier 3,Supermarket Type2,3115.944,201.6296
NCY06,15.25,Low Fat,0.061308889,Household,128.8968,OUT045,2002,,Tier 2,Supermarket Type1,2348.9424,123.8968
NCS06,,Low Fat,0.055566935,Household,263.591,OUT019,1985,Small,Tier 1,Grocery Store,262.991,258.591
FDE16,8.895,Low Fat,0.026397141,Frozen Foods,207.8954,OUT045,2002,,Tier 2,Supermarket Type1,3542.7218,202.8954
NCQ50,18.75,Low Fat,0.034307348,Household,215.2218,OUT046,1997,Small,Tier 1,Supermarket Type1,4701.8796,210.2218
FDX50,20.1,Low Fat,0.074627201,Dairy,110.3228,OUT046,1997,Small,Tier 1,Supermarket Type1,1768.3648,105.3228
NCL41,12.35,Low Fat,0.041973712,Health and Hygiene,35.7216,OUT017,2007,,Tier 2,Supermarket Type1,519.324,30.7216
FDM58,16.85,Regular,0.080015028,Snack Foods,111.8544,OUT018,2009,Medium,Tier 3,Supermarket Type2,1677.816,106.8544
FDH35,18.25,Low Fat,0.10084386,Starchy Foods,166.3526,OUT010,1998,,Tier 3,Grocery Store,164.4526,161.3526
FDS50,17,Low Fat,0.055519561,Dairy,219.8114,OUT049,1999,Medium,Tier 1,Supermarket Type1,1108.557,214.8114
FDT09,,Regular,0.012203915,Snack Foods,133.2284,OUT027,1985,Medium,Tier 3,Supermarket Type3,4350.3372,128.2284
FDR60,14.3,Low Fat,0.130946374,Baking Goods,76.7328,OUT018,2009,Medium,Tier 3,Supermarket Type2,1312.9576,71.7328
FDG22,17.6,Regular,0.041381156,Snack Foods,35.019,OUT046,1997,Small,Tier 1,Supermarket Type1,659.142,30.019
FDL52,,Regular,0.04586701,Frozen Foods,37.9506,OUT027,1985,Medium,Tier 3,Supermarket Type3,910.8144,32.9506
DRJ39,20.25,Low Fat,0.036474041,Dairy,218.3482,OUT018,2009,Medium,Tier 3,Supermarket Type2,2409.5302,213.3482
FDW45,18,Low Fat,0.039231652,Snack Foods,145.1418,OUT017,2007,,Tier 2,Supermarket Type1,2648.5524,140.1418
NCQ38,16.35,Low Fat,0.013393537,Others,106.028,OUT045,2002,,Tier 2,Supermarket Type1,1065.28,101.028
FDB26,14,reg,0.031444357,Canned,53.764,OUT017,2007,,Tier 2,Supermarket Type1,798.96,48.764
DRG48,5.78,Low Fat,0.014555066,Soft Drinks,145.2102,OUT046,1997,Small,Tier 1,Supermarket Type1,3062.0142,140.2102
FDH10,21,Low Fat,0.082526478,Snack Foods,191.8478,OUT010,1998,,Tier 3,Grocery Store,774.9912,186.8478
FDP28,13.65,Regular,0.080765853,Frozen Foods,262.8936,OUT049,1999,Medium,Tier 1,Supermarket Type1,4958.8784,257.8936
FDJ44,12.3,Regular,0.17797002,Fruits and Vegetables,173.1396,OUT010,1998,,Tier 3,Grocery Store,697.7584,168.1396
FDI07,12.35,reg,0.03382933,Meat,196.9426,OUT045,2002,,Tier 2,Supermarket Type1,2768.3964,191.9426
DRJ24,11.8,Low Fat,0.11397026,Soft Drinks,185.1924,OUT017,2007,,Tier 2,Supermarket Type1,2591.2936,180.1924
DRL47,19.7,Low Fat,0.038729457,Hard Drinks,127.3362,OUT035,2004,Small,Tier 2,Supermarket Type1,755.0172,122.3362
FDP38,10.1,Low Fat,0.032075379,Canned,50.9008,OUT013,1987,High,Tier 3,Supermarket Type1,354.2056,45.9008
FDK02,,Low Fat,0.196490902,Canned,120.544,OUT019,1985,Small,Tier 1,Grocery Store,479.376,115.544
FDO23,17.85,Low Fat,0.146305498,Breads,94.1436,OUT013,1987,High,Tier 3,Supermarket Type1,1607.2412,89.1436
NCE54,20.7,Low Fat,0.026877471,Household,74.6354,OUT013,1987,High,Tier 3,Supermarket Type1,1053.2956,69.6354
FDS52,8.89,low fat,0.005474515,Frozen Foods,99.7016,OUT046,1997,Small,Tier 1,Supermarket Type1,1922.8304,94.7016
FDW01,14.5,Low Fat,0.064048405,Canned,153.4682,OUT035,2004,Small,Tier 2,Supermarket Type1,1677.1502,148.4682
NCF07,9,Low Fat,0.032203667,Household,100.8016,OUT017,2007,,Tier 2,Supermarket Type1,1113.2176,95.8016
DRE15,13.35,Low Fat,0.017857847,Dairy,77.5012,OUT018,2009,Medium,Tier 3,Supermarket Type2,1518.024,72.5012
FDR58,6.675,Low Fat,0.041921462,Snack Foods,92.3462,OUT046,1997,Small,Tier 1,Supermarket Type1,2406.2012,87.3462
FDL24,10.3,Regular,0.024875871,Baking Goods,173.0422,OUT013,1987,High,Tier 3,Supermarket Type1,2069.3064,168.0422
FDQ25,,Regular,0.028139761,Canned,173.7422,OUT027,1985,Medium,Tier 3,Supermarket Type3,3621.2862,168.7422
FDX56,17.1,Regular,0.073997843,Fruits and Vegetables,207.0638,OUT013,1987,High,Tier 3,Supermarket Type1,4969.5312,202.0638
FDD20,14.15,LF,0.020798905,Fruits and Vegetables,123.6046,OUT018,2009,Medium,Tier 3,Supermarket Type2,1245.046,118.6046
DRF60,10.8,Low Fat,0.052363244,Soft Drinks,236.5564,OUT017,2007,,Tier 2,Supermarket Type1,5243.8408,231.5564
FDW13,8.5,Low Fat,0.098283459,Canned,51.3324,OUT018,2009,Medium,Tier 3,Supermarket Type2,934.7832,46.3324
FDF09,6.215,Low Fat,0.012138795,Fruits and Vegetables,39.2848,OUT013,1987,High,Tier 3,Supermarket Type1,521.9872,34.2848
FDY45,17.5,Low Fat,0,Snack Foods,253.0356,OUT035,2004,Small,Tier 2,Supermarket Type1,4578.0408,248.0356
FDR26,20.7,Low Fat,0.042923652,Dairy,178.3028,OUT045,2002,,Tier 2,Supermarket Type1,1062.6168,173.3028
FDZ01,8.975,Regular,0.009058845,Canned,103.399,OUT046,1997,Small,Tier 1,Supermarket Type1,2579.975,98.399
FDH53,20.5,Regular,0.032136417,Frozen Foods,83.9592,OUT010,1998,,Tier 3,Grocery Store,165.1184,78.9592
FDG52,13.65,Low Fat,0.065898197,Frozen Foods,46.1402,OUT018,2009,Medium,Tier 3,Supermarket Type2,459.402,41.1402
FDW50,13.1,Low Fat,0.075731322,Dairy,167.5158,OUT045,2002,,Tier 2,Supermarket Type1,1504.0422,162.5158
FDX49,4.615,Regular,0.101812521,Canned,232.23,OUT035,2004,Small,Tier 2,Supermarket Type1,5126.66,227.23
FDJ44,12.3,Regular,0.106327251,Fruits and Vegetables,172.8396,OUT046,1997,Small,Tier 1,Supermarket Type1,2616.594,167.8396
NCI31,,Low Fat,0.080933328,Others,37.519,OUT027,1985,Medium,Tier 3,Supermarket Type3,842.237,32.519
FDZ52,19.2,Low Fat,0.100055601,Frozen Foods,112.4886,OUT035,2004,Small,Tier 2,Supermarket Type1,1223.0746,107.4886
FDE17,20.1,Regular,0.054540159,Frozen Foods,152.1366,OUT049,1999,Medium,Tier 1,Supermarket Type1,755.683,147.1366
FDG34,11.5,Regular,0.037723476,Snack Foods,109.5254,OUT018,2009,Medium,Tier 3,Supermarket Type2,1953.4572,104.5254
FDE26,9.3,Low Fat,0.14897741,Canned,143.0786,OUT010,1998,,Tier 3,Grocery Store,288.9572,138.0786
FDD56,15.2,Regular,0.104201019,Fruits and Vegetables,176.5054,OUT018,2009,Medium,Tier 3,Supermarket Type2,2976.7918,171.5054
FDR52,12.65,Regular,0.076198809,Frozen Foods,191.3846,OUT045,2002,,Tier 2,Supermarket Type1,2675.1844,186.3846
FDQ13,11.1,LF,0.010639596,Canned,84.1908,OUT035,2004,Small,Tier 2,Supermarket Type1,755.0172,79.1908
NCJ42,,Low Fat,0.025039776,Household,102.7332,OUT019,1985,Small,Tier 1,Grocery Store,410.1328,97.7332
FDH10,,Low Fat,0.086326707,Snack Foods,192.6478,OUT019,1985,Small,Tier 1,Grocery Store,387.4956,187.6478
NCG42,19.2,Low Fat,0.041220035,Household,131.231,OUT035,2004,Small,Tier 2,Supermarket Type1,3635.268,126.231
FDT31,19.75,Low Fat,0.01247354,Fruits and Vegetables,187.5872,OUT045,2002,,Tier 2,Supermarket Type1,1323.6104,182.5872
DRD25,6.135,Low Fat,0.079132212,Soft Drinks,112.686,OUT045,2002,,Tier 2,Supermarket Type1,2942.836,107.686
FDR35,12.5,Low Fat,0.020693809,Breads,199.1742,OUT035,2004,Small,Tier 2,Supermarket Type1,4379.6324,194.1742
FDL33,7.235,Low Fat,0.10016525,Snack Foods,193.9452,OUT045,2002,,Tier 2,Supermarket Type1,2936.178,188.9452
FDT45,15.85,Low Fat,0.057302606,Snack Foods,53.3956,OUT035,2004,Small,Tier 2,Supermarket Type1,600.5516,48.3956
FDT16,9.895,Regular,0.048761046,Frozen Foods,260.5278,OUT045,2002,,Tier 2,Supermarket Type1,8851.1452,255.5278
DRE49,20.75,Low Fat,0,Soft Drinks,153.0024,OUT035,2004,Small,Tier 2,Supermarket Type1,2428.8384,148.0024
DRF60,10.8,Low Fat,0.052149675,Soft Drinks,239.9564,OUT049,1999,Medium,Tier 1,Supermarket Type1,3813.7024,234.9564
NCB54,8.76,Low Fat,0.050130529,Health and Hygiene,128.3336,OUT049,1999,Medium,Tier 1,Supermarket Type1,2556.672,123.3336
FDH20,16.1,Regular,0.024987903,Fruits and Vegetables,97.341,OUT049,1999,Medium,Tier 1,Supermarket Type1,1255.033,92.341
FDA31,7.1,Low Fat,0.109990885,Fruits and Vegetables,172.908,OUT035,2004,Small,Tier 2,Supermarket Type1,2769.728,167.908
FDE33,19.35,Regular,0.049736267,Fruits and Vegetables,76.8644,OUT045,2002,,Tier 2,Supermarket Type1,1571.288,71.8644
FDM12,16.7,reg,0.117026714,Baking Goods,189.2214,OUT010,1998,,Tier 3,Grocery Store,188.4214,184.2214
FDW44,9.5,Regular,0.035121963,Fruits and Vegetables,168.6448,OUT013,1987,High,Tier 3,Supermarket Type1,1022.6688,163.6448
DRE48,8.43,Low Fat,0.017311312,Soft Drinks,197.8768,OUT013,1987,High,Tier 3,Supermarket Type1,3744.4592,192.8768
NCX18,14.15,Low Fat,0.008811818,Household,196.511,OUT045,2002,,Tier 2,Supermarket Type1,2749.754,191.511
FDA38,5.44,Low Fat,0.025583714,Dairy,239.1538,OUT018,2009,Medium,Tier 3,Supermarket Type2,480.7076,234.1538
FDQ19,7.35,Regular,0.014353174,Fruits and Vegetables,242.6512,OUT013,1987,High,Tier 3,Supermarket Type1,969.4048,237.6512
FDY47,,Regular,0.054220618,Breads,129.131,OUT027,1985,Medium,Tier 3,Supermarket Type3,4933.578,124.131
FDE17,20.1,Regular,0.054410179,Frozen Foods,151.3366,OUT013,1987,High,Tier 3,Supermarket Type1,2720.4588,146.3366
FDY25,12,Low Fat,0.033974436,Canned,181.8976,OUT046,1997,Small,Tier 1,Supermarket Type1,4527.44,176.8976
FDT03,21.25,Low Fat,0.009996872,Meat,185.5608,OUT035,2004,Small,Tier 2,Supermarket Type1,3123.9336,180.5608
FDB49,8.3,Regular,0.030212499,Baking Goods,98.0384,OUT045,2002,,Tier 2,Supermarket Type1,2857.6136,93.0384
FDL43,10.1,Low Fat,0.027217468,Meat,76.067,OUT017,2007,,Tier 2,Supermarket Type1,1454.773,71.067
FDE47,14.15,Low Fat,0.038123176,Starchy Foods,123.5046,OUT017,2007,,Tier 2,Supermarket Type1,1992.0736,118.5046
FDS49,9,Low Fat,0.079506434,Canned,78.3644,OUT045,2002,,Tier 2,Supermarket Type1,1728.4168,73.3644
FDU23,12.15,Low Fat,0.021811987,Breads,163.6184,OUT018,2009,Medium,Tier 3,Supermarket Type2,2311.6576,158.6184
FDU38,,Low Fat,0.082150145,Dairy,192.9504,OUT027,1985,Medium,Tier 3,Supermarket Type3,7478.2656,187.9504
FDV09,,Low Fat,0.036012919,Snack Foods,148.0734,OUT019,1985,Small,Tier 1,Grocery Store,593.8936,143.0734
FDR20,20,Regular,0.028167478,Fruits and Vegetables,45.5744,OUT049,1999,Medium,Tier 1,Supermarket Type1,452.744,40.5744
FDY11,6.71,Regular,0.029560451,Baking Goods,65.8142,OUT046,1997,Small,Tier 1,Supermarket Type1,856.8846,60.8142
FDG40,,Low Fat,0.039631495,Frozen Foods,31.9558,OUT027,1985,Medium,Tier 3,Supermarket Type3,984.7182,26.9558
FDX20,7.365,Low Fat,0.04280099,Fruits and Vegetables,228.372,OUT017,2007,,Tier 2,Supermarket Type1,2037.348,223.372
FDZ27,7.935,LF,0.017141985,Dairy,50.035,OUT013,1987,High,Tier 3,Supermarket Type1,149.805,45.035
FDH09,12.6,Low Fat,0.056394771,Seafood,51.3982,OUT017,2007,,Tier 2,Supermarket Type1,473.3838,46.3982
FDG29,17.6,Low Fat,0.056379439,Frozen Foods,42.7454,OUT049,1999,Medium,Tier 1,Supermarket Type1,293.6178,37.7454
NCA30,19,low fat,0.129534812,Household,190.1872,OUT049,1999,Medium,Tier 1,Supermarket Type1,5105.3544,185.1872
NCL53,7.5,Low Fat,0.036439878,Health and Hygiene,175.3028,OUT017,2007,,Tier 2,Supermarket Type1,3010.7476,170.3028
DRE15,13.35,Low Fat,0,Dairy,77.6012,OUT046,1997,Small,Tier 1,Supermarket Type1,986.7156,72.6012
NCS38,8.6,Low Fat,0.090191431,Household,112.9176,OUT046,1997,Small,Tier 1,Supermarket Type1,458.0704,107.9176
FDY21,,LF,0.30374337,Snack Foods,196.011,OUT019,1985,Small,Tier 1,Grocery Store,589.233,191.011
FDB58,10.5,Regular,0.022590318,Snack Foods,140.6154,OUT010,1998,,Tier 3,Grocery Store,283.6308,135.6154
FDH41,9,Low Fat,0.082011521,Frozen Foods,213.3534,OUT046,1997,Small,Tier 1,Supermarket Type1,1935.4806,208.3534
DRF23,4.61,Low Fat,0.122843005,Hard Drinks,172.4396,OUT049,1999,Medium,Tier 1,Supermarket Type1,1569.9564,167.4396
FDE05,10.895,Regular,0.05432142,Frozen Foods,146.2102,OUT010,1998,,Tier 3,Grocery Store,437.4306,141.2102
FDY10,17.6,Low Fat,0.049144165,Snack Foods,112.7176,OUT049,1999,Medium,Tier 1,Supermarket Type1,1717.764,107.7176
FDS43,11.65,Low Fat,0.040577878,Fruits and Vegetables,188.224,OUT049,1999,Medium,Tier 1,Supermarket Type1,1304.968,183.224
NCM30,19.1,Low Fat,0.067400032,Household,41.9796,OUT049,1999,Medium,Tier 1,Supermarket Type1,784.3124,36.9796
FDY49,17.2,Regular,0.012036432,Canned,165.7184,OUT045,2002,,Tier 2,Supermarket Type1,1816.3024,160.7184
FDN02,16.5,Low Fat,0.073977473,Canned,206.8638,OUT045,2002,,Tier 2,Supermarket Type1,2070.638,201.8638
FDP37,15.6,Low Fat,0.143396175,Breakfast,128.0994,OUT045,2002,,Tier 2,Supermarket Type1,2184.4898,123.0994
NCF07,9,Low Fat,0.03201648,Household,99.6016,OUT035,2004,Small,Tier 2,Supermarket Type1,1922.8304,94.6016
FDJ09,15,Low Fat,0.058346234,Snack Foods,44.0744,OUT013,1987,High,Tier 3,Supermarket Type1,633.8416,39.0744
FDO23,,Low Fat,0.14571827,Breads,94.3436,OUT027,1985,Medium,Tier 3,Supermarket Type3,2269.0464,89.3436
FDH09,,Low Fat,0.055806016,Seafood,52.4982,OUT027,1985,Medium,Tier 3,Supermarket Type3,1209.7586,47.4982
FDX34,6.195,Low Fat,0.072097449,Snack Foods,119.3098,OUT049,1999,Medium,Tier 1,Supermarket Type1,1205.098,114.3098
FDV60,20.2,Regular,0.117543713,Baking Goods,197.311,OUT049,1999,Medium,Tier 1,Supermarket Type1,3338.987,192.311
FDE32,20.7,Low Fat,0.048718334,Fruits and Vegetables,38.7506,OUT013,1987,High,Tier 3,Supermarket Type1,227.7036,33.7506
NCI30,20.25,Low Fat,0.0591756,Household,245.046,OUT018,2009,Medium,Tier 3,Supermarket Type2,4680.574,240.046
FDS37,7.655,Low Fat,0.031918284,Canned,117.7492,OUT013,1987,High,Tier 3,Supermarket Type1,695.0952,112.7492
FDC57,,Regular,0.095587976,Fruits and Vegetables,193.982,OUT019,1985,Small,Tier 1,Grocery Store,579.246,188.982
DRC01,5.92,Regular,0.019308607,Soft Drinks,49.0692,OUT017,2007,,Tier 2,Supermarket Type1,1478.076,44.0692
DRD27,18.75,Low Fat,0.023974769,Dairy,99.0042,OUT017,2007,,Tier 2,Supermarket Type1,694.4294,94.0042
FDI12,9.395,Regular,0.100602552,Baking Goods,88.3856,OUT045,2002,,Tier 2,Supermarket Type1,703.0848,83.3856
FDQ33,13.35,Low Fat,0.091189915,Snack Foods,149.3708,OUT035,2004,Small,Tier 2,Supermarket Type1,4514.124,144.3708
FDQ27,,Regular,0.077480627,Meat,101.399,OUT019,1985,Small,Tier 1,Grocery Store,206.398,96.399
NCB07,19.2,Low Fat,0.129731747,Household,196.211,OUT010,1998,,Tier 3,Grocery Store,589.233,191.211
FDC08,19,Regular,0.103363904,Fruits and Vegetables,226.172,OUT013,1987,High,Tier 3,Supermarket Type1,3169.208,221.172
FDD20,14.15,LF,0.020714523,Fruits and Vegetables,124.2046,OUT046,1997,Small,Tier 1,Supermarket Type1,2490.092,119.2046
FDS24,20.85,Regular,0.062212713,Baking Goods,88.1514,OUT035,2004,Small,Tier 2,Supermarket Type1,1151.1682,83.1514
FDH34,8.63,Low Fat,0.031271134,Snack Foods,186.0582,OUT017,2007,,Tier 2,Supermarket Type1,3900.9222,181.0582
NCX30,16.7,Low Fat,0.026729068,Household,248.4776,OUT018,2009,Medium,Tier 3,Supermarket Type2,6439.6176,243.4776
FDM01,7.895,Regular,0.094567181,Breakfast,104.5332,OUT046,1997,Small,Tier 1,Supermarket Type1,1845.5976,99.5332
FDB20,7.72,Low Fat,0.05193741,Fruits and Vegetables,77.9986,OUT013,1987,High,Tier 3,Supermarket Type1,934.7832,72.9986
NCK29,5.615,Low Fat,0.126480422,Health and Hygiene,121.573,OUT017,2007,,Tier 2,Supermarket Type1,3202.498,116.573
FDS11,7.05,Regular,0.055644887,Breads,224.9088,OUT049,1999,Medium,Tier 1,Supermarket Type1,2684.5056,219.9088
NCV41,14.35,Low Fat,0.028519419,Health and Hygiene,109.2228,OUT010,1998,,Tier 3,Grocery Store,221.0456,104.2228
DRL60,8.52,Low Fat,0.027101431,Soft Drinks,151.7682,OUT049,1999,Medium,Tier 1,Supermarket Type1,2439.4912,146.7682
FDV10,7.645,Regular,0.067083367,Snack Foods,44.0112,OUT017,2007,,Tier 2,Supermarket Type1,596.5568,39.0112
FDV09,12.1,Low Fat,0.020652362,Snack Foods,149.5734,OUT018,2009,Medium,Tier 3,Supermarket Type2,2227.101,144.5734
FDQ39,14.8,Low Fat,0.081042136,Meat,192.4846,OUT046,1997,Small,Tier 1,Supermarket Type1,5159.2842,187.4846
DRE49,20.75,Low Fat,0.021336565,Soft Drinks,153.6024,OUT018,2009,Medium,Tier 3,Supermarket Type2,1366.2216,148.6024
FDR45,10.8,Low Fat,0.029001987,Snack Foods,238.6222,OUT045,2002,,Tier 2,Supermarket Type1,8604.7992,233.6222
DRJ23,18.35,Low Fat,0.069745165,Hard Drinks,190.2872,OUT010,1998,,Tier 3,Grocery Store,378.1744,185.2872
FDQ26,13.5,Regular,0.068148886,Dairy,58.6562,OUT018,2009,Medium,Tier 3,Supermarket Type2,711.0744,53.6562
NCA06,20.5,Low Fat,0.144094079,Household,34.819,OUT017,2007,,Tier 2,Supermarket Type1,1061.951,29.819
FDT24,12.35,Regular,0.186616421,Baking Goods,78.6328,OUT018,2009,Medium,Tier 3,Supermarket Type2,1004.0264,73.6328
DRG27,8.895,Low Fat,0.105323859,Dairy,39.1138,OUT045,2002,,Tier 2,Supermarket Type1,609.207,34.1138
FDR02,16.7,Low Fat,0.022110425,Dairy,110.8886,OUT045,2002,,Tier 2,Supermarket Type1,3558.0352,105.8886
DRG37,16.2,Low Fat,0.019374768,Soft Drinks,155.8972,OUT035,2004,Small,Tier 2,Supermarket Type1,2025.3636,150.8972
FDJ07,7.26,Low Fat,0.014482278,Meat,118.115,OUT018,2009,Medium,Tier 3,Supermarket Type2,1864.24,113.115
FDP32,6.65,Low Fat,0.087805788,Fruits and Vegetables,126.7678,OUT049,1999,Medium,Tier 1,Supermarket Type1,1907.517,121.7678
FDV59,13.35,Low Fat,0.048027043,Breads,218.9166,OUT046,1997,Small,Tier 1,Supermarket Type1,5660.6316,213.9166
FDP60,17.35,Low Fat,0.055908268,Baking Goods,99.8016,OUT035,2004,Small,Tier 2,Supermarket Type1,607.2096,94.8016
FDE32,,Low Fat,0.048522793,Fruits and Vegetables,39.6506,OUT027,1985,Medium,Tier 3,Supermarket Type3,1024.6662,34.6506
FDK26,5.46,Regular,0.032359413,Canned,187.424,OUT017,2007,,Tier 2,Supermarket Type1,3169.208,182.424
FDW28,18.25,Low Fat,0.088807455,Frozen Foods,197.3452,OUT035,2004,Small,Tier 2,Supermarket Type1,2740.4328,192.3452
FDP56,8.185,LF,0.046556408,Fruits and Vegetables,47.7692,OUT049,1999,Medium,Tier 1,Supermarket Type1,640.4996,42.7692
FDT25,7.5,Low Fat,0.050750977,Canned,122.2072,OUT046,1997,Small,Tier 1,Supermarket Type1,1960.1152,117.2072
FDQ12,12.65,Low Fat,0.035404052,Baking Goods,230.601,OUT035,2004,Small,Tier 2,Supermarket Type1,2067.309,225.601
FDR60,14.3,Low Fat,0.130390458,Baking Goods,77.2328,OUT035,2004,Small,Tier 2,Supermarket Type1,231.6984,72.2328
FDZ10,17.85,Low Fat,0.074422769,Snack Foods,128.002,OUT010,1998,,Tier 3,Grocery Store,253.004,123.002
FDM13,6.425,Low Fat,0.105742544,Breakfast,130.5626,OUT010,1998,,Tier 3,Grocery Store,131.1626,125.5626
FDF26,6.825,Regular,0.046729336,Canned,153.4998,OUT045,2002,,Tier 2,Supermarket Type1,2153.1972,148.4998
FDN02,,Low Fat,0.073470234,Canned,205.3638,OUT027,1985,Medium,Tier 3,Supermarket Type3,5383.6588,200.3638
NCI30,20.25,Low Fat,0.058886477,Household,245.546,OUT013,1987,High,Tier 3,Supermarket Type1,1724.422,240.546
NCJ31,19.2,Low Fat,0.18293775,Others,243.0196,OUT049,1999,Medium,Tier 1,Supermarket Type1,3615.294,238.0196
NCQ54,17.7,Low Fat,0.020993364,Household,166.8474,OUT010,1998,,Tier 3,Grocery Store,168.4474,161.8474
FDB02,9.695,Regular,0.029223424,Canned,175.437,OUT045,2002,,Tier 2,Supermarket Type1,2999.429,170.437
FDC02,,Low Fat,0.068489201,Canned,259.3278,OUT027,1985,Medium,Tier 3,Supermarket Type3,4165.2448,254.3278
FDA11,7.75,LF,0.043326511,Baking Goods,95.6436,OUT045,2002,,Tier 2,Supermarket Type1,1134.5232,90.6436
DRI23,,Low Fat,0.136532569,Hard Drinks,159.6578,OUT027,1985,Medium,Tier 3,Supermarket Type3,2888.2404,154.6578
FDE04,19.75,Regular,0.018051091,Frozen Foods,179.866,OUT049,1999,Medium,Tier 1,Supermarket Type1,2696.49,174.866
FDW38,5.325,Regular,0.23212188,Dairy,55.5298,OUT010,1998,,Tier 3,Grocery Store,53.9298,50.5298
FDG46,,Regular,0.057620562,Snack Foods,115.4518,OUT019,1985,Small,Tier 1,Grocery Store,113.8518,110.4518
NCJ05,,LF,0.045865089,Health and Hygiene,152.3682,OUT027,1985,Medium,Tier 3,Supermarket Type3,2287.023,147.3682
FDU01,,Regular,0.021002171,Canned,185.1924,OUT019,1985,Small,Tier 1,Grocery Store,555.2772,180.1924
FDY11,6.71,Regular,0.029727657,Baking Goods,66.6142,OUT017,2007,,Tier 2,Supermarket Type1,1120.5414,61.6142
FDX60,14.35,Low Fat,0.080527065,Baking Goods,79.296,OUT013,1987,High,Tier 3,Supermarket Type1,719.064,74.296
NCN29,15.2,Low Fat,0,Health and Hygiene,47.8034,OUT049,1999,Medium,Tier 1,Supermarket Type1,437.4306,42.8034
FDT07,5.82,reg,0,Fruits and Vegetables,256.633,OUT049,1999,Medium,Tier 1,Supermarket Type1,2050.664,251.633
FDI21,5.59,Regular,0.056833394,Snack Foods,61.9168,OUT018,2009,Medium,Tier 3,Supermarket Type2,1214.4192,56.9168
FDI41,18.5,Regular,0.062256921,Frozen Foods,148.0418,OUT046,1997,Small,Tier 1,Supermarket Type1,2059.9852,143.0418
FDE10,,Regular,0.089512542,Snack Foods,133.1626,OUT027,1985,Medium,Tier 3,Supermarket Type3,3672.5528,128.1626
FDQ28,14,Regular,0.060427062,Frozen Foods,153.5656,OUT046,1997,Small,Tier 1,Supermarket Type1,3089.312,148.5656
FDY32,7.605,Low Fat,0.216323008,Fruits and Vegetables,165.021,OUT010,1998,,Tier 3,Grocery Store,815.605,160.021
NCK05,,Low Fat,0.135612397,Health and Hygiene,61.1536,OUT019,1985,Small,Tier 1,Grocery Store,61.2536,56.1536
FDH12,9.6,Low Fat,0.085125951,Baking Goods,107.128,OUT045,2002,,Tier 2,Supermarket Type1,1278.336,102.128
FDJ27,17.7,Regular,0.122565413,Meat,103.8674,OUT017,2007,,Tier 2,Supermarket Type1,1528.011,98.8674
DRL35,15.7,Low Fat,0,Hard Drinks,43.377,OUT010,1998,,Tier 3,Grocery Store,129.831,38.377
NCY29,13.65,Low Fat,0.077670981,Health and Hygiene,55.093,OUT017,2007,,Tier 2,Supermarket Type1,1301.639,50.093
FDC21,14.6,Regular,0.043201813,Fruits and Vegetables,110.1254,OUT017,2007,,Tier 2,Supermarket Type1,1844.9318,105.1254
FDM33,15.6,Low Fat,0.088215871,Snack Foods,220.1798,OUT017,2007,,Tier 2,Supermarket Type1,5068.7354,215.1798
DRJ39,20.25,Low Fat,0.036295834,Dairy,217.5482,OUT013,1987,High,Tier 3,Supermarket Type1,1095.241,212.5482
FDB22,8.02,Low Fat,0.186528819,Snack Foods,151.9998,OUT010,1998,,Tier 3,Grocery Store,307.5996,146.9998
FDC32,18.35,Low Fat,0.099026525,Fruits and Vegetables,93.8462,OUT013,1987,High,Tier 3,Supermarket Type1,1295.6468,88.8462
FDD02,16.6,LF,0,Canned,118.8124,OUT046,1997,Small,Tier 1,Supermarket Type1,2607.2728,113.8124
FDL28,10,Regular,0.063162608,Frozen Foods,228.6668,OUT035,2004,Small,Tier 2,Supermarket Type1,3455.502,223.6668
FDL39,16.1,Regular,0.063429818,Dairy,179.4318,OUT049,1999,Medium,Tier 1,Supermarket Type1,2345.6134,174.4318
FDV37,13,Regular,0.139785104,Canned,196.2426,OUT010,1998,,Tier 3,Grocery Store,197.7426,191.2426
FDA28,16.1,Regular,0.04807227,Frozen Foods,126.5362,OUT017,2007,,Tier 2,Supermarket Type1,1761.7068,121.5362
FDL04,19,Low Fat,0.112097433,Frozen Foods,105.5622,OUT049,1999,Medium,Tier 1,Supermarket Type1,1905.5196,100.5622
FDR10,17.6,Low Fat,0.010037996,Snack Foods,163.5552,OUT035,2004,Small,Tier 2,Supermarket Type1,3086.6488,158.5552
FDA39,6.32,Low Fat,0.012789884,Meat,39.1822,OUT017,2007,,Tier 2,Supermarket Type1,1060.6194,34.1822
FDR15,9.3,Regular,0.033431669,Meat,153.1314,OUT035,2004,Small,Tier 2,Supermarket Type1,4653.942,148.1314
FDQ40,11.1,Regular,0.03623131,Frozen Foods,175.0712,OUT017,2007,,Tier 2,Supermarket Type1,3339.6528,170.0712
DRG23,,Low Fat,0.086360962,Hard Drinks,151.2682,OUT027,1985,Medium,Tier 3,Supermarket Type3,2439.4912,146.2682
FDU36,6.15,Low Fat,0.046232445,Baking Goods,99.4384,OUT013,1987,High,Tier 3,Supermarket Type1,1379.5376,94.4384
FDF47,20.85,Low Fat,0.097618234,Starchy Foods,223.9746,OUT046,1997,Small,Tier 1,Supermarket Type1,897.4984,218.9746
FDH14,17.1,Regular,0.046808553,Canned,141.4838,OUT046,1997,Small,Tier 1,Supermarket Type1,1404.838,136.4838
FDO45,13.15,Regular,0.03810738,Snack Foods,86.3856,OUT018,2009,Medium,Tier 3,Supermarket Type2,615.1992,81.3856
FDK60,16.5,Regular,0.093846532,Baking Goods,95.7068,OUT035,2004,Small,Tier 2,Supermarket Type1,1069.2748,90.7068
FDS43,11.65,Low Fat,0.040744057,Fruits and Vegetables,185.924,OUT017,2007,,Tier 2,Supermarket Type1,4101.328,180.924
FDN44,13.15,Low Fat,0.022831052,Fruits and Vegetables,160.292,OUT049,1999,Medium,Tier 1,Supermarket Type1,4793.76,155.292
FDS34,19.35,Regular,0.076878416,Snack Foods,113.9518,OUT049,1999,Medium,Tier 1,Supermarket Type1,1138.518,108.9518
FDU20,19.35,Regular,0.021501067,Fruits and Vegetables,122.2098,OUT045,2002,,Tier 2,Supermarket Type1,2771.7254,117.2098
FDP44,16.5,Regular,0.07964724,Fruits and Vegetables,101.4332,OUT013,1987,High,Tier 3,Supermarket Type1,1948.1308,96.4332
FDC02,21.35,Low Fat,0.068809463,Canned,258.5278,OUT035,2004,Small,Tier 2,Supermarket Type1,5206.556,253.5278
FDT56,16,Regular,0.115570552,Fruits and Vegetables,57.5246,OUT035,2004,Small,Tier 2,Supermarket Type1,173.7738,52.5246
NCA06,20.5,Low Fat,0.143164371,Household,34.919,OUT013,1987,High,Tier 3,Supermarket Type1,73.238,29.919
FDE04,19.75,Regular,0.018008071,Frozen Foods,180.466,OUT013,1987,High,Tier 3,Supermarket Type1,3415.554,175.466
NCX06,17.6,Low Fat,0.015775777,Household,179.1976,OUT017,2007,,Tier 2,Supermarket Type1,3803.0496,174.1976
FDX49,4.615,Regular,0.102407778,Canned,234.33,OUT017,2007,,Tier 2,Supermarket Type1,3961.51,229.33
DRM59,5.88,Low Fat,0.003606726,Hard Drinks,154.1998,OUT018,2009,Medium,Tier 3,Supermarket Type2,1384.1982,149.1998
FDJ34,11.8,Regular,0.093801337,Snack Foods,126.0704,OUT049,1999,Medium,Tier 1,Supermarket Type1,1251.704,121.0704
FDP60,17.35,Low Fat,0,Baking Goods,101.9016,OUT013,1987,High,Tier 3,Supermarket Type1,1821.6288,96.9016
FDI07,12.35,Regular,0.033760862,Meat,196.9426,OUT046,1997,Small,Tier 1,Supermarket Type1,5141.3076,191.9426
FDV07,,Low Fat,0.031131455,Fruits and Vegetables,111.0228,OUT027,1985,Medium,Tier 3,Supermarket Type3,3205.1612,106.0228
FDH41,9,Low Fat,0.082177842,Frozen Foods,214.1534,OUT045,2002,,Tier 2,Supermarket Type1,1720.4272,209.1534
NCB31,6.235,Low Fat,0.118858866,Household,263.291,OUT049,1999,Medium,Tier 1,Supermarket Type1,3418.883,258.291
FDW34,9.6,Low Fat,0,Snack Foods,244.817,OUT035,2004,Small,Tier 2,Supermarket Type1,4374.306,239.817
FDX45,16.75,Low Fat,0.105448901,Snack Foods,156.163,OUT017,2007,,Tier 2,Supermarket Type1,782.315,151.163
FDH14,17.1,Regular,0.046881328,Canned,141.3838,OUT049,1999,Medium,Tier 1,Supermarket Type1,1685.8056,136.3838
FDF26,6.825,Regular,0.078057026,Canned,154.5998,OUT010,1998,,Tier 3,Grocery Store,153.7998,149.5998
FDU24,6.78,Regular,0.140955857,Baking Goods,92.212,OUT017,2007,,Tier 2,Supermarket Type1,4101.328,87.212
FDX11,16,Regular,0.107186944,Baking Goods,181.9634,OUT018,2009,Medium,Tier 3,Supermarket Type2,3453.5046,176.9634
FDF35,15,Low Fat,0.153960209,Starchy Foods,105.9938,OUT035,2004,Small,Tier 2,Supermarket Type1,1179.1318,100.9938
NCC43,7.39,Low Fat,0.093160853,Household,251.3066,OUT018,2009,Medium,Tier 3,Supermarket Type2,1004.0264,246.3066
FDG29,17.6,Low Fat,0.05629192,Frozen Foods,42.5454,OUT046,1997,Small,Tier 1,Supermarket Type1,419.454,37.5454
FDS44,12.65,Regular,0.15604396,Fruits and Vegetables,239.6538,OUT046,1997,Small,Tier 1,Supermarket Type1,3845.6608,234.6538
FDZ10,17.85,Low Fat,0.044463491,Snack Foods,127.102,OUT046,1997,Small,Tier 1,Supermarket Type1,2024.032,122.102
FDC52,11.15,Regular,0.00827301,Dairy,150.4708,OUT013,1987,High,Tier 3,Supermarket Type1,1956.1204,145.4708
DRL35,15.7,low fat,0.030697825,Hard Drinks,42.877,OUT035,2004,Small,Tier 2,Supermarket Type1,1168.479,37.877
NCP55,14.65,Low Fat,0,Others,56.4614,OUT010,1998,,Tier 3,Grocery Store,55.2614,51.4614
FDV38,,Low Fat,0.101281,Dairy,55.0956,OUT027,1985,Medium,Tier 3,Supermarket Type3,2020.0372,50.0956
FDL44,18.25,Low Fat,0.012300013,Fruits and Vegetables,160.4894,OUT045,2002,,Tier 2,Supermarket Type1,3073.9986,155.4894
FDZ47,20.7,Regular,0,Baking Goods,98.7042,OUT017,2007,,Tier 2,Supermarket Type1,1884.8798,93.7042
FDT45,15.85,Low Fat,0.057313443,Snack Foods,53.3956,OUT046,1997,Small,Tier 1,Supermarket Type1,1364.89,48.3956
FDN23,6.575,Regular,0.075625152,Breads,145.7444,OUT049,1999,Medium,Tier 1,Supermarket Type1,3193.1768,140.7444
NCP43,17.75,Low Fat,0.030568919,Others,177.866,OUT045,2002,,Tier 2,Supermarket Type1,2336.958,172.866
DRJ24,,Low Fat,0.198424841,Soft Drinks,185.2924,OUT019,1985,Small,Tier 1,Grocery Store,370.1848,180.2924
FDA02,,Regular,0.029578726,Dairy,143.5786,OUT027,1985,Medium,Tier 3,Supermarket Type3,3756.4436,138.5786
FDH33,,LF,0.213125482,Snack Foods,44.9428,OUT019,1985,Small,Tier 1,Grocery Store,175.7712,39.9428
FDF56,16.7,Regular,0.120137953,Fruits and Vegetables,181.2976,OUT017,2007,,Tier 2,Supermarket Type1,3078.6592,176.2976
NCN26,10.85,Low Fat,0.028679894,Household,115.1808,OUT046,1997,Small,Tier 1,Supermarket Type1,2109.2544,110.1808
FDD22,10,Low Fat,0.099804623,Snack Foods,113.7544,OUT049,1999,Medium,Tier 1,Supermarket Type1,3243.7776,108.7544
FDU15,13.65,Regular,0.044526443,Meat,37.9532,OUT010,1998,,Tier 3,Grocery Store,71.9064,32.9532
FDB41,19,Regular,0.162882227,Frozen Foods,46.8718,OUT010,1998,,Tier 3,Grocery Store,189.0872,41.8718
FDZ35,9.6,Regular,0.022404493,Breads,102.499,OUT017,2007,,Tier 2,Supermarket Type1,2579.975,97.499
FDT60,12,Low Fat,0.075975642,Baking Goods,124.1388,OUT017,2007,,Tier 2,Supermarket Type1,1486.0656,119.1388
FDE51,5.925,Regular,0.09644909,Dairy,43.8086,OUT035,2004,Small,Tier 2,Supermarket Type1,312.2602,38.8086
NCQ06,13,Low Fat,0.041816615,Household,254.5014,OUT035,2004,Small,Tier 2,Supermarket Type1,4845.0266,249.5014
FDS28,8.18,Regular,0.082867689,Frozen Foods,58.5588,OUT017,2007,,Tier 2,Supermarket Type1,171.7764,53.5588
FDH32,12.8,Low Fat,0.076214289,Fruits and Vegetables,96.541,OUT045,2002,,Tier 2,Supermarket Type1,1834.279,91.541
FDW37,19.2,Low Fat,0.124301968,Canned,89.7488,OUT045,2002,,Tier 2,Supermarket Type1,2082.6224,84.7488
FDY33,14.5,Regular,0.097201128,Snack Foods,159.4262,OUT046,1997,Small,Tier 1,Supermarket Type1,2705.1454,154.4262
FDF17,5.19,Low Fat,0.042861968,Frozen Foods,196.811,OUT017,2007,,Tier 2,Supermarket Type1,3731.809,191.811
FDG56,13.3,Regular,0.0713931,Fruits and Vegetables,61.0536,OUT013,1987,High,Tier 3,Supermarket Type1,1592.5936,56.0536
NCB18,19.6,Low Fat,0.041256807,Household,88.8514,OUT013,1987,High,Tier 3,Supermarket Type1,2125.2336,83.8514
FDU14,17.75,Low Fat,0.034746076,Dairy,248.275,OUT035,2004,Small,Tier 2,Supermarket Type1,998.7,243.275
FDU22,12.35,Low Fat,0.093441604,Snack Foods,119.1124,OUT049,1999,Medium,Tier 1,Supermarket Type1,3673.8844,114.1124
NCV41,14.35,Low Fat,0.017024598,Health and Hygiene,109.8228,OUT013,1987,High,Tier 3,Supermarket Type1,2099.9332,104.8228
FDY52,6.365,Low Fat,0.007363189,Frozen Foods,63.2536,OUT045,2002,,Tier 2,Supermarket Type1,1225.072,58.2536
DRG48,,Low Fat,0.014484582,Soft Drinks,143.9102,OUT027,1985,Medium,Tier 3,Supermarket Type3,3062.0142,138.9102
FDU01,,Regular,0.011937183,Canned,184.7924,OUT027,1985,Medium,Tier 3,Supermarket Type3,4442.2176,179.7924
NCP53,14.75,Low Fat,0.032862976,Health and Hygiene,238.6906,OUT013,1987,High,Tier 3,Supermarket Type1,4278.4308,233.6906
FDC17,12.15,Low Fat,0.015484763,Frozen Foods,211.9928,OUT049,1999,Medium,Tier 1,Supermarket Type1,631.1784,206.9928
NCZ30,6.59,Low Fat,0.026163192,Household,121.5098,OUT013,1987,High,Tier 3,Supermarket Type1,602.549,116.5098
FDK03,12.6,Regular,0.073920438,Dairy,255.6356,OUT046,1997,Small,Tier 1,Supermarket Type1,2797.6916,250.6356
FDE08,,Low Fat,0.086352403,Fruits and Vegetables,149.8734,OUT019,1985,Small,Tier 1,Grocery Store,445.4202,144.8734
NCM07,,Low Fat,0.03976832,Others,83.9908,OUT027,1985,Medium,Tier 3,Supermarket Type3,2348.9424,78.9908
FDY35,,Regular,0.015950066,Breads,47.7402,OUT027,1985,Medium,Tier 3,Supermarket Type3,1975.4286,42.7402
FDS28,,Regular,0.082002559,Frozen Foods,59.2588,OUT027,1985,Medium,Tier 3,Supermarket Type3,1374.2112,54.2588
FDI56,7.325,Low Fat,0.093307668,Fruits and Vegetables,92.7146,OUT013,1987,High,Tier 3,Supermarket Type1,2006.7212,87.7146
FDR23,,Low Fat,0.143199389,Breads,175.837,OUT019,1985,Small,Tier 1,Grocery Store,352.874,170.837
FDF29,15.1,Regular,0.019965179,Frozen Foods,130.531,OUT049,1999,Medium,Tier 1,Supermarket Type1,908.817,125.531
FDA47,,Regular,0.116108797,Baking Goods,164.121,OUT027,1985,Medium,Tier 3,Supermarket Type3,6035.477,159.121
FDI10,8.51,reg,0.078339081,Snack Foods,172.9422,OUT013,1987,High,Tier 3,Supermarket Type1,1379.5376,167.9422
FDC45,,Low Fat,0.237651344,Fruits and Vegetables,170.2106,OUT019,1985,Small,Tier 1,Grocery Store,171.1106,165.2106
FDA27,20.35,Regular,0.031102571,Dairy,257.2672,OUT017,2007,,Tier 2,Supermarket Type1,2045.3376,252.2672
NCR41,17.85,Low Fat,0.018097419,Health and Hygiene,96.9094,OUT018,2009,Medium,Tier 3,Supermarket Type2,1332.9316,91.9094
FDR09,18.25,Low Fat,0.078041216,Snack Foods,258.4962,OUT018,2009,Medium,Tier 3,Supermarket Type2,2848.9582,253.4962
NCB06,17.6,Low Fat,0.08226356,Health and Hygiene,160.492,OUT013,1987,High,Tier 3,Supermarket Type1,1278.336,155.492
FDE53,10.895,Low Fat,0.026880159,Frozen Foods,106.428,OUT046,1997,Small,Tier 1,Supermarket Type1,1491.392,101.428
DRE27,11.85,Low Fat,0.222063351,Dairy,99.6726,OUT010,1998,,Tier 3,Grocery Store,195.7452,94.6726
NCA06,,Low Fat,0.142589751,Household,35.919,OUT027,1985,Medium,Tier 3,Supermarket Type3,585.904,30.919
FDL56,14.1,Low Fat,0.126292985,Fruits and Vegetables,88.6198,OUT018,2009,Medium,Tier 3,Supermarket Type2,1133.8574,83.6198
FDT09,15.15,Regular,0.012260981,Snack Foods,131.7284,OUT035,2004,Small,Tier 2,Supermarket Type1,1186.4556,126.7284
DRH03,17.25,Low Fat,0.05869048,Dairy,91.612,OUT010,1998,,Tier 3,Grocery Store,93.212,86.612
NCQ53,17.6,Low Fat,0.018982338,Health and Hygiene,237.059,OUT018,2009,Medium,Tier 3,Supermarket Type2,2836.308,232.059
NCT18,14.6,Low Fat,0.059405152,Household,179.6976,OUT046,1997,Small,Tier 1,Supermarket Type1,3621.952,174.6976
FDL43,10.1,Low Fat,0.027059264,Meat,76.467,OUT035,2004,Small,Tier 2,Supermarket Type1,1761.041,71.467
FDJ53,10.5,Low Fat,0.071244438,Frozen Foods,119.2098,OUT035,2004,Small,Tier 2,Supermarket Type1,1325.6078,114.2098
NCQ02,12.6,Low Fat,0.007455054,Household,186.9556,OUT035,2004,Small,Tier 2,Supermarket Type1,3942.8676,181.9556
NCJ05,18.7,Low Fat,0.046088273,Health and Hygiene,153.6682,OUT046,1997,Small,Tier 1,Supermarket Type1,3506.7686,148.6682
FDT40,5.985,LF,0.096185556,Frozen Foods,127.1678,OUT018,2009,Medium,Tier 3,Supermarket Type2,3560.6984,122.1678
FDA48,12.1,Low Fat,0.11487406,Baking Goods,221.4114,OUT046,1997,Small,Tier 1,Supermarket Type1,5099.3622,216.4114
FDV37,13,Regular,0.083643716,Canned,196.0426,OUT049,1999,Medium,Tier 1,Supermarket Type1,2570.6538,191.0426
FDX07,19.2,Regular,0.022965292,Fruits and Vegetables,181.695,OUT045,2002,,Tier 2,Supermarket Type1,2563.33,176.695
DRG48,5.78,Low Fat,0.014584584,Soft Drinks,146.3102,OUT045,2002,,Tier 2,Supermarket Type1,2187.153,141.3102
FDF44,7.17,Regular,0.059716729,Fruits and Vegetables,130.9968,OUT035,2004,Small,Tier 2,Supermarket Type1,2348.9424,125.9968
FDS24,20.85,Regular,0.062224479,Baking Goods,88.1514,OUT046,1997,Small,Tier 1,Supermarket Type1,1682.4766,83.1514
NCQ50,18.75,Low Fat,0.034360687,Household,215.7218,OUT049,1999,Medium,Tier 1,Supermarket Type1,4274.436,210.7218
FDT25,7.5,Low Fat,0.050708743,Canned,123.4072,OUT013,1987,High,Tier 3,Supermarket Type1,3185.1872,118.4072
FDO03,10.395,Regular,0.036957777,Meat,230.5352,OUT045,2002,,Tier 2,Supermarket Type1,4580.704,225.5352
FDJ55,12.8,Regular,0.023530953,Meat,223.5404,OUT046,1997,Small,Tier 1,Supermarket Type1,1800.3232,218.5404
FDM36,11.65,Regular,0.058681957,Baking Goods,170.4422,OUT013,1987,High,Tier 3,Supermarket Type1,517.3266,165.4422
FDM21,20.2,Low Fat,0.064728148,Snack Foods,258.0646,OUT017,2007,,Tier 2,Supermarket Type1,5668.6212,253.0646
FDK58,11.35,Regular,0,Snack Foods,103.0016,OUT035,2004,Small,Tier 2,Supermarket Type1,2125.2336,98.0016
FDD26,8.71,Regular,0.120773451,Canned,186.5924,OUT010,1998,,Tier 3,Grocery Store,555.2772,181.5924
FDW57,8.31,Regular,0.115911972,Snack Foods,177.3028,OUT045,2002,,Tier 2,Supermarket Type1,1948.1308,172.3028
FDT32,19,Regular,0.10985775,Fruits and Vegetables,188.8214,OUT010,1998,,Tier 3,Grocery Store,188.4214,183.8214
FDT25,7.5,Low Fat,0.050853901,Canned,121.7072,OUT045,2002,,Tier 2,Supermarket Type1,367.5216,116.7072
NCB19,6.525,Low Fat,0.090295708,Household,84.6882,OUT046,1997,Small,Tier 1,Supermarket Type1,601.2174,79.6882
FDD05,,Low Fat,0.029084548,Frozen Foods,122.0098,OUT019,1985,Small,Tier 1,Grocery Store,361.5294,117.0098
NCE54,,Low Fat,0.026769592,Household,77.0354,OUT027,1985,Medium,Tier 3,Supermarket Type3,2332.2974,72.0354
FDO39,6.985,Regular,0.137580452,Meat,182.8608,OUT049,1999,Medium,Tier 1,Supermarket Type1,4042.7376,177.8608
NCV06,11.3,Low Fat,0.066816565,Household,192.2478,OUT045,2002,,Tier 2,Supermarket Type1,1356.2346,187.2478
DRB13,6.115,Regular,0.01179078,Soft Drinks,189.053,OUT010,1998,,Tier 3,Grocery Store,948.765,184.053
FDX51,9.5,Regular,0.036921781,Meat,194.2452,OUT010,1998,,Tier 3,Grocery Store,782.9808,189.2452
FDC38,15.7,Low Fat,0.122742389,Canned,134.2942,OUT045,2002,,Tier 2,Supermarket Type1,1192.4478,129.2942
FDD04,16,Low Fat,0.089971292,Dairy,143.2154,OUT046,1997,Small,Tier 1,Supermarket Type1,1701.7848,138.2154
FDC05,13.1,Regular,0.099186992,Frozen Foods,198.7768,OUT018,2009,Medium,Tier 3,Supermarket Type2,3153.2288,193.7768
DRJ59,,Low Fat,0,Hard Drinks,39.0164,OUT027,1985,Medium,Tier 3,Supermarket Type3,1042.6428,34.0164
FDL22,16.85,low fat,0.036596012,Snack Foods,90.6488,OUT017,2007,,Tier 2,Supermarket Type1,633.8416,85.6488
DRH13,,Low Fat,0.041821227,Soft Drinks,107.628,OUT019,1985,Small,Tier 1,Grocery Store,213.056,102.628
FDV22,14.85,Regular,0.016635488,Snack Foods,157.563,OUT010,1998,,Tier 3,Grocery Store,312.926,152.563
FDP07,18.2,Low Fat,0.090084098,Fruits and Vegetables,197.211,OUT045,2002,,Tier 2,Supermarket Type1,3142.576,192.211
FDK27,11,Low Fat,0.008960445,Meat,119.1756,OUT049,1999,Medium,Tier 1,Supermarket Type1,1696.4584,114.1756
FDP31,21.1,Regular,0.162418495,Fruits and Vegetables,64.9168,OUT017,2007,,Tier 2,Supermarket Type1,639.168,59.9168
NCI54,15.2,Low Fat,0.056237906,Household,110.7912,OUT010,1998,,Tier 3,Grocery Store,109.1912,105.7912
DRK35,,Low Fat,0.071498575,Hard Drinks,37.7506,OUT027,1985,Medium,Tier 3,Supermarket Type3,796.9626,32.7506
NCO07,9.06,Low Fat,0.009791467,Others,213.256,OUT049,1999,Medium,Tier 1,Supermarket Type1,4687.232,208.256
FDN31,11.5,Low Fat,0.072820885,Fruits and Vegetables,191.253,OUT013,1987,High,Tier 3,Supermarket Type1,3036.048,186.253
NCO02,11.15,Low Fat,0.073354286,Others,66.8142,OUT035,2004,Small,Tier 2,Supermarket Type1,2372.9112,61.8142
FDQ26,13.5,Regular,0.068010049,Dairy,57.2562,OUT045,2002,,Tier 2,Supermarket Type1,770.3306,52.2562
FDQ07,15.1,Regular,0.087406863,Fruits and Vegetables,221.8456,OUT046,1997,Small,Tier 1,Supermarket Type1,663.1368,216.8456
FDB49,8.3,Regular,0.030198228,Baking Goods,98.2384,OUT049,1999,Medium,Tier 1,Supermarket Type1,2167.8448,93.2384
FDY44,14.15,Regular,0.024442501,Fruits and Vegetables,196.411,OUT049,1999,Medium,Tier 1,Supermarket Type1,2749.754,191.411
NCI54,,Low Fat,0.033436336,Household,107.3912,OUT027,1985,Medium,Tier 3,Supermarket Type3,3057.3536,102.3912
FDV44,8.365,Regular,0.039844429,Fruits and Vegetables,190.1188,OUT046,1997,Small,Tier 1,Supermarket Type1,1904.188,185.1188
FDI48,11.85,Regular,0.055805027,Baking Goods,53.0666,OUT049,1999,Medium,Tier 1,Supermarket Type1,512.666,48.0666
NCL05,19.6,Low Fat,0.047888606,Health and Hygiene,42.277,OUT035,2004,Small,Tier 2,Supermarket Type1,605.878,37.277
FDT32,19,Regular,0.065735977,Fruits and Vegetables,189.6214,OUT049,1999,Medium,Tier 1,Supermarket Type1,2826.321,184.6214
FDM10,18.25,Low Fat,0.076089711,Snack Foods,212.9218,OUT049,1999,Medium,Tier 1,Supermarket Type1,3846.9924,207.9218
FDS21,19.85,Regular,0.020908608,Snack Foods,63.5194,OUT049,1999,Medium,Tier 1,Supermarket Type1,557.2746,58.5194
FDD11,12.85,Low Fat,0.030678825,Starchy Foods,251.704,OUT045,2002,,Tier 2,Supermarket Type1,3542.056,246.704
FDL04,,Low Fat,0.111381428,Frozen Foods,106.7622,OUT027,1985,Medium,Tier 3,Supermarket Type3,2964.1416,101.7622
FDO58,19.6,Low Fat,0.039738393,Snack Foods,163.7526,OUT018,2009,Medium,Tier 3,Supermarket Type2,2960.1468,158.7526
FDQ08,15.7,Regular,0.01903743,Fruits and Vegetables,60.5536,OUT017,2007,,Tier 2,Supermarket Type1,490.0288,55.5536
FDT28,13.3,Low Fat,0.06356617,Frozen Foods,151.3708,OUT046,1997,Small,Tier 1,Supermarket Type1,3611.2992,146.3708
FDT22,10.395,Low Fat,0.112553853,Snack Foods,59.022,OUT018,2009,Medium,Tier 3,Supermarket Type2,1378.206,54.022
FDB58,10.5,Regular,0.013493914,Snack Foods,143.7154,OUT035,2004,Small,Tier 2,Supermarket Type1,3119.9388,138.7154
FDN45,19.35,Low Fat,0.118102769,Snack Foods,224.8088,OUT046,1997,Small,Tier 1,Supermarket Type1,2013.3792,219.8088
FDZ45,14.1,Low Fat,0.06682033,Snack Foods,198.9084,OUT013,1987,High,Tier 3,Supermarket Type1,4761.8016,193.9084
FDJ38,8.6,Regular,0.040205535,Canned,188.753,OUT046,1997,Small,Tier 1,Supermarket Type1,7590.12,183.753
NCT06,17.1,Low Fat,0.038816115,Household,166.4842,OUT045,2002,,Tier 2,Supermarket Type1,1326.2736,161.4842
FDU21,,Regular,0.076348933,Snack Foods,32.8558,OUT027,1985,Medium,Tier 3,Supermarket Type3,713.0718,27.8558
NCP30,20.5,Low Fat,0.032819637,Household,38.9822,OUT049,1999,Medium,Tier 1,Supermarket Type1,982.055,33.9822
FDR27,15.1,Regular,0.096249842,Meat,134.4942,OUT049,1999,Medium,Tier 1,Supermarket Type1,2119.9072,129.4942
FDW39,6.69,Regular,0,Meat,176.937,OUT017,2007,,Tier 2,Supermarket Type1,4234.488,171.937
DRZ24,,Low Fat,0,Soft Drinks,121.044,OUT027,1985,Medium,Tier 3,Supermarket Type3,2396.88,116.044
FDK21,7.905,Low Fat,0.010003987,Snack Foods,250.7408,OUT013,1987,High,Tier 3,Supermarket Type1,5757.8384,245.7408
FDJ04,18,Low Fat,0.124452048,Frozen Foods,118.5124,OUT046,1997,Small,Tier 1,Supermarket Type1,1303.6364,113.5124
FDZ13,7.84,Regular,0.154363209,Canned,50.835,OUT017,2007,,Tier 2,Supermarket Type1,599.22,45.835
FDS16,15.15,Regular,0.066551268,Frozen Foods,144.676,OUT017,2007,,Tier 2,Supermarket Type1,3954.852,139.676
FDD56,15.2,Regular,0.173703549,Fruits and Vegetables,175.8054,OUT010,1998,,Tier 3,Grocery Store,1050.6324,170.8054
FDI57,19.85,Low Fat,0.054025644,Seafood,197.2768,OUT046,1997,Small,Tier 1,Supermarket Type1,6503.5344,192.2768
FDQ12,,Low Fat,0.03523927,Baking Goods,231.601,OUT027,1985,Medium,Tier 3,Supermarket Type3,5972.226,226.601
FDI56,7.325,Low Fat,0.093385381,Fruits and Vegetables,91.3146,OUT046,1997,Small,Tier 1,Supermarket Type1,1641.8628,86.3146
NCT42,5.88,Low Fat,0.024937792,Household,148.4392,OUT045,2002,,Tier 2,Supermarket Type1,2087.9488,143.4392
FDM25,10.695,Regular,0.060654268,Breakfast,174.7712,OUT035,2004,Small,Tier 2,Supermarket Type1,3339.6528,169.7712
DRB25,,Low Fat,0.06912336,Soft Drinks,106.0938,OUT027,1985,Medium,Tier 3,Supermarket Type3,2787.0388,101.0938
NCY30,20.25,LF,0.025953257,Household,179.5976,OUT046,1997,Small,Tier 1,Supermarket Type1,2535.3664,174.5976
FDD44,8.05,Regular,0.07884393,Fruits and Vegetables,257.0646,OUT017,2007,,Tier 2,Supermarket Type1,8760.5964,252.0646
FDK45,11.65,Low Fat,0.033851785,Seafood,112.186,OUT035,2004,Small,Tier 2,Supermarket Type1,1018.674,107.186
FDN45,19.35,Low Fat,0.118342285,Snack Foods,222.6088,OUT045,2002,,Tier 2,Supermarket Type1,1789.6704,217.6088
FDQ09,7.235,Low Fat,0.058121214,Snack Foods,115.8834,OUT035,2004,Small,Tier 2,Supermarket Type1,1382.2008,110.8834
FDC17,12.15,Low Fat,0.015457803,Frozen Foods,209.9928,OUT035,2004,Small,Tier 2,Supermarket Type1,5259.82,204.9928
FDD45,8.615,low fat,0.116152226,Fruits and Vegetables,94.1436,OUT013,1987,High,Tier 3,Supermarket Type1,1512.6976,89.1436
FDD41,6.765,Regular,0.087260103,Frozen Foods,105.0306,OUT046,1997,Small,Tier 1,Supermarket Type1,2090.612,100.0306
FDU46,10.3,Regular,0.0111263,Snack Foods,87.254,OUT046,1997,Small,Tier 1,Supermarket Type1,1211.756,82.254
FDO45,13.15,Regular,0.038167453,Snack Foods,89.4856,OUT017,2007,,Tier 2,Supermarket Type1,1230.3984,84.4856
FDG41,8.84,Regular,0.076547632,Frozen Foods,109.5228,OUT035,2004,Small,Tier 2,Supermarket Type1,1657.842,104.5228
DRC13,8.26,Regular,0,Soft Drinks,122.573,OUT045,2002,,Tier 2,Supermarket Type1,739.038,117.573
FDX50,20.1,Low Fat,0.074931201,Dairy,108.9228,OUT018,2009,Medium,Tier 3,Supermarket Type2,1105.228,103.9228
FDK56,9.695,Low Fat,0,Fruits and Vegetables,185.1898,OUT035,2004,Small,Tier 2,Supermarket Type1,2619.2572,180.1898
NCL18,18.85,Low Fat,0.16758389,Household,194.6136,OUT046,1997,Small,Tier 1,Supermarket Type1,2721.7904,189.6136
FDN57,18.25,Low Fat,0.054318517,Snack Foods,140.9154,OUT049,1999,Medium,Tier 1,Supermarket Type1,6381.693,135.9154
FDX03,,Regular,0.060800116,Meat,44.4744,OUT027,1985,Medium,Tier 3,Supermarket Type3,769.6648,39.4744
NCU17,5.32,Low Fat,0,Health and Hygiene,101.7674,OUT013,1987,High,Tier 3,Supermarket Type1,1120.5414,96.7674
FDL14,8.115,reg,0.032152786,Canned,157.3972,OUT035,2004,Small,Tier 2,Supermarket Type1,1869.5664,152.3972
NCU18,15.1,Low Fat,0.055840055,Household,139.8496,OUT046,1997,Small,Tier 1,Supermarket Type1,1411.496,134.8496
NCH43,8.42,Low Fat,0.070968081,Household,215.9192,OUT017,2007,,Tier 2,Supermarket Type1,1941.4728,210.9192
FDH41,9,Low Fat,0.081996013,Frozen Foods,216.2534,OUT035,2004,Small,Tier 2,Supermarket Type1,4301.068,211.2534
FDS28,8.18,Regular,0.082737261,Frozen Foods,57.3588,OUT018,2009,Medium,Tier 3,Supermarket Type2,343.5528,52.3588
FDG02,,Low Fat,0.011206632,Canned,191.4188,OUT027,1985,Medium,Tier 3,Supermarket Type3,3998.7948,186.4188
FDS40,15.35,Low Fat,0.014047825,Frozen Foods,36.719,OUT045,2002,,Tier 2,Supermarket Type1,585.904,31.719
FDD10,20.6,Regular,0.045982389,Snack Foods,177.0344,OUT013,1987,High,Tier 3,Supermarket Type1,535.3032,172.0344
DRQ35,9.3,Low Fat,0.042256257,Hard Drinks,124.4388,OUT013,1987,High,Tier 3,Supermarket Type1,1609.9044,119.4388
NCL05,19.6,Low Fat,0,Health and Hygiene,42.877,OUT049,1999,Medium,Tier 1,Supermarket Type1,649.155,37.877
FDJ48,11.3,Low Fat,0.056424146,Baking Goods,247.8118,OUT035,2004,Small,Tier 2,Supermarket Type1,2223.1062,242.8118
FDV21,,Low Fat,0.170254469,Snack Foods,124.8704,OUT027,1985,Medium,Tier 3,Supermarket Type3,2127.8968,119.8704
FDJ26,15.3,Regular,0.084749164,Canned,215.5218,OUT035,2004,Small,Tier 2,Supermarket Type1,4060.7142,210.5218
NCN05,8.235,Low Fat,0.014541462,Health and Hygiene,184.495,OUT017,2007,,Tier 2,Supermarket Type1,3844.995,179.495
FDK09,15.2,Low Fat,0.091763303,Snack Foods,228.5352,OUT046,1997,Small,Tier 1,Supermarket Type1,1832.2816,223.5352
FDM56,,low fat,0.069851683,Fruits and Vegetables,110.9912,OUT027,1985,Medium,Tier 3,Supermarket Type3,1310.2944,105.9912
DRF25,9,Low Fat,0.039004193,Soft Drinks,37.019,OUT045,2002,,Tier 2,Supermarket Type1,659.142,32.019
FDG14,9,reg,0.05060313,Canned,150.9024,OUT045,2002,,Tier 2,Supermarket Type1,4402.2696,145.9024
FDZ31,15.35,Regular,0.113195815,Fruits and Vegetables,190.8504,OUT035,2004,Small,Tier 2,Supermarket Type1,3643.2576,185.8504
FDU21,,Regular,0.134327613,Snack Foods,35.0558,OUT019,1985,Small,Tier 1,Grocery Store,33.9558,30.0558
FDC57,20.1,Regular,0.054584207,Fruits and Vegetables,193.382,OUT035,2004,Small,Tier 2,Supermarket Type1,4247.804,188.382
FDU46,10.3,Regular,0.018623146,Snack Foods,87.854,OUT010,1998,,Tier 3,Grocery Store,259.662,82.854
FDU22,12.35,Low Fat,0.093278912,Snack Foods,118.7124,OUT035,2004,Small,Tier 2,Supermarket Type1,2607.2728,113.7124
DRG23,8.88,Low Fat,0.086957199,Hard Drinks,152.5682,OUT045,2002,,Tier 2,Supermarket Type1,1372.2138,147.5682
FDR23,15.85,Low Fat,0.13689554,Breads,176.437,OUT010,1998,,Tier 3,Grocery Store,529.311,171.437
FDI14,14.1,Low Fat,0.090043082,Canned,140.1496,OUT018,2009,Medium,Tier 3,Supermarket Type2,846.8976,135.1496
NCN42,20.25,Low Fat,0.014251461,Household,148.6418,OUT045,2002,,Tier 2,Supermarket Type1,2648.5524,143.6418
NCM41,16.5,Low Fat,0.035711426,Health and Hygiene,93.612,OUT049,1999,Medium,Tier 1,Supermarket Type1,1584.604,88.612
FDT55,13.6,Regular,0.043655155,Fruits and Vegetables,156.7946,OUT046,1997,Small,Tier 1,Supermarket Type1,3629.2758,151.7946
DRY23,,Regular,0.108568067,Soft Drinks,42.9112,OUT027,1985,Medium,Tier 3,Supermarket Type3,809.6128,37.9112
FDL46,20.35,Low Fat,0.090480214,Snack Foods,119.5466,OUT010,1998,,Tier 3,Grocery Store,117.8466,114.5466
FDQ57,7.275,Low Fat,0.027942357,Snack Foods,145.076,OUT035,2004,Small,Tier 2,Supermarket Type1,1611.236,140.076
FDQ16,19.7,Low Fat,0.041730507,Frozen Foods,109.2912,OUT035,2004,Small,Tier 2,Supermarket Type1,2402.2064,104.2912
FDZ52,,Low Fat,0.099589909,Frozen Foods,109.1886,OUT027,1985,Medium,Tier 3,Supermarket Type3,4225.1668,104.1886
FDL16,,Low Fat,0.294939214,Frozen Foods,47.106,OUT019,1985,Small,Tier 1,Grocery Store,139.818,42.106
NCX18,14.15,Low Fat,0.008829806,Household,196.811,OUT018,2009,Medium,Tier 3,Supermarket Type2,4517.453,191.811
FDM34,19,Low Fat,0.067722325,Snack Foods,130.8626,OUT018,2009,Medium,Tier 3,Supermarket Type2,1573.9512,125.8626
FDG60,,Low Fat,0.060405784,Baking Goods,234.5616,OUT027,1985,Medium,Tier 3,Supermarket Type3,6796.4864,229.5616
NCA06,20.5,Low Fat,0,Household,37.119,OUT018,2009,Medium,Tier 3,Supermarket Type2,842.237,32.119
DRD12,6.96,Low Fat,0.077193561,Soft Drinks,89.9146,OUT046,1997,Small,Tier 1,Supermarket Type1,1277.0044,84.9146
FDP04,15.35,Low Fat,0.013869039,Frozen Foods,62.5168,OUT018,2009,Medium,Tier 3,Supermarket Type2,447.4176,57.5168
NCH30,17.1,Low Fat,0.067290244,Household,114.586,OUT045,2002,,Tier 2,Supermarket Type1,1584.604,109.586
FDS04,10.195,Regular,0.146960375,Frozen Foods,142.2838,OUT045,2002,,Tier 2,Supermarket Type1,1685.8056,137.2838
FDQ13,,Low Fat,0.018632082,Canned,82.9908,OUT019,1985,Small,Tier 1,Grocery Store,503.3448,77.9908
FDU59,5.78,Low Fat,0.096536082,Breads,162.8552,OUT049,1999,Medium,Tier 1,Supermarket Type1,3574.0144,157.8552
DRG11,6.385,Low Fat,0.084008316,Hard Drinks,108.2596,OUT045,2002,,Tier 2,Supermarket Type1,1186.4556,103.2596
FDA36,,Low Fat,0.005638944,Baking Goods,184.9924,OUT027,1985,Medium,Tier 3,Supermarket Type3,3146.5708,179.9924
FDA15,9.3,Low Fat,0.01601936,Dairy,248.5092,OUT035,2004,Small,Tier 2,Supermarket Type1,6474.2392,243.5092
FDZ03,13.65,Regular,0.13187274,Dairy,188.024,OUT010,1998,,Tier 3,Grocery Store,745.696,183.024
FDJ16,9.195,LF,0.114863923,Frozen Foods,59.0246,OUT035,2004,Small,Tier 2,Supermarket Type1,1853.5872,54.0246
FDZ12,9.17,Low Fat,0.103138922,Baking Goods,141.747,OUT049,1999,Medium,Tier 1,Supermarket Type1,3006.087,136.747
FDH09,12.6,Low Fat,0.056191301,Seafood,53.2982,OUT045,2002,,Tier 2,Supermarket Type1,736.3748,48.2982
FDT13,14.85,Low Fat,0.01867669,Canned,188.7214,OUT017,2007,,Tier 2,Supermarket Type1,3956.8494,183.7214
FDU20,19.35,Regular,0.021578923,Fruits and Vegetables,120.5098,OUT017,2007,,Tier 2,Supermarket Type1,1807.647,115.5098
DRH25,18.7,Low Fat,0,Soft Drinks,52.2324,OUT035,2004,Small,Tier 2,Supermarket Type1,467.3916,47.2324
FDK26,5.46,Regular,0.032242661,Canned,187.624,OUT045,2002,,Tier 2,Supermarket Type1,3542.056,182.624
FDU32,8.785,Low Fat,0.025962714,Fruits and Vegetables,120.9414,OUT035,2004,Small,Tier 2,Supermarket Type1,1949.4624,115.9414
FDI22,12.6,Low Fat,0.096407554,Snack Foods,210.8612,OUT045,2002,,Tier 2,Supermarket Type1,3344.9792,205.8612
NCB54,8.76,Low Fat,0.050256604,Health and Hygiene,127.3336,OUT018,2009,Medium,Tier 3,Supermarket Type2,2684.5056,122.3336
FDX46,12.3,Regular,0.058234621,Snack Foods,58.7562,OUT045,2002,,Tier 2,Supermarket Type1,592.562,53.7562
NCC07,19.6,Low Fat,0.023931217,Household,103.1964,OUT013,1987,High,Tier 3,Supermarket Type1,736.3748,98.1964
FDQ34,,LF,0.284065879,Snack Foods,105.5622,OUT019,1985,Small,Tier 1,Grocery Store,211.7244,100.5622
FDM16,8.155,Regular,0.033692089,Frozen Foods,76.2354,OUT018,2009,Medium,Tier 3,Supermarket Type2,1279.0018,71.2354
FDJ55,,Regular,0.023417004,Meat,223.8404,OUT027,1985,Medium,Tier 3,Supermarket Type3,7201.2928,218.8404
DRI01,7.97,Low Fat,0.034647829,Soft Drinks,171.2422,OUT017,2007,,Tier 2,Supermarket Type1,3103.9596,166.2422
FDD50,18.85,Low Fat,0.142219209,Canned,167.6132,OUT018,2009,Medium,Tier 3,Supermarket Type2,1522.0188,162.6132
FDJ08,11.1,Low Fat,0.11089655,Fruits and Vegetables,191.5846,OUT045,2002,,Tier 2,Supermarket Type1,2101.9306,186.5846
NCK18,9.6,Low Fat,0.006708517,Household,164.6184,OUT049,1999,Medium,Tier 1,Supermarket Type1,2972.1312,159.6184
FDQ14,9.27,Low Fat,0.103419257,Dairy,148.105,OUT010,1998,,Tier 3,Grocery Store,149.805,143.105
FDS51,13.35,Low Fat,0.032180494,Meat,61.2194,OUT046,1997,Small,Tier 1,Supermarket Type1,433.4358,56.2194
FDA04,11.3,Regular,0.066717378,Frozen Foods,260.8962,OUT035,2004,Small,Tier 2,Supermarket Type1,4920.9278,255.8962
FDP10,19,Low Fat,0.128814669,Snack Foods,107.6622,OUT017,2007,,Tier 2,Supermarket Type1,1164.4842,102.6622
FDT36,12.3,Low Fat,0.111500259,Baking Goods,35.6874,OUT045,2002,,Tier 2,Supermarket Type1,846.8976,30.6874
FDH38,6.425,Low Fat,0.010497273,Canned,118.3808,OUT017,2007,,Tier 2,Supermarket Type1,2812.3392,113.3808
FDC16,11.5,Regular,0.020653603,Dairy,84.954,OUT018,2009,Medium,Tier 3,Supermarket Type2,865.54,79.954
FDF17,5.19,Low Fat,0.042687151,Frozen Foods,195.911,OUT049,1999,Medium,Tier 1,Supermarket Type1,2946.165,190.911
FDU23,12.15,Low Fat,0.021705417,Breads,163.5184,OUT013,1987,High,Tier 3,Supermarket Type1,3137.2496,158.5184
FDB34,15.25,Low Fat,0.026651184,Snack Foods,86.6198,OUT049,1999,Medium,Tier 1,Supermarket Type1,1657.1762,81.6198
FDW26,11.8,Regular,0.106968096,Dairy,221.6772,OUT013,1987,High,Tier 3,Supermarket Type1,3113.2808,216.6772
FDP45,15.7,Regular,0.030686952,Snack Foods,253.4724,OUT045,2002,,Tier 2,Supermarket Type1,1510.0344,248.4724
FDD38,16.75,Regular,0.008191729,Canned,103.5674,OUT046,1997,Small,Tier 1,Supermarket Type1,1629.8784,98.5674
FDM60,10.8,Regular,0.048218142,Baking Goods,42.2138,OUT049,1999,Medium,Tier 1,Supermarket Type1,690.4346,37.2138
FDW26,11.8,Regular,0.107036943,Dairy,220.3772,OUT035,2004,Small,Tier 2,Supermarket Type1,4447.544,215.3772
FDV51,,Low Fat,0.032381325,Meat,166.1842,OUT027,1985,Medium,Tier 3,Supermarket Type3,5470.8786,161.1842
FDT33,7.81,Regular,0.034043503,Snack Foods,168.7158,OUT049,1999,Medium,Tier 1,Supermarket Type1,2673.8528,163.7158
FDQ40,11.1,Regular,0.036027524,Frozen Foods,177.2712,OUT046,1997,Small,Tier 1,Supermarket Type1,3339.6528,172.2712
FDX40,12.85,Low Fat,0,Frozen Foods,38.3164,OUT035,2004,Small,Tier 2,Supermarket Type1,502.0132,33.3164
FDU31,10.5,Regular,0.02498633,Fruits and Vegetables,216.7508,OUT035,2004,Small,Tier 2,Supermarket Type1,3038.7112,211.7508
DRJ01,6.135,Low Fat,0.115032406,Soft Drinks,161.0236,OUT046,1997,Small,Tier 1,Supermarket Type1,1288.9888,156.0236
FDP11,,Low Fat,0.068765925,Breads,216.9166,OUT027,1985,Medium,Tier 3,Supermarket Type3,4354.332,211.9166
NCN43,,Low Fat,0.006727008,Others,125.173,OUT027,1985,Medium,Tier 3,Supermarket Type3,3202.498,120.173
FDA15,9.3,Low Fat,0.016087659,Dairy,249.6092,OUT018,2009,Medium,Tier 3,Supermarket Type2,5976.2208,244.6092
FDO04,16.6,Low Fat,0,Frozen Foods,54.6614,OUT017,2007,,Tier 2,Supermarket Type1,884.1824,49.6614
NCF43,8.51,Low Fat,0.051936086,Household,142.947,OUT035,2004,Small,Tier 2,Supermarket Type1,3006.087,137.947
NCI17,8.645,Low Fat,0.1442339,Health and Hygiene,95.441,OUT017,2007,,Tier 2,Supermarket Type1,3282.394,90.441
FDY47,8.6,Regular,0.05443912,Breads,128.831,OUT013,1987,High,Tier 3,Supermarket Type1,1038.648,123.831
FDF20,,Low Fat,0.033059299,Fruits and Vegetables,196.4768,OUT027,1985,Medium,Tier 3,Supermarket Type3,6306.4576,191.4768
NCS53,14.5,Low Fat,0.089778187,Health and Hygiene,158.4604,OUT046,1997,Small,Tier 1,Supermarket Type1,2693.8268,153.4604
FDK38,6.65,Low Fat,0.053372768,Canned,149.5734,OUT049,1999,Medium,Tier 1,Supermarket Type1,2524.0478,144.5734
FDW43,20.1,Regular,0.022406575,Fruits and Vegetables,225.9036,OUT013,1987,High,Tier 3,Supermarket Type1,3643.2576,220.9036
FDV57,15.25,Regular,0.065896556,Snack Foods,179.266,OUT046,1997,Small,Tier 1,Supermarket Type1,1438.128,174.266
FDX26,17.7,Low Fat,0.088305201,Dairy,182.3292,OUT017,2007,,Tier 2,Supermarket Type1,4195.8716,177.3292
FDR04,7.075,Low Fat,0.022566975,Frozen Foods,97.3068,OUT046,1997,Small,Tier 1,Supermarket Type1,1263.6884,92.3068
FDP19,11.5,Low Fat,0,Fruits and Vegetables,129.3652,OUT013,1987,High,Tier 3,Supermarket Type1,2066.6432,124.3652
FDT07,5.82,Regular,0.077756427,Fruits and Vegetables,254.533,OUT017,2007,,Tier 2,Supermarket Type1,1281.665,249.533
DRB24,8.785,Low Fat,0.020609218,Soft Drinks,155.1656,OUT049,1999,Medium,Tier 1,Supermarket Type1,4016.1056,150.1656
FDB36,5.465,Regular,0,Baking Goods,129.1626,OUT046,1997,Small,Tier 1,Supermarket Type1,3672.5528,124.1626
NCE07,,Low Fat,0.013066448,Household,140.9154,OUT027,1985,Medium,Tier 3,Supermarket Type3,2127.231,135.9154
FDI16,,reg,0.135118202,Frozen Foods,52.564,OUT027,1985,Medium,Tier 3,Supermarket Type3,2290.352,47.564
FDP45,15.7,Regular,0.030624844,Snack Foods,252.2724,OUT046,1997,Small,Tier 1,Supermarket Type1,1258.362,247.2724
NCC43,7.39,low fat,0.092705683,Household,251.9066,OUT013,1987,High,Tier 3,Supermarket Type1,4267.1122,246.9066
FDQ23,,Low Fat,0.042941559,Breads,102.9332,OUT019,1985,Small,Tier 1,Grocery Store,102.5332,97.9332
FDW24,6.8,Low Fat,0.03748996,Baking Goods,48.6034,OUT035,2004,Small,Tier 2,Supermarket Type1,291.6204,43.6034
FDW09,,Regular,0.025795293,Snack Foods,80.2302,OUT027,1985,Medium,Tier 3,Supermarket Type3,2139.2154,75.2302
FDN10,11.5,Low Fat,0.046115083,Snack Foods,120.2124,OUT035,2004,Small,Tier 2,Supermarket Type1,1540.6612,115.2124
FDE23,17.6,Regular,0.053170949,Starchy Foods,45.606,OUT035,2004,Small,Tier 2,Supermarket Type1,1724.422,40.606
FDV16,7.75,Regular,0.082915017,Frozen Foods,34.9558,OUT035,2004,Small,Tier 2,Supermarket Type1,645.1602,29.9558
FDF12,,Low Fat,0.082028694,Baking Goods,148.6076,OUT027,1985,Medium,Tier 3,Supermarket Type3,3990.8052,143.6076
FDN21,18.6,Low Fat,0.076975118,Snack Foods,161.8236,OUT049,1999,Medium,Tier 1,Supermarket Type1,1611.236,156.8236
DRC25,5.73,Low Fat,0.045371855,Soft Drinks,86.0882,OUT046,1997,Small,Tier 1,Supermarket Type1,1116.5466,81.0882
NCP18,12.15,Low Fat,0.028642712,Household,149.0708,OUT049,1999,Medium,Tier 1,Supermarket Type1,1203.7664,144.0708
FDW60,5.44,Regular,0.017047751,Baking Goods,174.637,OUT013,1987,High,Tier 3,Supermarket Type1,2999.429,169.637
FDY04,17.7,Regular,0.042562588,Frozen Foods,165.021,OUT045,2002,,Tier 2,Supermarket Type1,3425.541,160.021
NCJ31,,LF,0.181769264,Others,240.6196,OUT027,1985,Medium,Tier 3,Supermarket Type3,4579.3724,235.6196
DRN47,12.1,Low Fat,0.016812745,Hard Drinks,180.666,OUT013,1987,High,Tier 3,Supermarket Type1,4134.618,175.666
FDU13,8.355,Low Fat,0,Canned,145.6418,OUT013,1987,High,Tier 3,Supermarket Type1,3384.2614,140.6418
FDT39,6.26,reg,0.016516867,Meat,151.1366,OUT010,1998,,Tier 3,Grocery Store,453.4098,146.1366
NCQ18,15.75,Low Fat,0.134960397,Household,101.37,OUT013,1987,High,Tier 3,Supermarket Type1,2097.27,96.37
FDV25,5.905,low fat,0.045614252,Canned,221.5456,OUT013,1987,High,Tier 3,Supermarket Type1,6852.4136,216.5456
NCE30,16,Low Fat,0.099136036,Household,210.3902,OUT046,1997,Small,Tier 1,Supermarket Type1,1486.7314,205.3902
NCN42,20.25,Low Fat,0.014222617,Household,148.9418,OUT046,1997,Small,Tier 1,Supermarket Type1,3531.4032,143.9418
FDW25,5.175,Low Fat,0.037457098,Canned,83.4224,OUT049,1999,Medium,Tier 1,Supermarket Type1,1448.7808,78.4224
FDS49,9,Low Fat,0.079279489,Canned,77.2644,OUT013,1987,High,Tier 3,Supermarket Type1,1335.5948,72.2644
FDN34,15.6,Regular,0.045835395,Snack Foods,168.2132,OUT049,1999,Medium,Tier 1,Supermarket Type1,2367.5848,163.2132
FDS45,5.175,Regular,0.029616108,Snack Foods,107.7622,OUT018,2009,Medium,Tier 3,Supermarket Type2,2011.3818,102.7622
NCL53,,Low Fat,0,Health and Hygiene,175.4028,OUT027,1985,Medium,Tier 3,Supermarket Type3,6729.9064,170.4028
FDT38,18.7,Low Fat,0.0576269,Dairy,83.3566,OUT049,1999,Medium,Tier 1,Supermarket Type1,1860.2452,78.3566
NCX06,17.6,Low Fat,0.015687045,Household,182.6976,OUT046,1997,Small,Tier 1,Supermarket Type1,3440.8544,177.6976
NCY17,18.2,Low Fat,0.162960415,Health and Hygiene,43.5086,OUT013,1987,High,Tier 3,Supermarket Type1,1070.6064,38.5086
NCO18,13.15,Low Fat,0.024651269,Household,179.5686,OUT046,1997,Small,Tier 1,Supermarket Type1,1422.1488,174.5686
FDY47,8.6,Regular,0.091195818,Breads,130.231,OUT010,1998,,Tier 3,Grocery Store,129.831,125.231
FDF57,,Regular,0.058542509,Fruits and Vegetables,168.6448,OUT027,1985,Medium,Tier 3,Supermarket Type3,3408.896,163.6448
FDS26,20.35,Low Fat,0.089608321,Dairy,262.1594,OUT049,1999,Medium,Tier 1,Supermarket Type1,3139.9128,257.1594
NCL17,7.39,Low Fat,0.067766896,Health and Hygiene,140.6812,OUT035,2004,Small,Tier 2,Supermarket Type1,3704.5112,135.6812
NCB18,19.6,Low Fat,0.041355366,Household,88.7514,OUT049,1999,Medium,Tier 1,Supermarket Type1,2656.542,83.7514
FDA50,16.25,LF,0.145913308,Dairy,95.441,OUT010,1998,,Tier 3,Grocery Store,193.082,90.441
DRE13,6.28,Low Fat,0.027748176,Soft Drinks,86.5198,OUT049,1999,Medium,Tier 1,Supermarket Type1,1395.5168,81.5198
DRE60,9.395,Low Fat,0.159201868,Soft Drinks,226.072,OUT013,1987,High,Tier 3,Supermarket Type1,3621.952,221.072
FDB20,7.72,Low Fat,0.052274691,Fruits and Vegetables,79.1986,OUT017,2007,,Tier 2,Supermarket Type1,778.986,74.1986
NCS18,12.65,Low Fat,0.042175992,Household,106.4938,OUT013,1987,High,Tier 3,Supermarket Type1,2465.4574,101.4938
FDH19,,Low Fat,0.057933643,Meat,175.1738,OUT019,1985,Small,Tier 1,Grocery Store,347.5476,170.1738
FDS47,16.75,Low Fat,0,Breads,88.7856,OUT045,2002,,Tier 2,Supermarket Type1,966.7416,83.7856
FDC09,15.5,Regular,0.026280116,Fruits and Vegetables,102.3332,OUT013,1987,High,Tier 3,Supermarket Type1,922.7988,97.3332
DRG23,8.88,Low Fat,0.086916126,Hard Drinks,153.3682,OUT049,1999,Medium,Tier 1,Supermarket Type1,1219.7456,148.3682
FDU34,18.25,Low Fat,0.075347426,Snack Foods,126.3046,OUT045,2002,,Tier 2,Supermarket Type1,747.0276,121.3046
FDZ40,8.935,Low Fat,0.040410039,Frozen Foods,52.9298,OUT017,2007,,Tier 2,Supermarket Type1,539.298,47.9298
NCE30,16,Low Fat,0.09911729,Household,210.7902,OUT035,2004,Small,Tier 2,Supermarket Type1,4460.1942,205.7902
FDA44,19.7,LF,0.053439522,Fruits and Vegetables,55.093,OUT018,2009,Medium,Tier 3,Supermarket Type2,1018.674,50.093
FDB32,20.6,Low Fat,0.023448504,Fruits and Vegetables,93.9778,OUT035,2004,Small,Tier 2,Supermarket Type1,2816.334,88.9778
NCO06,19.25,Low Fat,0.108030434,Household,32.4558,OUT046,1997,Small,Tier 1,Supermarket Type1,101.8674,27.4558
FDY44,14.15,Regular,0.024404558,Fruits and Vegetables,198.311,OUT046,1997,Small,Tier 1,Supermarket Type1,2553.343,193.311
FDG10,6.63,Regular,0.010961483,Snack Foods,58.2588,OUT045,2002,,Tier 2,Supermarket Type1,343.5528,53.2588
FDF38,11.8,Regular,0.026358005,Canned,39.6138,OUT046,1997,Small,Tier 1,Supermarket Type1,365.5242,34.6138
FDW59,,Low Fat,0.03627089,Breads,85.9566,OUT019,1985,Small,Tier 1,Grocery Store,169.1132,80.9566
FDP34,12.85,Low Fat,0.137227848,Snack Foods,155.563,OUT046,1997,Small,Tier 1,Supermarket Type1,4224.501,150.563
FDZ26,11.6,Regular,0.144832027,Dairy,239.8222,OUT017,2007,,Tier 2,Supermarket Type1,4063.3774,234.8222
FDH17,,Regular,0.029157849,Frozen Foods,97.0726,OUT019,1985,Small,Tier 1,Grocery Store,293.6178,92.0726
FDU44,12.15,Regular,0.058756205,Fruits and Vegetables,161.0552,OUT017,2007,,Tier 2,Supermarket Type1,3411.5592,156.0552
FDS23,4.635,Low Fat,0.141108156,Breads,128.2994,OUT049,1999,Medium,Tier 1,Supermarket Type1,2698.4874,123.2994
DRE03,19.6,Low Fat,0.024325592,Dairy,48.5718,OUT018,2009,Medium,Tier 3,Supermarket Type2,425.4462,43.5718
FDY57,20.2,Regular,0.121500143,Snack Foods,95.0752,OUT045,2002,,Tier 2,Supermarket Type1,2588.6304,90.0752
FDH50,,Regular,0.160653682,Canned,185.2266,OUT027,1985,Medium,Tier 3,Supermarket Type3,5901.6512,180.2266
DRY23,9.395,Regular,0.109096371,Soft Drinks,44.6112,OUT046,1997,Small,Tier 1,Supermarket Type1,511.3344,39.6112
FDT27,11.395,Regular,0.069574013,Meat,232.8616,OUT035,2004,Small,Tier 2,Supermarket Type1,2812.3392,227.8616
FDB38,19.5,Regular,0.027458099,Canned,158.792,OUT018,2009,Medium,Tier 3,Supermarket Type2,2556.672,153.792
FDY16,18.35,Regular,0.092226754,Frozen Foods,184.4266,OUT046,1997,Small,Tier 1,Supermarket Type1,3504.1054,179.4266
FDG33,5.365,Regular,0.234733477,Seafood,173.4764,OUT010,1998,,Tier 3,Grocery Store,171.7764,168.4764
FDN04,11.8,Regular,0.014144442,Frozen Foods,180.4344,OUT018,2009,Medium,Tier 3,Supermarket Type2,535.3032,175.4344
FDJ48,11.3,Low Fat,0.056754036,Baking Goods,247.5118,OUT017,2007,,Tier 2,Supermarket Type1,2470.118,242.5118
NCC07,19.6,Low Fat,0.023999722,Household,104.0964,OUT045,2002,,Tier 2,Supermarket Type1,525.982,99.0964
FDI35,14,Low Fat,0.041355366,Starchy Foods,182.0634,OUT049,1999,Medium,Tier 1,Supermarket Type1,4544.085,177.0634
DRH49,19.7,Low Fat,0.024655594,Soft Drinks,84.3592,OUT046,1997,Small,Tier 1,Supermarket Type1,743.0328,79.3592
FDY51,12.5,Low Fat,0.081134826,Meat,220.0798,OUT046,1997,Small,Tier 1,Supermarket Type1,4848.3556,215.0798
NCG07,12.3,Low Fat,0.052608525,Household,191.253,OUT045,2002,,Tier 2,Supermarket Type1,2656.542,186.253
FDA22,7.435,Low Fat,0.084452363,Starchy Foods,165.2158,OUT046,1997,Small,Tier 1,Supermarket Type1,2840.9686,160.2158
FDA33,6.48,Low Fat,0.033899898,Snack Foods,146.9076,OUT046,1997,Small,Tier 1,Supermarket Type1,2956.152,141.9076
FDV03,17.6,Low Fat,0.058042926,Meat,154.6314,OUT013,1987,High,Tier 3,Supermarket Type1,1861.5768,149.6314
FDP27,8.155,Low Fat,0.119692888,Meat,188.453,OUT045,2002,,Tier 2,Supermarket Type1,4364.319,183.453
FDZ20,16.1,Low Fat,0.0343603,Fruits and Vegetables,253.4356,OUT049,1999,Medium,Tier 1,Supermarket Type1,2797.6916,248.4356
FDR56,15.5,Regular,0.100922503,Fruits and Vegetables,199.0768,OUT049,1999,Medium,Tier 1,Supermarket Type1,2759.0752,194.0768
NCV41,,LF,0.016956266,Health and Hygiene,109.3228,OUT027,1985,Medium,Tier 3,Supermarket Type3,2431.5016,104.3228
FDU11,4.785,Low Fat,0.092576144,Breads,121.0098,OUT035,2004,Small,Tier 2,Supermarket Type1,2530.7058,116.0098
NCB30,14.6,Low Fat,0.025742955,Household,197.1084,OUT049,1999,Medium,Tier 1,Supermarket Type1,4761.8016,192.1084
FDX23,6.445,Low Fat,0.029812714,Baking Goods,95.4436,OUT018,2009,Medium,Tier 3,Supermarket Type2,1229.0668,90.4436
FDY24,4.88,Regular,0.133382115,Baking Goods,55.0298,OUT013,1987,High,Tier 3,Supermarket Type1,647.1576,50.0298
FDZ37,8.1,Regular,0,Canned,88.5198,OUT013,1987,High,Tier 3,Supermarket Type1,261.6594,83.5198
FDL10,8.395,Low Fat,0.039484739,Snack Foods,97.9042,OUT035,2004,Small,Tier 2,Supermarket Type1,1686.4714,92.9042
NCE18,10,Low Fat,0.021425341,Household,250.175,OUT046,1997,Small,Tier 1,Supermarket Type1,2996.1,245.175
FDY60,,Regular,0.02624324,Baking Goods,143.8128,OUT027,1985,Medium,Tier 3,Supermarket Type3,4458.1968,138.8128
FDT24,12.35,Regular,0.185704641,Baking Goods,77.1328,OUT013,1987,High,Tier 3,Supermarket Type1,2239.7512,72.1328
NCV06,11.3,Low Fat,0.066668724,Household,192.4478,OUT035,2004,Small,Tier 2,Supermarket Type1,2712.4692,187.4478
FDP51,,Regular,0.149305497,Meat,119.6124,OUT019,1985,Small,Tier 1,Grocery Store,592.562,114.6124
FDU49,19.5,Regular,0.030688557,Canned,85.754,OUT035,2004,Small,Tier 2,Supermarket Type1,2163.85,80.754
FDQ16,19.7,LF,0.041803291,Frozen Foods,110.3912,OUT049,1999,Medium,Tier 1,Supermarket Type1,3275.736,105.3912
FDV16,7.75,Regular,0.082861686,Frozen Foods,32.6558,OUT013,1987,High,Tier 3,Supermarket Type1,679.116,27.6558
FDL36,15.1,Low Fat,0.076385385,Baking Goods,88.483,OUT018,2009,Medium,Tier 3,Supermarket Type2,988.713,83.483
FDE09,,Low Fat,0.021498768,Fruits and Vegetables,111.5228,OUT027,1985,Medium,Tier 3,Supermarket Type3,1768.3648,106.5228
NCV54,11.1,Low Fat,0.033102681,Household,116.6124,OUT035,2004,Small,Tier 2,Supermarket Type1,1540.6612,111.6124
FDH27,7.075,Low Fat,0.058676973,Dairy,142.0128,OUT017,2007,,Tier 2,Supermarket Type1,2588.6304,137.0128
FDF33,7.97,LF,0.021531416,Seafood,108.4596,OUT035,2004,Small,Tier 2,Supermarket Type1,3020.0688,103.4596
NCP18,12.15,Low Fat,0.028592842,Household,151.0708,OUT035,2004,Small,Tier 2,Supermarket Type1,2858.9452,146.0708
FDZ45,14.1,Low Fat,0.067148407,Snack Foods,200.4084,OUT018,2009,Medium,Tier 3,Supermarket Type2,3968.168,195.4084
FDU25,,Low Fat,0.026552056,Canned,56.2246,OUT027,1985,Medium,Tier 3,Supermarket Type3,1737.738,51.2246
FDQ40,11.1,Regular,0.060302689,Frozen Foods,175.8712,OUT010,1998,,Tier 3,Grocery Store,175.7712,170.8712
DRD25,,Low Fat,0.138269873,Soft Drinks,111.686,OUT019,1985,Small,Tier 1,Grocery Store,452.744,106.686
FDJ57,7.42,Regular,0.036109859,Seafood,186.5582,OUT010,1998,,Tier 3,Grocery Store,185.7582,181.5582
FDT43,16.35,Low Fat,0.020579897,Fruits and Vegetables,52.1324,OUT049,1999,Medium,Tier 1,Supermarket Type1,934.7832,47.1324
FDH44,19.1,Regular,0.025912378,Fruits and Vegetables,146.8418,OUT049,1999,Medium,Tier 1,Supermarket Type1,1765.7016,141.8418
FDR31,,Regular,0.086077865,Fruits and Vegetables,143.8102,OUT019,1985,Small,Tier 1,Grocery Store,291.6204,138.8102
FDQ27,5.19,Regular,0.044432887,Meat,102.899,OUT018,2009,Medium,Tier 3,Supermarket Type2,1651.184,97.899
DRK13,11.8,Low Fat,0.115346634,Soft Drinks,200.2084,OUT049,1999,Medium,Tier 1,Supermarket Type1,4563.3932,195.2084
FDB04,11.35,Regular,0.063226306,Dairy,87.9856,OUT046,1997,Small,Tier 1,Supermarket Type1,1494.0552,82.9856
NCI54,15.2,low fat,0.03366718,Household,109.6912,OUT045,2002,,Tier 2,Supermarket Type1,1419.4856,104.6912
FDP19,11.5,Low Fat,0.173867958,Fruits and Vegetables,128.8652,OUT045,2002,,Tier 2,Supermarket Type1,1291.652,123.8652
FDB37,20.25,Regular,0.022936488,Baking Goods,240.8538,OUT035,2004,Small,Tier 2,Supermarket Type1,7931.6754,235.8538
NCR05,10.1,Low Fat,0.054585372,Health and Hygiene,196.5084,OUT013,1987,High,Tier 3,Supermarket Type1,595.2252,191.5084
FDZ15,13.1,Low Fat,0.020913071,Dairy,120.1782,OUT045,2002,,Tier 2,Supermarket Type1,2026.0294,115.1782
NCQ29,12,Low Fat,0.104230135,Health and Hygiene,259.5278,OUT046,1997,Small,Tier 1,Supermarket Type1,2603.278,254.5278
FDL04,19,Low Fat,0.111923422,Frozen Foods,106.5622,OUT046,1997,Small,Tier 1,Supermarket Type1,2117.244,101.5622
DRH49,19.7,Low Fat,0.024756031,Soft Drinks,83.8592,OUT018,2009,Medium,Tier 3,Supermarket Type2,247.6776,78.8592
FDT07,,Regular,0.135375727,Fruits and Vegetables,256.133,OUT019,1985,Small,Tier 1,Grocery Store,256.333,251.133
NCI55,18.6,Low Fat,0.012679226,Household,120.9414,OUT045,2002,,Tier 2,Supermarket Type1,2680.5108,115.9414
FDP19,11.5,LF,0.173483253,Fruits and Vegetables,129.0652,OUT035,2004,Small,Tier 2,Supermarket Type1,3487.4604,124.0652
FDV45,16.75,Low Fat,0.045138797,Snack Foods,187.9556,OUT045,2002,,Tier 2,Supermarket Type1,2816.334,182.9556
FDG26,18.85,Low Fat,0.04282359,Canned,254.433,OUT018,2009,Medium,Tier 3,Supermarket Type2,2050.664,249.433
DRJ01,6.135,Low Fat,0.115010655,Soft Drinks,161.5236,OUT035,2004,Small,Tier 2,Supermarket Type1,1288.9888,156.5236
FDD14,20.7,Low Fat,0.169776346,Canned,184.4266,OUT035,2004,Small,Tier 2,Supermarket Type1,3688.532,179.4266
DRH37,17.6,Low Fat,0.041608488,Soft Drinks,165.4526,OUT035,2004,Small,Tier 2,Supermarket Type1,1644.526,160.4526
NCD18,16,Low Fat,0.072608647,Household,228.3668,OUT013,1987,High,Tier 3,Supermarket Type1,5298.4364,223.3668
NCE55,8.92,Low Fat,0.130191993,Household,176.837,OUT045,2002,,Tier 2,Supermarket Type1,2117.244,171.837
NCQ43,17.75,Low Fat,0.111931193,Others,108.8912,OUT017,2007,,Tier 2,Supermarket Type1,327.5736,103.8912
FDC41,15.6,Low Fat,0.116913245,Frozen Foods,78.167,OUT046,1997,Small,Tier 1,Supermarket Type1,1837.608,73.167
DRL01,,Regular,0.13511877,Soft Drinks,232.9958,OUT019,1985,Small,Tier 1,Grocery Store,934.7832,227.9958
FDX48,17.75,Regular,0.063416566,Baking Goods,154.6656,OUT010,1998,,Tier 3,Grocery Store,308.9312,149.6656
DRC25,5.73,Low Fat,0.075943184,Soft Drinks,85.5882,OUT010,1998,,Tier 3,Grocery Store,171.7764,80.5882
DRF48,5.73,Low Fat,0.05190652,Soft Drinks,188.1898,OUT045,2002,,Tier 2,Supermarket Type1,1496.7184,183.1898
FDT34,9.3,Low Fat,0.175060504,Snack Foods,106.7964,OUT018,2009,Medium,Tier 3,Supermarket Type2,525.982,101.7964
NCB43,20.2,Low Fat,0.099893424,Household,187.6898,OUT035,2004,Small,Tier 2,Supermarket Type1,3928.8858,182.6898
FDG44,,Low Fat,0.178923163,Fruits and Vegetables,55.7298,OUT019,1985,Small,Tier 1,Grocery Store,161.7894,50.7298
FDD35,12.15,Low Fat,0,Starchy Foods,119.244,OUT035,2004,Small,Tier 2,Supermarket Type1,2636.568,114.244
FDC02,21.35,Low Fat,0.068765205,Canned,260.4278,OUT013,1987,High,Tier 3,Supermarket Type1,3644.5892,255.4278
FDU51,20.2,Regular,0.096906831,Meat,175.5028,OUT018,2009,Medium,Tier 3,Supermarket Type2,6729.9064,170.5028
NCC19,6.57,Low Fat,0.096862255,Household,193.982,OUT035,2004,Small,Tier 2,Supermarket Type1,2316.984,188.982
FDJ60,19.35,Regular,0.062528426,Baking Goods,166.9184,OUT046,1997,Small,Tier 1,Supermarket Type1,3302.368,161.9184
NCI29,8.6,Low Fat,0.032621545,Health and Hygiene,143.2154,OUT046,1997,Small,Tier 1,Supermarket Type1,2127.231,138.2154
NCF43,8.51,Low Fat,0.05190268,Household,142.247,OUT013,1987,High,Tier 3,Supermarket Type1,2862.94,137.247
FDY08,,Regular,0.170246782,Fruits and Vegetables,141.5838,OUT027,1985,Medium,Tier 3,Supermarket Type3,3231.1274,136.5838
FDD17,7.5,Low Fat,0.054610829,Frozen Foods,237.1906,OUT010,1998,,Tier 3,Grocery Store,237.6906,232.1906
FDK41,14.3,Low Fat,0.127517605,Frozen Foods,86.0224,OUT035,2004,Small,Tier 2,Supermarket Type1,1022.6688,81.0224
DRN59,15,Low Fat,0.064271703,Hard Drinks,45.506,OUT045,2002,,Tier 2,Supermarket Type1,466.06,40.506
FDR60,14.3,Low Fat,0.13030659,Baking Goods,75.7328,OUT013,1987,High,Tier 3,Supermarket Type1,617.8624,70.7328
DRO47,10.195,Low Fat,0.187841082,Hard Drinks,112.486,OUT010,1998,,Tier 3,Grocery Store,113.186,107.486
FDF26,6.825,Regular,0.046625941,Canned,154.9998,OUT035,2004,Small,Tier 2,Supermarket Type1,3075.996,149.9998
FDQ12,12.65,LF,0.035410748,Baking Goods,231.401,OUT046,1997,Small,Tier 1,Supermarket Type1,2067.309,226.401
NCO29,11.15,Low Fat,0.032250092,Health and Hygiene,164.0526,OUT035,2004,Small,Tier 2,Supermarket Type1,4769.1254,159.0526
DRF03,19.1,Low Fat,0.045378573,Dairy,42.4138,OUT049,1999,Medium,Tier 1,Supermarket Type1,243.6828,37.4138
FDU48,18.85,Low Fat,0.0926587,Baking Goods,131.4284,OUT010,1998,,Tier 3,Grocery Store,263.6568,126.4284
DRE03,19.6,Low Fat,0.024222321,Dairy,45.5718,OUT035,2004,Small,Tier 2,Supermarket Type1,945.436,40.5718
FDX55,15.1,Low Fat,0.055518167,Fruits and Vegetables,217.3166,OUT017,2007,,Tier 2,Supermarket Type1,1306.2996,212.3166
FDP38,,Low Fat,0.031946638,Canned,51.6008,OUT027,1985,Medium,Tier 3,Supermarket Type3,1821.6288,46.6008
FDZ19,6.425,Low Fat,0.093983518,Fruits and Vegetables,175.5712,OUT017,2007,,Tier 2,Supermarket Type1,1230.3984,170.5712
NCU54,8.88,LF,0.098822387,Household,209.627,OUT045,2002,,Tier 2,Supermarket Type1,1887.543,204.627
FDY36,12.3,Low Fat,0.009410528,Baking Goods,73.738,OUT046,1997,Small,Tier 1,Supermarket Type1,1318.284,68.738
FDL16,12.85,Low Fat,0.169139066,Frozen Foods,46.406,OUT018,2009,Medium,Tier 3,Supermarket Type2,186.424,41.406
FDW31,11.35,Regular,0.043122189,Fruits and Vegetables,197.9742,OUT013,1987,High,Tier 3,Supermarket Type1,995.371,192.9742
DRK49,,Low Fat,0.035769657,Soft Drinks,40.9138,OUT027,1985,Medium,Tier 3,Supermarket Type3,1380.8692,35.9138
FDC08,19,Regular,0.10361083,Fruits and Vegetables,228.372,OUT049,1999,Medium,Tier 1,Supermarket Type1,905.488,223.372
FDO56,10.195,Regular,0.044974051,Fruits and Vegetables,115.5808,OUT035,2004,Small,Tier 2,Supermarket Type1,1874.8928,110.5808
NCV53,8.27,Low Fat,0.018920019,Health and Hygiene,238.088,OUT017,2007,,Tier 2,Supermarket Type1,6231.888,233.088
FDA35,14.85,Regular,0.054142088,Baking Goods,124.1072,OUT017,2007,,Tier 2,Supermarket Type1,1837.608,119.1072
FDL40,,Low Fat,0,Frozen Foods,98.241,OUT019,1985,Small,Tier 1,Grocery Store,289.623,93.241
FDJ04,18,Low Fat,0.124645538,Frozen Foods,117.2124,OUT049,1999,Medium,Tier 1,Supermarket Type1,2133.2232,112.2124
FDA31,7.1,LF,0.110459828,Fruits and Vegetables,172.108,OUT018,2009,Medium,Tier 3,Supermarket Type2,2250.404,167.108
FDX24,8.355,Low Fat,0.013957308,Baking Goods,94.0462,OUT045,2002,,Tier 2,Supermarket Type1,1480.7392,89.0462
FDQ59,9.8,Regular,0.056386541,Breads,84.6908,OUT046,1997,Small,Tier 1,Supermarket Type1,503.3448,79.6908
FDF45,18.2,Regular,0.012273747,Fruits and Vegetables,60.0904,OUT017,2007,,Tier 2,Supermarket Type1,1113.2176,55.0904
FDH05,,Regular,0.090473389,Frozen Foods,229.7984,OUT027,1985,Medium,Tier 3,Supermarket Type3,6024.1584,224.7984
NCZ54,14.65,Low Fat,0.083359391,Household,161.9552,OUT046,1997,Small,Tier 1,Supermarket Type1,4711.2008,156.9552
FDW01,,Low Fat,0.112161697,Canned,154.4682,OUT019,1985,Small,Tier 1,Grocery Store,152.4682,149.4682
FDX36,9.695,Regular,0.128805815,Baking Goods,224.0404,OUT018,2009,Medium,Tier 3,Supermarket Type2,5851.0504,219.0404
NCO55,,Low Fat,0.090596378,Others,106.6938,OUT027,1985,Medium,Tier 3,Supermarket Type3,2251.0698,101.6938
FDL13,13.85,Regular,0.056637129,Breakfast,233.83,OUT017,2007,,Tier 2,Supermarket Type1,2796.36,228.83
FDV16,7.75,Regular,0.083059634,Frozen Foods,35.7558,OUT049,1999,Medium,Tier 1,Supermarket Type1,611.2044,30.7558
FDN04,11.8,Regular,0.014115626,Frozen Foods,178.5344,OUT045,2002,,Tier 2,Supermarket Type1,3390.2536,173.5344
NCH06,12.3,Low Fat,0.076866235,Household,247.146,OUT018,2009,Medium,Tier 3,Supermarket Type2,492.692,242.146
FDA40,16,Regular,0.099188598,Frozen Foods,88.9856,OUT013,1987,High,Tier 3,Supermarket Type1,1669.8264,83.9856
NCS05,11.5,Low Fat,0.021010687,Health and Hygiene,131.3942,OUT049,1999,Medium,Tier 1,Supermarket Type1,927.4594,126.3942
FDM15,,Regular,0.057143515,Meat,151.8366,OUT027,1985,Medium,Tier 3,Supermarket Type3,6196.6006,146.8366
FDK04,7.36,Low Fat,0.052607932,Frozen Foods,56.3588,OUT017,2007,,Tier 2,Supermarket Type1,744.3644,51.3588
FDI58,7.64,Regular,0.070645636,Snack Foods,91.212,OUT013,1987,High,Tier 3,Supermarket Type1,466.06,86.212
FDB33,17.75,Low Fat,0.014568036,Fruits and Vegetables,158.1262,OUT013,1987,High,Tier 3,Supermarket Type1,4137.2812,153.1262
FDJ45,17.75,Low Fat,0.073524776,Seafood,34.8216,OUT049,1999,Medium,Tier 1,Supermarket Type1,207.7296,29.8216
NCO05,7.27,Low Fat,0.046559448,Health and Hygiene,100.5384,OUT046,1997,Small,Tier 1,Supermarket Type1,2463.46,95.5384
NCE31,7.67,Low Fat,0.309390255,Household,33.2216,OUT010,1998,,Tier 3,Grocery Store,138.4864,28.2216
FDQ49,20.2,Regular,0.039247736,Breakfast,157.663,OUT046,1997,Small,Tier 1,Supermarket Type1,1095.241,152.663
FDL34,16,Low Fat,0.040945898,Snack Foods,143.1496,OUT046,1997,Small,Tier 1,Supermarket Type1,2258.3936,138.1496
FDV07,9.5,Low Fat,0.031331581,Fruits and Vegetables,111.1228,OUT049,1999,Medium,Tier 1,Supermarket Type1,663.1368,106.1228
FDX19,19.1,Low Fat,0.096929994,Fruits and Vegetables,233.8958,OUT045,2002,,Tier 2,Supermarket Type1,2103.2622,228.8958
FDO48,15,Regular,0.026840766,Baking Goods,219.8456,OUT046,1997,Small,Tier 1,Supermarket Type1,4863.0032,214.8456
FDK40,7.035,Low Fat,0,Frozen Foods,262.691,OUT013,1987,High,Tier 3,Supermarket Type1,6048.793,257.691
FDY19,19.75,Low Fat,0.041429246,Fruits and Vegetables,117.2466,OUT049,1999,Medium,Tier 1,Supermarket Type1,2239.0854,112.2466
FDS16,,Regular,0,Frozen Foods,145.276,OUT027,1985,Medium,Tier 3,Supermarket Type3,5273.136,140.276
FDS02,,Regular,0,Dairy,196.4794,OUT027,1985,Medium,Tier 3,Supermarket Type3,5852.382,191.4794
FDM51,11.8,Regular,0.025978802,Meat,102.5674,OUT045,2002,,Tier 2,Supermarket Type1,1629.8784,97.5674
FDW02,,Regular,0.066006824,Dairy,126.2704,OUT019,1985,Small,Tier 1,Grocery Store,250.3408,121.2704
FDS31,,Regular,0,Fruits and Vegetables,178.5318,OUT019,1985,Small,Tier 1,Grocery Store,180.4318,173.5318
DRF03,19.1,Low Fat,0.045492697,Dairy,40.3138,OUT018,2009,Medium,Tier 3,Supermarket Type2,527.9794,35.3138
FDT55,13.6,Regular,0.043618827,Fruits and Vegetables,156.7946,OUT013,1987,High,Tier 3,Supermarket Type1,2840.3028,151.7946
FDW21,5.34,Regular,0.005963881,Snack Foods,99.5358,OUT046,1997,Small,Tier 1,Supermarket Type1,1407.5012,94.5358
FDP07,18.2,Low Fat,0.08982696,Fruits and Vegetables,197.111,OUT013,1987,High,Tier 3,Supermarket Type1,589.233,192.111
NCZ17,12.15,Low Fat,0.079431643,Health and Hygiene,38.6506,OUT046,1997,Small,Tier 1,Supermarket Type1,796.9626,33.6506
NCV41,14.35,Low Fat,0.017135155,Health and Hygiene,109.8228,OUT017,2007,,Tier 2,Supermarket Type1,1657.842,104.8228
FDP60,17.35,Low Fat,0.056005781,Baking Goods,99.2016,OUT049,1999,Medium,Tier 1,Supermarket Type1,1518.024,94.2016
FDG58,10.695,Regular,0.145253944,Snack Foods,156.8972,OUT010,1998,,Tier 3,Grocery Store,467.3916,151.8972
FDI60,7.22,Regular,0.0383808,Baking Goods,62.351,OUT049,1999,Medium,Tier 1,Supermarket Type1,885.514,57.351
FDI20,19.1,Low Fat,0.03856376,Fruits and Vegetables,209.2586,OUT046,1997,Small,Tier 1,Supermarket Type1,3165.879,204.2586
DRC13,8.26,Regular,0.032625074,Soft Drinks,124.673,OUT017,2007,,Tier 2,Supermarket Type1,1847.595,119.673
DRA24,,Regular,0.069909188,Soft Drinks,163.2868,OUT019,1985,Small,Tier 1,Grocery Store,491.3604,158.2868
FDW52,14,Regular,0.037491314,Frozen Foods,164.2526,OUT013,1987,High,Tier 3,Supermarket Type1,1808.9786,159.2526
FDN38,6.615,Regular,0.09234651,Canned,251.8408,OUT018,2009,Medium,Tier 3,Supermarket Type2,4506.1344,246.8408
DRI49,14.15,Low Fat,0.183879453,Soft Drinks,82.9276,OUT045,2002,,Tier 2,Supermarket Type1,1705.7796,77.9276
FDW26,11.8,Regular,0.107274301,Dairy,221.1772,OUT045,2002,,Tier 2,Supermarket Type1,3113.2808,216.1772
FDA28,,Regular,0.047570401,Frozen Foods,125.7362,OUT027,1985,Medium,Tier 3,Supermarket Type3,3020.0688,120.7362
FDZ52,19.2,Low Fat,0.100640587,Frozen Foods,112.6886,OUT017,2007,,Tier 2,Supermarket Type1,1779.0176,107.6886
FDU39,18.85,Low Fat,0.036111038,Meat,58.1562,OUT045,2002,,Tier 2,Supermarket Type1,1185.124,53.1562
FDR25,17,Regular,0.140090284,Canned,265.1884,OUT018,2009,Medium,Tier 3,Supermarket Type2,6359.7216,260.1884
FDM44,12.5,Low Fat,0.031225303,Fruits and Vegetables,102.899,OUT017,2007,,Tier 2,Supermarket Type1,2167.179,97.899
FDA50,,Low Fat,0.086752988,Dairy,98.141,OUT027,1985,Medium,Tier 3,Supermarket Type3,1737.738,93.141
FDJ38,8.6,Regular,0.040369315,Canned,189.753,OUT018,2009,Medium,Tier 3,Supermarket Type2,2846.295,184.753
DRM47,9.3,Low Fat,0.043777415,Hard Drinks,192.9846,OUT035,2004,Small,Tier 2,Supermarket Type1,6114.7072,187.9846
NCO05,7.27,Low Fat,0.046631836,Health and Hygiene,98.4384,OUT049,1999,Medium,Tier 1,Supermarket Type1,1576.6144,93.4384
FDU21,11.8,Regular,0.076839735,Snack Foods,34.9558,OUT049,1999,Medium,Tier 1,Supermarket Type1,373.5138,29.9558
FDF32,16.35,Low Fat,0,Fruits and Vegetables,198.5426,OUT046,1997,Small,Tier 1,Supermarket Type1,1384.1982,193.5426
FDM27,,Regular,0.277459381,Meat,156.3946,OUT019,1985,Small,Tier 1,Grocery Store,473.3838,151.3946
FDL33,,Low Fat,0.099478451,Snack Foods,194.4452,OUT027,1985,Medium,Tier 3,Supermarket Type3,4697.8848,189.4452
FDO60,20,Low Fat,0.034369528,Baking Goods,43.7086,OUT046,1997,Small,Tier 1,Supermarket Type1,892.172,38.7086
NCJ30,5.82,Low Fat,0,Household,169.379,OUT013,1987,High,Tier 3,Supermarket Type1,2376.906,164.379
NCI42,18.75,Low Fat,0.01035692,Household,208.3954,OUT013,1987,High,Tier 3,Supermarket Type1,2709.1402,203.3954
FDU37,9.5,Regular,0.104488444,Canned,77.896,OUT035,2004,Small,Tier 2,Supermarket Type1,1997.4,72.896
FDV08,,Low Fat,0.028456456,Fruits and Vegetables,43.5454,OUT027,1985,Medium,Tier 3,Supermarket Type3,755.0172,38.5454
NCA29,10.5,Low Fat,0.027271252,Household,171.6106,OUT035,2004,Small,Tier 2,Supermarket Type1,2566.659,166.6106
FDD16,20.5,Low Fat,0.036346224,Frozen Foods,72.9696,OUT035,2004,Small,Tier 2,Supermarket Type1,596.5568,67.9696
FDB35,12.3,Regular,0.064984487,Starchy Foods,92.5804,OUT017,2007,,Tier 2,Supermarket Type1,2297.01,87.5804
FDS31,13.1,reg,0.044372393,Fruits and Vegetables,180.3318,OUT018,2009,Medium,Tier 3,Supermarket Type2,2886.9088,175.3318
NCA53,11.395,Low Fat,0.009934335,Health and Hygiene,47.2034,OUT017,2007,,Tier 2,Supermarket Type1,340.2238,42.2034
NCD19,8.93,Low Fat,0.013253936,Household,56.4614,OUT017,2007,,Tier 2,Supermarket Type1,828.921,51.4614
FDP07,18.2,Low Fat,0.089884775,Fruits and Vegetables,195.111,OUT035,2004,Small,Tier 2,Supermarket Type1,3731.809,190.111
FDA44,19.7,Low Fat,0.053178425,Fruits and Vegetables,55.993,OUT013,1987,High,Tier 3,Supermarket Type1,905.488,50.993
FDI14,14.1,Low Fat,0.089660816,Canned,140.0496,OUT035,2004,Small,Tier 2,Supermarket Type1,1411.496,135.0496
NCE31,7.67,Low Fat,0.185889129,Household,35.4216,OUT017,2007,,Tier 2,Supermarket Type1,173.108,30.4216
FDJ14,,Regular,0,Canned,78.896,OUT019,1985,Small,Tier 1,Grocery Store,399.48,73.896
FDY44,14.15,Regular,0.024503972,Fruits and Vegetables,195.111,OUT018,2009,Medium,Tier 3,Supermarket Type2,982.055,190.111
FDZ26,11.6,Regular,0.143990173,Dairy,239.6222,OUT035,2004,Small,Tier 2,Supermarket Type1,2390.222,234.6222
FDG26,18.85,Low Fat,0.042891098,Canned,257.633,OUT017,2007,,Tier 2,Supermarket Type1,5382.993,252.633
FDN34,15.6,Regular,0.046023105,Snack Foods,169.2132,OUT017,2007,,Tier 2,Supermarket Type1,2536.698,164.2132
DRG11,6.385,Low Fat,0.084179812,Hard Drinks,109.0596,OUT018,2009,Medium,Tier 3,Supermarket Type2,1941.4728,104.0596
FDH20,16.1,Regular,0.025050746,Fruits and Vegetables,97.141,OUT018,2009,Medium,Tier 3,Supermarket Type2,1448.115,92.141
FDX09,9,Low Fat,0.065515067,Snack Foods,178.137,OUT018,2009,Medium,Tier 3,Supermarket Type2,1058.622,173.137
FDS09,,Regular,0.080695806,Snack Foods,51.3008,OUT027,1985,Medium,Tier 3,Supermarket Type3,759.012,46.3008
NCJ43,6.635,Low Fat,0.027222517,Household,174.0396,OUT017,2007,,Tier 2,Supermarket Type1,2093.2752,169.0396
NCR05,,Low Fat,0.054366282,Health and Hygiene,199.6084,OUT027,1985,Medium,Tier 3,Supermarket Type3,7142.7024,194.6084
DRE49,20.75,Low Fat,0.021232318,Soft Drinks,151.1024,OUT013,1987,High,Tier 3,Supermarket Type1,2428.8384,146.1024
FDZ59,6.63,Regular,0.104183308,Baking Goods,166.15,OUT049,1999,Medium,Tier 1,Supermarket Type1,3828.35,161.15
NCH43,8.42,Low Fat,0.070856383,Household,217.4192,OUT018,2009,Medium,Tier 3,Supermarket Type2,431.4384,212.4192
FDP03,5.15,Regular,0.061272194,Meat,125.6388,OUT049,1999,Medium,Tier 1,Supermarket Type1,1733.7432,120.6388
DRC01,,Regular,0.019107027,Soft Drinks,48.4692,OUT027,1985,Medium,Tier 3,Supermarket Type3,1034.6532,43.4692
FDX28,,Low Fat,0,Frozen Foods,100.7042,OUT027,1985,Medium,Tier 3,Supermarket Type3,3174.5344,95.7042
FDI19,15.1,Low Fat,0.052329172,Meat,243.1512,OUT035,2004,Small,Tier 2,Supermarket Type1,4604.6728,238.1512
FDW15,15.35,Regular,0.055103174,Meat,149.7734,OUT035,2004,Small,Tier 2,Supermarket Type1,2820.9946,144.7734
NCX18,,Low Fat,0.015397129,Household,194.911,OUT019,1985,Small,Tier 1,Grocery Store,196.411,189.911
FDF20,12.85,Low Fat,0.033271818,Fruits and Vegetables,196.5768,OUT049,1999,Medium,Tier 1,Supermarket Type1,5715.2272,191.5768
FDN57,,Low Fat,0.053971566,Snack Foods,141.2154,OUT027,1985,Medium,Tier 3,Supermarket Type3,3119.9388,136.2154
NCM06,7.475,LF,0.075713578,Household,156.4656,OUT035,2004,Small,Tier 2,Supermarket Type1,2471.4496,151.4656
NCV53,8.27,Low Fat,0.01889024,Health and Hygiene,238.188,OUT018,2009,Medium,Tier 3,Supermarket Type2,3835.008,233.188
FDO20,12.85,Regular,0.152364317,Fruits and Vegetables,254.0382,OUT049,1999,Medium,Tier 1,Supermarket Type1,1261.691,249.0382
FDV44,8.365,Regular,0.039811272,Fruits and Vegetables,191.3188,OUT013,1987,High,Tier 3,Supermarket Type1,2285.0256,186.3188
FDJ56,8.985,Low Fat,0.183774965,Fruits and Vegetables,101.77,OUT045,2002,,Tier 2,Supermarket Type1,798.96,96.77
NCB18,19.6,Low Fat,0.041283361,Household,87.0514,OUT035,2004,Small,Tier 2,Supermarket Type1,2125.2336,82.0514
FDZ20,16.1,Low Fat,0.057422821,Fruits and Vegetables,253.7356,OUT010,1998,,Tier 3,Grocery Store,508.6712,248.7356
NCR50,20.2,Low Fat,0.011820087,Household,151.634,OUT046,1997,Small,Tier 1,Supermarket Type1,1990.742,146.634
FDL24,10.3,Regular,0.024891881,Baking Goods,170.9422,OUT035,2004,Small,Tier 2,Supermarket Type1,3103.9596,165.9422
FDU38,10.8,Low Fat,0.138171603,Dairy,191.4504,OUT010,1998,,Tier 3,Grocery Store,575.2512,186.4504
DRB48,16.75,Regular,0.041599644,Soft Drinks,40.9822,OUT010,1998,,Tier 3,Grocery Store,157.1288,35.9822
FDS27,,Regular,0.0218126,Meat,194.711,OUT019,1985,Small,Tier 1,Grocery Store,196.411,189.711
FDR43,18.2,Low Fat,0.161740582,Fruits and Vegetables,38.419,OUT049,1999,Medium,Tier 1,Supermarket Type1,805.618,33.419
FDI12,9.395,Regular,0.100966837,Baking Goods,86.8856,OUT017,2007,,Tier 2,Supermarket Type1,2548.6824,81.8856
FDU08,,LF,0.027183141,Fruits and Vegetables,99.7042,OUT027,1985,Medium,Tier 3,Supermarket Type3,3868.9638,94.7042
FDT56,,Regular,0.115032648,Fruits and Vegetables,58.0246,OUT027,1985,Medium,Tier 3,Supermarket Type3,2143.2102,53.0246
DRD15,,Low Fat,0.099442329,Dairy,233.1642,OUT019,1985,Small,Tier 1,Grocery Store,697.0926,228.1642
FDK26,5.46,Regular,0.032308482,Canned,185.224,OUT018,2009,Medium,Tier 3,Supermarket Type2,2423.512,180.224
DRJ13,12.65,Low Fat,0.063246037,Soft Drinks,159.2578,OUT017,2007,,Tier 2,Supermarket Type1,2406.867,154.2578
FDP44,16.5,Regular,0.079713576,Fruits and Vegetables,101.3332,OUT046,1997,Small,Tier 1,Supermarket Type1,1537.998,96.3332
FDV40,17.35,Low Fat,0.014679558,Frozen Foods,73.6038,OUT013,1987,High,Tier 3,Supermarket Type1,739.038,68.6038
FDN28,5.88,Regular,0.030247903,Frozen Foods,101.399,OUT046,1997,Small,Tier 1,Supermarket Type1,2063.98,96.399
FDY13,12.1,Low Fat,0.030297819,Canned,74.767,OUT017,2007,,Tier 2,Supermarket Type1,1454.773,69.767
NCM17,7.93,Low Fat,0.07113587,Health and Hygiene,42.7086,OUT046,1997,Small,Tier 1,Supermarket Type1,356.8688,37.7086
DRE48,8.43,LF,0.017322454,Soft Drinks,196.8768,OUT035,2004,Small,Tier 2,Supermarket Type1,3350.3056,191.8768
FDA57,,LF,0.039451625,Snack Foods,39.548,OUT027,1985,Medium,Tier 3,Supermarket Type3,1358.232,34.548
NCX18,14.15,Low Fat,0,Household,197.111,OUT049,1999,Medium,Tier 1,Supermarket Type1,3731.809,192.111
DRK13,,Low Fat,0.114609875,Soft Drinks,197.0084,OUT027,1985,Medium,Tier 3,Supermarket Type3,3372.9428,192.0084
FDL57,,Regular,0.117442838,Snack Foods,257.7304,OUT019,1985,Small,Tier 1,Grocery Store,774.9912,252.7304
FDR27,15.1,Regular,0.160852421,Meat,131.3942,OUT010,1998,,Tier 3,Grocery Store,397.4826,126.3942
FDB52,17.75,Low Fat,0.03048292,Dairy,257.2672,OUT049,1999,Medium,Tier 1,Supermarket Type1,3068.0064,252.2672
FDQ10,12.85,Low Fat,0.033314389,Snack Foods,171.6422,OUT018,2009,Medium,Tier 3,Supermarket Type2,3276.4018,166.6422
FDY60,10.5,Regular,0.044139551,Baking Goods,143.9128,OUT010,1998,,Tier 3,Grocery Store,143.8128,138.9128
FDH33,,Low Fat,0,Snack Foods,44.1428,OUT027,1985,Medium,Tier 3,Supermarket Type3,1362.2268,39.1428
FDG56,,Regular,0.071106549,Fruits and Vegetables,60.5536,OUT027,1985,Medium,Tier 3,Supermarket Type3,2143.876,55.5536
FDS07,12.35,Low Fat,0.099674817,Fruits and Vegetables,112.2518,OUT013,1987,High,Tier 3,Supermarket Type1,1366.2216,107.2518
FDZ13,7.84,Regular,0.153806271,Canned,51.335,OUT045,2002,,Tier 2,Supermarket Type1,1198.44,46.335
FDO31,6.76,reg,0.028958563,Fruits and Vegetables,78.396,OUT013,1987,High,Tier 3,Supermarket Type1,1757.712,73.396
DRD49,9.895,Low Fat,0.168780385,Soft Drinks,236.8564,OUT017,2007,,Tier 2,Supermarket Type1,4767.128,231.8564
FDW12,8.315,reg,0.035627489,Baking Goods,146.6444,OUT049,1999,Medium,Tier 1,Supermarket Type1,870.8664,141.6444
FDP57,17.5,Low Fat,0.052657753,Snack Foods,103.699,OUT018,2009,Medium,Tier 3,Supermarket Type2,1031.99,98.699
FDO21,11.6,Regular,0.009754896,Snack Foods,223.0404,OUT013,1987,High,Tier 3,Supermarket Type1,2025.3636,218.0404
NCY18,7.285,Low Fat,0.031151633,Household,173.2054,OUT046,1997,Small,Tier 1,Supermarket Type1,4902.9512,168.2054
NCR30,20.6,Low Fat,0.118827682,Household,75.0696,OUT010,1998,,Tier 3,Grocery Store,149.1392,70.0696
FDZ20,16.1,Low Fat,0.034501016,Fruits and Vegetables,255.7356,OUT017,2007,,Tier 2,Supermarket Type1,2543.356,250.7356
NCK17,11,Low Fat,0.038109194,Health and Hygiene,40.948,OUT017,2007,,Tier 2,Supermarket Type1,479.376,35.948
FDX26,17.7,Low Fat,0.087791917,Dairy,180.6292,OUT035,2004,Small,Tier 2,Supermarket Type1,3101.2964,175.6292
FDR24,17.35,Regular,0.062839798,Baking Goods,90.883,OUT035,2004,Small,Tier 2,Supermarket Type1,1707.777,85.883
FDQ22,,Low Fat,0.029595637,Snack Foods,40.9822,OUT027,1985,Medium,Tier 3,Supermarket Type3,864.2084,35.9822
FDP07,18.2,Low Fat,0.090267996,Fruits and Vegetables,194.711,OUT018,2009,Medium,Tier 3,Supermarket Type2,4910.275,189.711
FDV04,7.825,Regular,0.150248468,Frozen Foods,155.2288,OUT049,1999,Medium,Tier 1,Supermarket Type1,1257.0304,150.2288
FDL48,19.35,Regular,0.082394321,Baking Goods,48.5034,OUT049,1999,Medium,Tier 1,Supermarket Type1,243.017,43.5034
FDE16,8.895,Low Fat,0.026451028,Frozen Foods,210.3954,OUT018,2009,Medium,Tier 3,Supermarket Type2,5001.4896,205.3954
NCK42,7.475,Low Fat,0.01319424,Household,217.4192,OUT017,2007,,Tier 2,Supermarket Type1,4314.384,212.4192
FDJ53,10.5,Low Fat,0.071257912,Frozen Foods,121.3098,OUT046,1997,Small,Tier 1,Supermarket Type1,843.5686,116.3098
FDH58,12.3,Low Fat,0.036908933,Snack Foods,115.9834,OUT013,1987,High,Tier 3,Supermarket Type1,2073.3012,110.9834
FDD46,6.035,Low Fat,0.141475625,Snack Foods,155.0998,OUT049,1999,Medium,Tier 1,Supermarket Type1,1230.3984,150.0998
FDW58,20.75,LF,0.007551665,Snack Foods,107.1622,OUT035,2004,Small,Tier 2,Supermarket Type1,1693.7952,102.1622
NCL07,13.85,Low Fat,0.031338558,Others,41.048,OUT046,1997,Small,Tier 1,Supermarket Type1,639.168,36.048
FDU12,15.5,Regular,0.075904695,Baking Goods,263.9568,OUT045,2002,,Tier 2,Supermarket Type1,4745.8224,258.9568
FDO52,11.6,Regular,0.07760107,Frozen Foods,171.0106,OUT017,2007,,Tier 2,Supermarket Type1,3079.9908,166.0106
FDT16,,Regular,0.048426708,Frozen Foods,258.7278,OUT027,1985,Medium,Tier 3,Supermarket Type3,5466.8838,253.7278
FDG12,6.635,Regular,0.00636189,Baking Goods,121.1098,OUT017,2007,,Tier 2,Supermarket Type1,2651.2156,116.1098
FDX22,6.785,Regular,0.023021406,Snack Foods,208.9928,OUT045,2002,,Tier 2,Supermarket Type1,2103.928,203.9928
DRG37,16.2,Low Fat,0.019378432,Soft Drinks,156.4972,OUT046,1997,Small,Tier 1,Supermarket Type1,1090.5804,151.4972
FDI26,5.94,Low Fat,0.035084073,Canned,176.4344,OUT017,2007,,Tier 2,Supermarket Type1,2141.2128,171.4344
FDK34,13.35,Low Fat,0.038604817,Snack Foods,236.3564,OUT045,2002,,Tier 2,Supermarket Type1,2145.2076,231.3564
FDO25,6.3,Low Fat,0.21332355,Canned,208.527,OUT010,1998,,Tier 3,Grocery Store,419.454,203.527
FDV47,17.1,Low Fat,0.054514169,Breads,84.4566,OUT017,2007,,Tier 2,Supermarket Type1,591.8962,79.4566
FDU13,8.355,Low Fat,0.187850233,Canned,146.5418,OUT049,1999,Medium,Tier 1,Supermarket Type1,2501.4106,141.5418
FDN57,18.25,Low Fat,0.054455125,Snack Foods,142.0154,OUT018,2009,Medium,Tier 3,Supermarket Type2,850.8924,137.0154
DRG01,,Low Fat,0.044660955,Soft Drinks,74.767,OUT027,1985,Medium,Tier 3,Supermarket Type3,2679.845,69.767
FDU57,,Regular,0.089120516,Snack Foods,149.8708,OUT027,1985,Medium,Tier 3,Supermarket Type3,3611.2992,144.8708
FDF24,,Regular,0.02524761,Baking Goods,81.9934,OUT027,1985,Medium,Tier 3,Supermarket Type3,3439.5228,76.9934
FDP39,12.65,Low Fat,0.069707771,Meat,51.0324,OUT018,2009,Medium,Tier 3,Supermarket Type2,727.0536,46.0324
DRJ39,,Low Fat,0.036150153,Dairy,219.5482,OUT027,1985,Medium,Tier 3,Supermarket Type3,5695.2532,214.5482
FDN02,16.5,Low Fat,0.074245348,Canned,208.2638,OUT017,2007,,Tier 2,Supermarket Type1,4762.4674,203.2638
FDS24,20.85,reg,0.062321222,Baking Goods,87.2514,OUT049,1999,Medium,Tier 1,Supermarket Type1,265.6542,82.2514
FDW51,6.155,Regular,0.158441218,Meat,213.756,OUT010,1998,,Tier 3,Grocery Store,852.224,208.756
NCR29,7.565,Low Fat,0.054630544,Health and Hygiene,57.393,OUT035,2004,Small,Tier 2,Supermarket Type1,735.709,52.393
FDE29,8.905,Low Fat,0.143419394,Frozen Foods,61.4878,OUT045,2002,,Tier 2,Supermarket Type1,1151.1682,56.4878
NCX54,9.195,Low Fat,0.048059871,Household,105.8622,OUT046,1997,Small,Tier 1,Supermarket Type1,2223.1062,100.8622
FDF02,16.2,Low Fat,0.103894671,Canned,101.299,OUT018,2009,Medium,Tier 3,Supermarket Type2,1857.582,96.299
NCR53,,Low Fat,0.253947823,Health and Hygiene,223.8404,OUT019,1985,Small,Tier 1,Grocery Store,675.1212,218.8404
FDV01,,Regular,0.148737487,Canned,155.1314,OUT019,1985,Small,Tier 1,Grocery Store,155.1314,150.1314
FDX46,12.3,Regular,0.058207114,Snack Foods,59.1562,OUT049,1999,Medium,Tier 1,Supermarket Type1,1185.124,54.1562
DRD25,6.135,Low Fat,0.078957122,Soft Drinks,111.986,OUT035,2004,Small,Tier 2,Supermarket Type1,1697.79,106.986
FDX57,17.25,Regular,0,Snack Foods,95.2068,OUT013,1987,High,Tier 3,Supermarket Type1,2721.7904,90.2068
FDA04,11.3,Regular,0.066729996,Frozen Foods,257.2962,OUT046,1997,Small,Tier 1,Supermarket Type1,4920.9278,252.2962
FDB04,,Regular,0.1107011,Dairy,88.6856,OUT019,1985,Small,Tier 1,Grocery Store,351.5424,83.6856
NCR41,17.85,Low Fat,0.018052019,Health and Hygiene,96.6094,OUT049,1999,Medium,Tier 1,Supermarket Type1,856.8846,91.6094
FDE24,14.85,Low Fat,0.15643727,Baking Goods,142.0812,OUT010,1998,,Tier 3,Grocery Store,284.9624,137.0812
NCM41,16.5,Low Fat,0.035728302,Health and Hygiene,95.212,OUT045,2002,,Tier 2,Supermarket Type1,838.908,90.212
DRG13,17.25,Low Fat,0.03717912,Soft Drinks,162.5526,OUT035,2004,Small,Tier 2,Supermarket Type1,5920.2936,157.5526
FDV34,10.695,Regular,0.019123874,Snack Foods,73.0038,OUT010,1998,,Tier 3,Grocery Store,147.8076,68.0038
FDK24,,Low Fat,0.177354373,Baking Goods,46.6744,OUT019,1985,Small,Tier 1,Grocery Store,135.8232,41.6744
FDX46,12.3,Regular,0.058116758,Snack Foods,57.5562,OUT046,1997,Small,Tier 1,Supermarket Type1,651.8182,52.5562
NCB31,6.235,Low Fat,0.118915034,Household,264.791,OUT045,2002,,Tier 2,Supermarket Type1,2103.928,259.791
FDR55,12.15,Regular,0.131973625,Fruits and Vegetables,187.9872,OUT013,1987,High,Tier 3,Supermarket Type1,2458.1336,182.9872
FDY28,7.47,Regular,0,Frozen Foods,211.8218,OUT045,2002,,Tier 2,Supermarket Type1,6411.654,206.8218
FDM16,8.155,Regular,0.033555399,Frozen Foods,74.7354,OUT046,1997,Small,Tier 1,Supermarket Type1,1655.1788,69.7354
FDJ33,8.895,Regular,0.088681966,Snack Foods,121.973,OUT018,2009,Medium,Tier 3,Supermarket Type2,2956.152,116.973
FDF33,7.97,Low Fat,0.021623214,Seafood,107.6596,OUT018,2009,Medium,Tier 3,Supermarket Type2,1833.6132,102.6596
DRH36,16.2,Low Fat,0.033373748,Soft Drinks,74.0696,OUT035,2004,Small,Tier 2,Supermarket Type1,894.8352,69.0696
NCS53,14.5,Low Fat,0.089917769,Health and Hygiene,160.3604,OUT049,1999,Medium,Tier 1,Supermarket Type1,2852.2872,155.3604
NCN53,,Low Fat,0.053148497,Health and Hygiene,36.3874,OUT019,1985,Small,Tier 1,Grocery Store,105.8622,31.3874
FDC38,15.7,Low Fat,0.122470805,Canned,131.7942,OUT035,2004,Small,Tier 2,Supermarket Type1,1987.413,126.7942
FDD36,13.3,Low Fat,0.035607579,Baking Goods,119.9124,OUT010,1998,,Tier 3,Grocery Store,118.5124,114.9124
FDF22,6.865,Low Fat,0.056819936,Snack Foods,212.6218,OUT035,2004,Small,Tier 2,Supermarket Type1,2137.218,207.6218
FDB16,8.21,Low Fat,0.044925784,Dairy,86.0198,OUT046,1997,Small,Tier 1,Supermarket Type1,1569.9564,81.0198
FDR26,20.7,Low Fat,0.071699984,Dairy,177.6028,OUT010,1998,,Tier 3,Grocery Store,531.3084,172.6028
FDO52,11.6,Regular,0.077321087,Frozen Foods,169.3106,OUT045,2002,,Tier 2,Supermarket Type1,2224.4378,164.3106
FDF16,,Low Fat,0.150806666,Frozen Foods,149.0076,OUT019,1985,Small,Tier 1,Grocery Store,295.6152,144.0076
FDR52,12.65,Regular,0.127283051,Frozen Foods,191.7846,OUT010,1998,,Tier 3,Grocery Store,382.1692,186.7846
FDW38,,Regular,0.138008431,Dairy,54.8298,OUT027,1985,Medium,Tier 3,Supermarket Type3,1348.245,49.8298
FDK03,12.6,Regular,0.074035365,Dairy,256.1356,OUT049,1999,Medium,Tier 1,Supermarket Type1,4578.0408,251.1356
FDQ33,13.35,Low Fat,0.091723066,Snack Foods,148.8708,OUT017,2007,,Tier 2,Supermarket Type1,3761.77,143.8708
DRF23,4.61,Low Fat,0.122901056,Hard Drinks,174.4396,OUT045,2002,,Tier 2,Supermarket Type1,2616.594,169.4396
FDI15,13.8,Low Fat,0,Dairy,263.7884,OUT049,1999,Medium,Tier 1,Supermarket Type1,3709.8376,258.7884
NCL41,,Low Fat,0.073077197,Health and Hygiene,34.3216,OUT019,1985,Small,Tier 1,Grocery Store,34.6216,29.3216
FDW40,14,Regular,0.175991929,Frozen Foods,140.7812,OUT010,1998,,Tier 3,Grocery Store,142.4812,135.7812
FDZ12,9.17,Low Fat,0.172365428,Baking Goods,144.847,OUT010,1998,,Tier 3,Grocery Store,572.588,139.847
FDK60,16.5,Regular,0.094246644,Baking Goods,98.9068,OUT018,2009,Medium,Tier 3,Supermarket Type2,1749.7224,93.9068
FDX25,16.7,Low Fat,0.10203648,Canned,180.9292,OUT035,2004,Small,Tier 2,Supermarket Type1,2736.438,175.9292
NCM30,,Low Fat,0.066969525,Household,39.2796,OUT027,1985,Medium,Tier 3,Supermarket Type3,701.7532,34.2796
FDK14,6.98,LF,0.041071581,Canned,82.5934,OUT013,1987,High,Tier 3,Supermarket Type1,1310.2944,77.5934
NCP18,12.15,Low Fat,0.028656248,Household,149.3708,OUT045,2002,,Tier 2,Supermarket Type1,1203.7664,144.3708
FDH26,19.25,Regular,0.034693175,Canned,140.1496,OUT035,2004,Small,Tier 2,Supermarket Type1,1552.6456,135.1496
DRK23,,Low Fat,0.071628097,Hard Drinks,251.904,OUT027,1985,Medium,Tier 3,Supermarket Type3,4301.068,246.904
FDB60,9.3,Low Fat,0.028516696,Baking Goods,194.6136,OUT035,2004,Small,Tier 2,Supermarket Type1,3110.6176,189.6136
NCN17,11,Low Fat,0.054939029,Health and Hygiene,101.4358,OUT046,1997,Small,Tier 1,Supermarket Type1,1608.5728,96.4358
FDE10,6.67,Regular,0.090130537,Snack Foods,131.4626,OUT045,2002,,Tier 2,Supermarket Type1,1705.1138,126.4626
FDR58,6.675,Low Fat,0,Snack Foods,92.9462,OUT018,2009,Medium,Tier 3,Supermarket Type2,1018.0082,87.9462
FDA33,6.48,Low Fat,0.033893487,Snack Foods,147.0076,OUT035,2004,Small,Tier 2,Supermarket Type1,3103.9596,142.0076
FDN24,14.1,low fat,0.113908117,Baking Goods,53.3956,OUT017,2007,,Tier 2,Supermarket Type1,982.7208,48.3956
DRI13,15.35,Low Fat,0.020326962,Soft Drinks,216.7508,OUT046,1997,Small,Tier 1,Supermarket Type1,1736.4064,211.7508
FDX21,7.05,Low Fat,0.08509812,Snack Foods,108.2912,OUT049,1999,Medium,Tier 1,Supermarket Type1,2293.0152,103.2912
FDQ40,11.1,Regular,0.035997543,Frozen Foods,176.9712,OUT013,1987,High,Tier 3,Supermarket Type1,3691.1952,171.9712
FDX23,6.445,Low Fat,0.029686148,Baking Goods,96.4436,OUT035,2004,Small,Tier 2,Supermarket Type1,378.1744,91.4436
FDD17,7.5,LF,0.032626952,Frozen Foods,235.9906,OUT046,1997,Small,Tier 1,Supermarket Type1,6893.0274,230.9906
DRH03,17.25,Low Fat,0.035057688,Dairy,91.612,OUT035,2004,Small,Tier 2,Supermarket Type1,279.636,86.612
FDG60,20.35,Low Fat,0.060699725,Baking Goods,233.3616,OUT046,1997,Small,Tier 1,Supermarket Type1,6093.4016,228.3616
FDB32,,Low Fat,0.041063069,Fruits and Vegetables,93.5778,OUT019,1985,Small,Tier 1,Grocery Store,187.7556,88.5778
DRE12,4.59,Low Fat,0.070767174,Soft Drinks,111.986,OUT035,2004,Small,Tier 2,Supermarket Type1,792.302,106.986
FDR12,12.6,Regular,0.031598706,Baking Goods,172.9764,OUT045,2002,,Tier 2,Supermarket Type1,2233.0932,167.9764
DRH11,5.98,Low Fat,0.075495088,Hard Drinks,55.3614,OUT013,1987,High,Tier 3,Supermarket Type1,497.3526,50.3614
FDY28,7.47,Regular,0.15277077,Frozen Foods,214.4218,OUT018,2009,Medium,Tier 3,Supermarket Type2,4274.436,209.4218
FDR26,20.7,Low Fat,0.04307908,Dairy,177.8028,OUT017,2007,,Tier 2,Supermarket Type1,1239.7196,172.8028
FDL27,6.17,Low Fat,0.010652508,Meat,65.6826,OUT045,2002,,Tier 2,Supermarket Type1,774.9912,60.6826
FDJ15,11.35,Regular,0.023318068,Dairy,182.4608,OUT035,2004,Small,Tier 2,Supermarket Type1,7534.1928,177.4608
FDU49,19.5,Regular,0.030819397,Canned,86.054,OUT018,2009,Medium,Tier 3,Supermarket Type2,2336.958,81.054
DRF51,15.75,Low Fat,0.165838224,Dairy,36.6506,OUT046,1997,Small,Tier 1,Supermarket Type1,607.2096,31.6506
FDN12,15.6,Low Fat,0.13575135,Baking Goods,111.5544,OUT010,1998,,Tier 3,Grocery Store,223.7088,106.5544
DRK23,8.395,Low Fat,0.07191675,Hard Drinks,254.804,OUT013,1987,High,Tier 3,Supermarket Type1,7843.124,249.804
FDL10,8.395,Low Fat,0.039653081,Snack Foods,99.5042,OUT018,2009,Medium,Tier 3,Supermarket Type2,1686.4714,94.5042
FDX07,19.2,Regular,0,Fruits and Vegetables,184.595,OUT018,2009,Medium,Tier 3,Supermarket Type2,3844.995,179.595
FDO37,8.06,Low Fat,0.021358889,Breakfast,232.3326,OUT013,1987,High,Tier 3,Supermarket Type1,2541.3586,227.3326
NCA41,16.75,Low Fat,0.032652796,Health and Hygiene,190.8162,OUT045,2002,,Tier 2,Supermarket Type1,2886.243,185.8162
NCQ06,13,Low Fat,0.0420611,Household,254.1014,OUT017,2007,,Tier 2,Supermarket Type1,3315.0182,249.1014
FDJ48,11.3,Low Fat,0,Baking Goods,245.2118,OUT045,2002,,Tier 2,Supermarket Type1,5681.2714,240.2118
DRD24,,Low Fat,0.030645958,Soft Drinks,141.7154,OUT027,1985,Medium,Tier 3,Supermarket Type3,2694.4926,136.7154
FDW10,21.2,Low Fat,0.118297605,Snack Foods,175.037,OUT010,1998,,Tier 3,Grocery Store,529.311,170.037
FDU51,20.2,Regular,0.096709408,Meat,175.8028,OUT045,2002,,Tier 2,Supermarket Type1,3896.2616,170.8028
NCC31,8.02,Low Fat,0.019901356,Household,157.5972,OUT049,1999,Medium,Tier 1,Supermarket Type1,3427.5384,152.5972
FDY02,,Regular,0.087221497,Dairy,263.991,OUT027,1985,Medium,Tier 3,Supermarket Type3,9467.676,258.991
FDU34,18.25,Low Fat,0.07518071,Snack Foods,126.2046,OUT035,2004,Small,Tier 2,Supermarket Type1,1618.5598,121.2046
FDX21,7.05,Low Fat,0.1422157,Snack Foods,108.7912,OUT010,1998,,Tier 3,Grocery Store,109.1912,103.7912
NCH29,5.51,Low Fat,0.034543718,Health and Hygiene,99.7726,OUT045,2002,,Tier 2,Supermarket Type1,978.726,94.7726
DRL35,15.7,Low Fat,0.030751366,Hard Drinks,42.577,OUT049,1999,Medium,Tier 1,Supermarket Type1,952.094,37.577
DRN37,9.6,Low Fat,0.096842096,Soft Drinks,166.1158,OUT017,2007,,Tier 2,Supermarket Type1,501.3474,161.1158
NCN53,5.175,Low Fat,0.050808821,Health and Hygiene,33.6874,OUT010,1998,,Tier 3,Grocery Store,70.5748,28.6874
FDL45,15.6,Low Fat,0.063081713,Snack Foods,125.7704,OUT010,1998,,Tier 3,Grocery Store,250.3408,120.7704
FDA37,7.81,Regular,0.055451725,Canned,122.6046,OUT018,2009,Medium,Tier 3,Supermarket Type2,2365.5874,117.6046
FDK20,,Regular,0,Fruits and Vegetables,120.5072,OUT027,1985,Medium,Tier 3,Supermarket Type3,2695.1584,115.5072
FDA49,19.7,Low Fat,0.108665723,Canned,86.4198,OUT010,1998,,Tier 3,Grocery Store,87.2198,81.4198
FDG59,15.85,Low Fat,0.043322254,Starchy Foods,39.6164,OUT045,2002,,Tier 2,Supermarket Type1,1004.0264,34.6164
FDV03,,LF,0.057809959,Meat,156.2314,OUT027,1985,Medium,Tier 3,Supermarket Type3,2947.4966,151.2314
FDF16,7.3,Low Fat,0.086132373,Frozen Foods,148.8076,OUT046,1997,Small,Tier 1,Supermarket Type1,3103.9596,143.8076
FDU36,6.15,Low Fat,0.046342889,Baking Goods,97.3384,OUT049,1999,Medium,Tier 1,Supermarket Type1,886.8456,92.3384
FDU35,6.44,Low Fat,0.132590283,Breads,98.17,OUT010,1998,,Tier 3,Grocery Store,199.74,93.17
FDH08,,Low Fat,0.030516069,Fruits and Vegetables,227.801,OUT019,1985,Small,Tier 1,Grocery Store,459.402,222.801
FDF24,15.5,Regular,0.025473816,Baking Goods,83.1934,OUT018,2009,Medium,Tier 3,Supermarket Type2,1146.5076,78.1934
DRN36,15.2,Low Fat,0,Soft Drinks,96.6752,OUT046,1997,Small,Tier 1,Supermarket Type1,479.376,91.6752
FDS59,14.8,Regular,0.043856919,Breads,109.057,OUT013,1987,High,Tier 3,Supermarket Type1,2746.425,104.057
DRJ23,18.35,Low Fat,0.041904578,Hard Drinks,188.1872,OUT017,2007,,Tier 2,Supermarket Type1,4159.9184,183.1872
DRF25,9,Low Fat,0.038917891,Soft Drinks,35.919,OUT035,2004,Small,Tier 2,Supermarket Type1,1171.808,30.919
FDL15,17.85,Low Fat,0.046707264,Meat,152.6682,OUT049,1999,Medium,Tier 1,Supermarket Type1,1829.6184,147.6682
NCP43,17.75,Low Fat,0.030501281,Others,180.566,OUT035,2004,Small,Tier 2,Supermarket Type1,3415.554,175.566
FDB28,6.615,Low Fat,0.093574769,Dairy,199.4426,OUT045,2002,,Tier 2,Supermarket Type1,3361.6242,194.4426
FDX50,20.1,Low Fat,0.074565098,Dairy,111.3228,OUT013,1987,High,Tier 3,Supermarket Type1,663.1368,106.3228
FDE41,9.195,Regular,0.064014173,Frozen Foods,83.3566,OUT046,1997,Small,Tier 1,Supermarket Type1,1437.4622,78.3566
NCR50,20.2,Low Fat,0.011838464,Household,155.134,OUT049,1999,Medium,Tier 1,Supermarket Type1,2603.278,150.134
FDD41,,Regular,0.086837543,Frozen Foods,106.2306,OUT027,1985,Medium,Tier 3,Supermarket Type3,2090.612,101.2306
DRI11,8.26,Low Fat,0.034457776,Hard Drinks,113.3834,OUT049,1999,Medium,Tier 1,Supermarket Type1,2073.3012,108.3834
FDJ28,,Low Fat,0,Frozen Foods,190.9162,OUT027,1985,Medium,Tier 3,Supermarket Type3,5772.486,185.9162
FDP48,7.52,Regular,0.044091657,Baking Goods,182.995,OUT049,1999,Medium,Tier 1,Supermarket Type1,3844.995,177.995
FDY37,17,Regular,0.026546765,Canned,142.147,OUT013,1987,High,Tier 3,Supermarket Type1,2147.205,137.147
NCC07,19.6,Low Fat,0.023951149,Household,105.6964,OUT046,1997,Small,Tier 1,Supermarket Type1,1577.946,100.6964
FDJ10,5.095,Regular,0.129705008,Snack Foods,141.8838,OUT049,1999,Medium,Tier 1,Supermarket Type1,1966.7732,136.8838
FDY37,17,Regular,0.026563851,Canned,141.247,OUT035,2004,Small,Tier 2,Supermarket Type1,3292.381,136.247
NCL19,15.35,Low Fat,0.015700603,Others,141.147,OUT049,1999,Medium,Tier 1,Supermarket Type1,2719.793,136.147
FDI50,8.42,Regular,0,Canned,229.0352,OUT035,2004,Small,Tier 2,Supermarket Type1,5496.8448,224.0352
FDO39,6.985,Regular,0.137366883,Meat,184.9608,OUT046,1997,Small,Tier 1,Supermarket Type1,3858.9768,179.9608
FDO25,6.3,Low Fat,0.127424932,Canned,208.127,OUT035,2004,Small,Tier 2,Supermarket Type1,2306.997,203.127
FDE24,14.85,Low Fat,0.09384335,Baking Goods,142.3812,OUT018,2009,Medium,Tier 3,Supermarket Type2,1139.8496,137.3812
FDW19,12.35,Regular,0.038578501,Fruits and Vegetables,109.557,OUT045,2002,,Tier 2,Supermarket Type1,1757.712,104.557
FDT36,12.3,LF,0.111727876,Baking Goods,33.9874,OUT018,2009,Medium,Tier 3,Supermarket Type2,564.5984,28.9874
FDH16,10.5,Low Fat,0.052637056,Frozen Foods,88.583,OUT049,1999,Medium,Tier 1,Supermarket Type1,808.947,83.583
DRM37,15.35,Low Fat,0.096790497,Soft Drinks,197.2768,OUT018,2009,Medium,Tier 3,Supermarket Type2,3941.536,192.2768
NCN07,18.5,Low Fat,0.033997473,Others,129.9284,OUT049,1999,Medium,Tier 1,Supermarket Type1,1845.5976,124.9284
FDK25,11.6,Regular,0.157149885,Breakfast,168.2474,OUT045,2002,,Tier 2,Supermarket Type1,2863.6058,163.2474
FDK41,14.3,Low Fat,0.12780038,Frozen Foods,83.6224,OUT045,2002,,Tier 2,Supermarket Type1,852.224,78.6224
DRL60,8.52,LF,0.045291822,Soft Drinks,153.5682,OUT010,1998,,Tier 3,Grocery Store,457.4046,148.5682
FDR43,18.2,Low Fat,0.161458973,Fruits and Vegetables,37.819,OUT035,2004,Small,Tier 2,Supermarket Type1,256.333,32.819
FDY15,18.25,Regular,0.171093639,Dairy,155.663,OUT049,1999,Medium,Tier 1,Supermarket Type1,2034.019,150.663
FDW08,12.1,Low Fat,0.14825809,Fruits and Vegetables,108.428,OUT013,1987,High,Tier 3,Supermarket Type1,1278.336,103.428
DRE15,13.35,Low Fat,0.017821466,Dairy,75.1012,OUT045,2002,,Tier 2,Supermarket Type1,1366.2216,70.1012
NCO30,19.5,Low Fat,0.01581384,Household,183.2608,OUT017,2007,,Tier 2,Supermarket Type1,2940.1728,178.2608
FDO32,,Low Fat,0.119959873,Fruits and Vegetables,45.506,OUT027,1985,Medium,Tier 3,Supermarket Type3,885.514,40.506
FDH05,14.35,Regular,0.091283986,Frozen Foods,232.6984,OUT018,2009,Medium,Tier 3,Supermarket Type2,2316.984,227.6984
FDH10,,Low Fat,0.049066248,Snack Foods,192.4478,OUT027,1985,Medium,Tier 3,Supermarket Type3,8912.3988,187.4478
FDP58,11.1,Low Fat,0.135416391,Snack Foods,218.3482,OUT045,2002,,Tier 2,Supermarket Type1,2847.6266,213.3482
NCH43,8.42,Low Fat,0.070510189,Household,214.4192,OUT013,1987,High,Tier 3,Supermarket Type1,1725.7536,209.4192
FDZ32,,Regular,0.066765523,Fruits and Vegetables,107.1964,OUT019,1985,Small,Tier 1,Grocery Store,420.7856,102.1964
FDU12,15.5,Regular,0.07575107,Baking Goods,262.8568,OUT046,1997,Small,Tier 1,Supermarket Type1,5800.4496,257.8568
FDM36,11.65,Regular,0.058730831,Baking Goods,171.9422,OUT046,1997,Small,Tier 1,Supermarket Type1,3448.844,166.9422
NCP50,,Low Fat,0.020460284,Others,81.7618,OUT027,1985,Medium,Tier 3,Supermarket Type3,2175.1686,76.7618
DRB25,12.3,Low Fat,0.069401919,Soft Drinks,107.9938,OUT013,1987,High,Tier 3,Supermarket Type1,2036.6822,102.9938
FDU15,13.65,Regular,0.026579951,Meat,34.7532,OUT013,1987,High,Tier 3,Supermarket Type1,683.1108,29.7532
FDF58,13.3,LF,0,Snack Foods,62.151,OUT010,1998,,Tier 3,Grocery Store,63.251,57.151
FDX35,,Regular,0.139913045,Breads,227.9036,OUT019,1985,Small,Tier 1,Grocery Store,455.4072,222.9036
FDX51,9.5,Regular,0.022093019,Meat,195.9452,OUT049,1999,Medium,Tier 1,Supermarket Type1,2348.9424,190.9452
FDB47,8.8,Low Fat,0.071369947,Snack Foods,209.1612,OUT013,1987,High,Tier 3,Supermarket Type1,2090.612,204.1612
FDL51,20.7,Regular,0.047482391,Dairy,215.9876,OUT035,2004,Small,Tier 2,Supermarket Type1,3430.2016,210.9876
NCM29,11.5,LF,0.017642229,Health and Hygiene,131.8626,OUT046,1997,Small,Tier 1,Supermarket Type1,2885.5772,126.8626
FDB29,16.7,Regular,0.052625179,Frozen Foods,113.4176,OUT018,2009,Medium,Tier 3,Supermarket Type2,1488.7288,108.4176
FDS25,6.885,Regular,0.14057889,Canned,112.1228,OUT018,2009,Medium,Tier 3,Supermarket Type2,663.1368,107.1228
FDR36,6.715,Regular,0.203510667,Baking Goods,41.0454,OUT010,1998,,Tier 3,Grocery Store,251.6724,36.0454
FDQ27,5.19,Regular,0.044321422,Meat,103.899,OUT049,1999,Medium,Tier 1,Supermarket Type1,2889.572,98.899
FDZ22,9.395,Low Fat,0.045525961,Snack Foods,83.425,OUT017,2007,,Tier 2,Supermarket Type1,1498.05,78.425
FDB02,9.695,Regular,0.029140008,Canned,176.337,OUT013,1987,High,Tier 3,Supermarket Type1,3528.74,171.337
FDZ34,6.695,Low Fat,0.075878519,Starchy Foods,194.082,OUT046,1997,Small,Tier 1,Supermarket Type1,3861.64,189.082
FDL46,20.35,Low Fat,0.054046706,Snack Foods,119.5466,OUT035,2004,Small,Tier 2,Supermarket Type1,353.5398,114.5466
FDN38,6.615,Regular,0.091954465,Canned,250.6408,OUT035,2004,Small,Tier 2,Supermarket Type1,4756.4752,245.6408
FDK04,7.36,Low Fat,0.052418124,Frozen Foods,56.5588,OUT045,2002,,Tier 2,Supermarket Type1,801.6232,51.5588
NCF31,9.13,Low Fat,0.052058629,Household,150.6024,OUT018,2009,Medium,Tier 3,Supermarket Type2,1821.6288,145.6024
FDV59,13.35,Low Fat,0.080387424,Breads,219.2166,OUT010,1998,,Tier 3,Grocery Store,1524.0162,214.2166
FDU13,8.355,Low Fat,0.187523164,Canned,146.2418,OUT035,2004,Small,Tier 2,Supermarket Type1,4414.254,141.2418
FDV14,19.85,Low Fat,0.044460448,Dairy,88.7856,OUT013,1987,High,Tier 3,Supermarket Type1,1142.5128,83.7856
FDR09,18.25,Low Fat,0.077882226,Snack Foods,258.0962,OUT045,2002,,Tier 2,Supermarket Type1,1035.9848,253.0962
DRP47,15.75,Low Fat,0.14048631,Hard Drinks,252.7382,OUT013,1987,High,Tier 3,Supermarket Type1,3280.3966,247.7382
FDC23,18,Low Fat,0.017979145,Starchy Foods,178.3686,OUT018,2009,Medium,Tier 3,Supermarket Type2,3199.8348,173.3686
FDU33,7.63,Regular,0.134919202,Snack Foods,46.9402,OUT049,1999,Medium,Tier 1,Supermarket Type1,780.9834,41.9402
FDS27,10.195,Regular,0.012447775,Meat,197.611,OUT013,1987,High,Tier 3,Supermarket Type1,2553.343,192.611
DRO59,11.8,Low Fat,0.054264078,Hard Drinks,75.0012,OUT045,2002,,Tier 2,Supermarket Type1,834.9132,70.0012
FDD48,10.395,Low Fat,0.030219852,Baking Goods,114.7176,OUT045,2002,,Tier 2,Supermarket Type1,2748.4224,109.7176
FDL33,7.235,Low Fat,0.099879337,Snack Foods,195.1452,OUT013,1987,High,Tier 3,Supermarket Type1,1761.7068,190.1452
NCK30,14.85,Low Fat,0.061226969,Household,253.0698,OUT018,2009,Medium,Tier 3,Supermarket Type2,2283.0282,248.0698
NCP42,,Low Fat,0.028207784,Household,195.5478,OUT019,1985,Small,Tier 1,Grocery Store,387.4956,190.5478
FDP11,15.85,Low Fat,0.069491408,Breads,218.2166,OUT017,2007,,Tier 2,Supermarket Type1,4789.7652,213.2166
FDV52,20.7,Regular,0.122015744,Frozen Foods,117.7466,OUT018,2009,Medium,Tier 3,Supermarket Type2,2828.3184,112.7466
FDW33,9.395,Low Fat,0.099120588,Snack Foods,107.228,OUT046,1997,Small,Tier 1,Supermarket Type1,2024.032,102.228
FDR19,13.5,Regular,0.159968994,Fruits and Vegetables,147.6102,OUT049,1999,Medium,Tier 1,Supermarket Type1,1603.9122,142.6102
FDW31,,Regular,0.042949109,Fruits and Vegetables,199.5742,OUT027,1985,Medium,Tier 3,Supermarket Type3,3981.484,194.5742
DRJ51,14.1,Low Fat,0.088172355,Dairy,232.2668,OUT045,2002,,Tier 2,Supermarket Type1,4146.6024,227.2668
FDU35,,Low Fat,0.078831762,Breads,98.97,OUT027,1985,Medium,Tier 3,Supermarket Type3,3395.58,93.97
FDT37,14.15,Low Fat,0.035263498,Canned,254.8014,OUT035,2004,Small,Tier 2,Supermarket Type1,2040.0112,249.8014
FDK56,9.695,Low Fat,0.129889831,Fruits and Vegetables,185.3898,OUT013,1987,High,Tier 3,Supermarket Type1,3554.7062,180.3898
FDY24,4.88,Regular,0.134037,Baking Goods,53.3298,OUT018,2009,Medium,Tier 3,Supermarket Type2,539.298,48.3298
FDS02,10.195,Regular,0.145867347,Dairy,194.0794,OUT046,1997,Small,Tier 1,Supermarket Type1,3901.588,189.0794
FDP39,,Low Fat,0.121554149,Meat,53.7324,OUT019,1985,Small,Tier 1,Grocery Store,311.5944,48.7324
NCG07,,Low Fat,0.091924311,Household,189.753,OUT019,1985,Small,Tier 1,Grocery Store,189.753,184.753
FDP58,,Low Fat,0.236616754,Snack Foods,217.6482,OUT019,1985,Small,Tier 1,Grocery Store,219.0482,212.6482
FDP46,15.35,Low Fat,0.074553522,Snack Foods,91.883,OUT013,1987,High,Tier 3,Supermarket Type1,2606.607,86.883
FDZ34,6.695,Low Fat,0.075864171,Starchy Foods,192.082,OUT035,2004,Small,Tier 2,Supermarket Type1,6757.87,187.082
FDZ57,10,Regular,0.037977917,Snack Foods,128.6994,OUT017,2007,,Tier 2,Supermarket Type1,642.497,123.6994
FDH34,8.63,Low Fat,0.031143591,Snack Foods,183.9582,OUT049,1999,Medium,Tier 1,Supermarket Type1,5386.9878,178.9582
FDF35,15,Low Fat,0.154860353,Starchy Foods,106.1938,OUT017,2007,,Tier 2,Supermarket Type1,4073.3644,101.1938
FDR20,20,Regular,0.028238317,Fruits and Vegetables,46.3744,OUT018,2009,Medium,Tier 3,Supermarket Type2,181.0976,41.3744
FDX56,,Regular,0.073700837,Fruits and Vegetables,207.1638,OUT027,1985,Medium,Tier 3,Supermarket Type3,7247.233,202.1638
FDR40,9.1,Regular,0.008027701,Frozen Foods,81.1618,OUT013,1987,High,Tier 3,Supermarket Type1,2255.7304,76.1618
NCE30,16,Low Fat,0.099290166,Household,214.0902,OUT049,1999,Medium,Tier 1,Supermarket Type1,1486.7314,209.0902
DRI37,15.85,Low Fat,0.180096791,Soft Drinks,57.3904,OUT010,1998,,Tier 3,Grocery Store,117.1808,52.3904
FDW48,,Low Fat,0.008499464,Baking Goods,81.3618,OUT027,1985,Medium,Tier 3,Supermarket Type3,1530.6742,76.3618
NCC18,19.1,Low Fat,0.177629525,Household,173.9422,OUT045,2002,,Tier 2,Supermarket Type1,2414.1908,168.9422
FDH02,7.27,Regular,0.020865797,Canned,90.2488,OUT018,2009,Medium,Tier 3,Supermarket Type2,814.9392,85.2488
NCZ30,6.59,Low Fat,0.026180032,Household,120.7098,OUT035,2004,Small,Tier 2,Supermarket Type1,2530.7058,115.7098
FDI45,13.1,Low Fat,0.037734334,Fruits and Vegetables,173.9054,OUT018,2009,Medium,Tier 3,Supermarket Type2,3677.2134,168.9054
FDK41,14.3,Low Fat,0.127435585,Frozen Foods,86.8224,OUT013,1987,High,Tier 3,Supermarket Type1,852.224,81.8224
FDQ07,15.1,Regular,0.087762922,Fruits and Vegetables,221.5456,OUT018,2009,Medium,Tier 3,Supermarket Type2,2873.5928,216.5456
NCE06,5.825,LF,0.153127523,Household,162.4894,OUT010,1998,,Tier 3,Grocery Store,323.5788,157.4894
FDF11,10.195,reg,0.017703044,Starchy Foods,239.4538,OUT018,2009,Medium,Tier 3,Supermarket Type2,3605.307,234.4538
FDU51,20.2,Regular,0.096433359,Meat,178.5028,OUT013,1987,High,Tier 3,Supermarket Type1,4604.6728,173.5028
NCH06,12.3,Low Fat,0.128136346,Household,248.346,OUT010,1998,,Tier 3,Grocery Store,985.384,243.346
FDD38,16.75,Regular,0.008184912,Canned,101.2674,OUT013,1987,High,Tier 3,Supermarket Type1,1528.011,96.2674
FDU07,11.1,Low Fat,0.059846975,Fruits and Vegetables,150.1366,OUT046,1997,Small,Tier 1,Supermarket Type1,1813.6392,145.1366
FDK08,9.195,Regular,0.122494876,Fruits and Vegetables,100.1016,OUT049,1999,Medium,Tier 1,Supermarket Type1,1416.8224,95.1016
FDW15,,Regular,0.054846706,Meat,147.3734,OUT027,1985,Medium,Tier 3,Supermarket Type3,3266.4148,142.3734
FDE21,12.8,Low Fat,0.022980361,Fruits and Vegetables,117.7492,OUT049,1999,Medium,Tier 1,Supermarket Type1,1274.3412,112.7492
FDX28,6.325,Low Fat,0.125154452,Frozen Foods,99.2042,OUT035,2004,Small,Tier 2,Supermarket Type1,1388.8588,94.2042
NCR50,,LF,0.011762847,Household,153.534,OUT027,1985,Medium,Tier 3,Supermarket Type3,7503.566,148.534
FDL27,6.17,Low Fat,0.010674255,Meat,63.4826,OUT018,2009,Medium,Tier 3,Supermarket Type2,774.9912,58.4826
FDK14,6.98,Low Fat,0.041098016,Canned,81.6934,OUT035,2004,Small,Tier 2,Supermarket Type1,818.934,76.6934
NCB07,,Low Fat,0.077132215,Household,197.411,OUT027,1985,Medium,Tier 3,Supermarket Type3,5892.33,192.411
NCR53,12.15,Low Fat,0.145013434,Health and Hygiene,225.0404,OUT035,2004,Small,Tier 2,Supermarket Type1,4950.8888,220.0404
FDB60,9.3,Low Fat,0.028683422,Baking Goods,195.8136,OUT017,2007,,Tier 2,Supermarket Type1,3693.8584,190.8136
FDW48,18,Low Fat,0.008554102,Baking Goods,79.3618,OUT049,1999,Medium,Tier 1,Supermarket Type1,805.618,74.3618
FDR55,12.15,reg,0.132058566,Fruits and Vegetables,187.5872,OUT035,2004,Small,Tier 2,Supermarket Type1,4349.0056,182.5872
FDO22,13.5,reg,0.017895691,Snack Foods,79.496,OUT045,2002,,Tier 2,Supermarket Type1,1597.92,74.496
FDL48,19.35,reg,0.082731751,Baking Goods,49.2034,OUT017,2007,,Tier 2,Supermarket Type1,777.6544,44.2034
NCZ05,8.485,Low Fat,0.058083831,Health and Hygiene,103.199,OUT013,1987,High,Tier 3,Supermarket Type1,722.393,98.199
FDO25,6.3,Low Fat,0.127449031,Canned,210.527,OUT046,1997,Small,Tier 1,Supermarket Type1,6291.81,205.527
FDF47,20.85,Low Fat,0.097536998,Starchy Foods,225.3746,OUT013,1987,High,Tier 3,Supermarket Type1,3365.619,220.3746
FDY40,15.5,Regular,0.143670179,Frozen Foods,48.4692,OUT010,1998,,Tier 3,Grocery Store,49.2692,43.4692
FDR25,17,Regular,0.139804885,Canned,265.7884,OUT045,2002,,Tier 2,Supermarket Type1,3974.826,260.7884
FDD59,,Regular,0.065860323,Starchy Foods,81.896,OUT027,1985,Medium,Tier 3,Supermarket Type3,1677.816,76.896
FDX38,10.5,Regular,0.0481669,Dairy,48.8376,OUT013,1987,High,Tier 3,Supermarket Type1,671.1264,43.8376
FDE26,9.3,Low Fat,0.089005769,Canned,143.9786,OUT046,1997,Small,Tier 1,Supermarket Type1,2745.0934,138.9786
FDH48,,Low Fat,0.105893301,Baking Goods,86.254,OUT019,1985,Small,Tier 1,Grocery Store,519.324,81.254
NCK29,5.615,Low Fat,0.12566436,Health and Hygiene,123.473,OUT013,1987,High,Tier 3,Supermarket Type1,1231.73,118.473
NCF54,18,Low Fat,0.047377053,Household,171.1422,OUT046,1997,Small,Tier 1,Supermarket Type1,2931.5174,166.1422
FDI38,13.35,Regular,0,Canned,206.9638,OUT017,2007,,Tier 2,Supermarket Type1,7247.233,201.9638
FDJ07,,Low Fat,0.014353676,Meat,115.515,OUT027,1985,Medium,Tier 3,Supermarket Type3,1631.21,110.515
FDS55,7.02,Low Fat,0,Fruits and Vegetables,148.1734,OUT018,2009,Medium,Tier 3,Supermarket Type2,890.8404,143.1734
NCX53,20.1,LF,0.025002878,Health and Hygiene,140.4154,OUT010,1998,,Tier 3,Grocery Store,567.2616,135.4154
NCP55,14.65,Low Fat,0,Others,53.8614,OUT035,2004,Small,Tier 2,Supermarket Type1,1105.228,48.8614
FDV04,7.825,Regular,0.150015234,Frozen Foods,157.5288,OUT046,1997,Small,Tier 1,Supermarket Type1,942.7728,152.5288
FDV40,17.35,Low Fat,0.014691784,Frozen Foods,74.1038,OUT046,1997,Small,Tier 1,Supermarket Type1,960.7494,69.1038
NCN30,16.35,Low Fat,0.017062427,Household,98.141,OUT018,2009,Medium,Tier 3,Supermarket Type2,1544.656,93.141
FDT57,15.2,Low Fat,0.019142452,Snack Foods,237.5248,OUT017,2007,,Tier 2,Supermarket Type1,3318.3472,232.5248
FDI52,18.7,Low Fat,0.104890428,Frozen Foods,121.4072,OUT045,2002,,Tier 2,Supermarket Type1,3185.1872,116.4072
FDT57,15.2,Low Fat,0.019018943,Snack Foods,238.7248,OUT013,1987,High,Tier 3,Supermarket Type1,1659.1736,233.7248
FDK33,17.85,Low Fat,0.011233126,Snack Foods,211.556,OUT035,2004,Small,Tier 2,Supermarket Type1,5752.512,206.556
FDQ39,14.8,Low Fat,0.081026811,Meat,190.0846,OUT035,2004,Small,Tier 2,Supermarket Type1,4586.0304,185.0846
FDR23,15.85,Low Fat,0.081953387,Breads,176.237,OUT045,2002,,Tier 2,Supermarket Type1,2646.555,171.237
FDX47,,Regular,0.060587738,Breads,156.8288,OUT019,1985,Small,Tier 1,Grocery Store,471.3864,151.8288
DRP35,18.85,Low Fat,0.090850115,Hard Drinks,126.6336,OUT035,2004,Small,Tier 2,Supermarket Type1,1150.5024,121.6336
FDU26,16.7,Regular,0.071335395,Dairy,120.3782,OUT010,1998,,Tier 3,Grocery Store,119.1782,115.3782
FDR39,20.35,LF,0.083929569,Meat,182.4292,OUT049,1999,Medium,Tier 1,Supermarket Type1,4925.5884,177.4292
FDV48,9.195,Regular,0.086396038,Baking Goods,79.0644,OUT010,1998,,Tier 3,Grocery Store,157.1288,74.0644
NCG18,15.3,Low Fat,0.023071504,Household,101.8332,OUT018,2009,Medium,Tier 3,Supermarket Type2,1025.332,96.8332
NCD42,16.5,Low Fat,0.012627329,Health and Hygiene,38.7506,OUT013,1987,High,Tier 3,Supermarket Type1,759.012,33.7506
FDP59,20.85,Regular,0.094512029,Breads,104.5648,OUT010,1998,,Tier 3,Grocery Store,207.7296,99.5648
FDF34,,Regular,0.013951504,Snack Foods,199.9084,OUT027,1985,Medium,Tier 3,Supermarket Type3,5753.8436,194.9084
DRD15,10.6,Low Fat,0.056785183,Dairy,231.9642,OUT035,2004,Small,Tier 2,Supermarket Type1,2091.2778,226.9642
FDP03,5.15,Regular,0.06117708,Meat,121.8388,OUT046,1997,Small,Tier 1,Supermarket Type1,3219.8088,116.8388
FDO20,12.85,Regular,0.152099033,Fruits and Vegetables,252.6382,OUT035,2004,Small,Tier 2,Supermarket Type1,3532.7348,247.6382
NCY30,20.25,Low Fat,0.02594835,Household,180.0976,OUT035,2004,Small,Tier 2,Supermarket Type1,3440.8544,175.0976
DRH37,17.6,Low Fat,0.041581725,Soft Drinks,163.3526,OUT013,1987,High,Tier 3,Supermarket Type1,3453.5046,158.3526
FDT10,16.7,Regular,0.103849783,Snack Foods,58.8562,OUT010,1998,,Tier 3,Grocery Store,59.2562,53.8562
FDF35,15,Low Fat,0.154301621,Starchy Foods,105.9938,OUT045,2002,,Tier 2,Supermarket Type1,428.7752,100.9938
FDG10,6.63,Regular,0.010937229,Snack Foods,55.8588,OUT035,2004,Small,Tier 2,Supermarket Type1,801.6232,50.8588
FDK03,,Regular,0.073562475,Dairy,254.9356,OUT027,1985,Medium,Tier 3,Supermarket Type3,8138.7392,249.9356
FDG20,15.5,Regular,0.125687917,Fruits and Vegetables,178.2028,OUT046,1997,Small,Tier 1,Supermarket Type1,1416.8224,173.2028
NCL07,,Low Fat,0.0311868,Others,39.548,OUT027,1985,Medium,Tier 3,Supermarket Type3,759.012,34.548
DRD49,9.895,LF,0.167831064,Soft Drinks,237.4564,OUT046,1997,Small,Tier 1,Supermarket Type1,715.0692,232.4564
NCG55,16.25,Low Fat,0,Household,115.2176,OUT017,2007,,Tier 2,Supermarket Type1,3206.4928,110.2176
FDR19,13.5,Regular,0.160624116,Fruits and Vegetables,147.0102,OUT017,2007,,Tier 2,Supermarket Type1,2770.3938,142.0102
NCM54,17.7,Low Fat,0.050929429,Household,129.1678,OUT035,2004,Small,Tier 2,Supermarket Type1,1780.3492,124.1678
FDZ44,,Low Fat,0.06780958,Fruits and Vegetables,118.1808,OUT019,1985,Small,Tier 1,Grocery Store,234.3616,113.1808
FDR28,13.85,Regular,0.026042966,Frozen Foods,161.221,OUT017,2007,,Tier 2,Supermarket Type1,1794.331,156.221
FDB51,6.92,Low Fat,0.038610722,Dairy,61.4852,OUT018,2009,Medium,Tier 3,Supermarket Type2,1314.2892,56.4852
DRJ59,11.65,Low Fat,0.019372253,Hard Drinks,40.6164,OUT046,1997,Small,Tier 1,Supermarket Type1,308.9312,35.6164
FDZ43,11,Regular,0.057290978,Fruits and Vegetables,242.7512,OUT018,2009,Medium,Tier 3,Supermarket Type2,1938.8096,237.7512
NCC54,17.75,Low Fat,0.097909084,Health and Hygiene,242.1196,OUT045,2002,,Tier 2,Supermarket Type1,4097.3332,237.1196
FDQ11,5.695,Regular,0.067688124,Breads,258.8988,OUT035,2004,Small,Tier 2,Supermarket Type1,5396.9748,253.8988
DRH03,17.25,low fat,0.035207155,Dairy,93.512,OUT018,2009,Medium,Tier 3,Supermarket Type2,1491.392,88.512
FDX38,10.5,Regular,0.080688663,Dairy,46.7376,OUT010,1998,,Tier 3,Grocery Store,47.9376,41.7376
DRH36,16.2,Low Fat,0.033447756,Soft Drinks,73.9696,OUT045,2002,,Tier 2,Supermarket Type1,894.8352,68.9696
NCB06,17.6,Low Fat,0.082797778,Health and Hygiene,161.492,OUT017,2007,,Tier 2,Supermarket Type1,3515.424,156.492
FDR33,7.31,Low Fat,0.026940466,Snack Foods,108.457,OUT017,2007,,Tier 2,Supermarket Type1,2306.997,103.457
FDE47,14.15,low fat,0.037877202,Starchy Foods,124.0046,OUT013,1987,High,Tier 3,Supermarket Type1,1618.5598,119.0046
FDA10,,Low Fat,0.141129263,Snack Foods,121.6072,OUT027,1985,Medium,Tier 3,Supermarket Type3,3430.2016,116.6072
DRI01,7.97,Low Fat,0.034424278,Soft Drinks,171.8422,OUT013,1987,High,Tier 3,Supermarket Type1,2069.3064,166.8422
NCJ54,9.895,LF,0.060067115,Household,230.6642,OUT046,1997,Small,Tier 1,Supermarket Type1,4647.284,225.6642
FDT14,10.695,Regular,0.127727102,Dairy,121.144,OUT046,1997,Small,Tier 1,Supermarket Type1,1917.504,116.144
DRL49,13.15,Low Fat,0.05674821,Soft Drinks,144.3812,OUT017,2007,,Tier 2,Supermarket Type1,284.9624,139.3812
NCI18,18.35,Low Fat,0.014052469,Household,224.0746,OUT045,2002,,Tier 2,Supermarket Type1,1346.2476,219.0746
FDC38,15.7,Low Fat,0.122684413,Canned,132.2942,OUT049,1999,Medium,Tier 1,Supermarket Type1,2252.4014,127.2942
FDS56,5.785,Regular,0.038724612,Fruits and Vegetables,263.9252,OUT013,1987,High,Tier 3,Supermarket Type1,6033.4796,258.9252
FDX19,19.1,Low Fat,0.09688421,Fruits and Vegetables,233.5958,OUT049,1999,Medium,Tier 1,Supermarket Type1,2336.958,228.5958
FDU36,,Low Fat,0,Baking Goods,100.1384,OUT027,1985,Medium,Tier 3,Supermarket Type3,2956.152,95.1384
FDO44,12.6,Low Fat,0.087380432,Fruits and Vegetables,109.7228,OUT013,1987,High,Tier 3,Supermarket Type1,1547.3192,104.7228
FDG57,14.7,Low Fat,0.072707309,Fruits and Vegetables,49.5034,OUT017,2007,,Tier 2,Supermarket Type1,291.6204,44.5034
FDV20,20.2,Regular,0.059894378,Fruits and Vegetables,125.9678,OUT049,1999,Medium,Tier 1,Supermarket Type1,2797.6916,120.9678
FDE47,14.15,Low Fat,0.037901581,Starchy Foods,126.3046,OUT035,2004,Small,Tier 2,Supermarket Type1,2614.5966,121.3046
FDU32,,Low Fat,0.025841875,Fruits and Vegetables,120.7414,OUT027,1985,Medium,Tier 3,Supermarket Type3,4386.2904,115.7414
NCB06,,Low Fat,0.081933378,Health and Hygiene,161.492,OUT027,1985,Medium,Tier 3,Supermarket Type3,6391.68,156.492
FDV46,18.2,Low Fat,0.012627478,Snack Foods,140.818,OUT049,1999,Medium,Tier 1,Supermarket Type1,3495.45,135.818
FDP45,,Regular,0.030476541,Snack Foods,252.2724,OUT027,1985,Medium,Tier 3,Supermarket Type3,5033.448,247.2724
FDK03,12.6,Regular,0.074070351,Dairy,254.2356,OUT045,2002,,Tier 2,Supermarket Type1,4578.0408,249.2356
FDX37,16.2,Low Fat,0.063017421,Canned,100.37,OUT035,2004,Small,Tier 2,Supermarket Type1,998.7,95.37
FDX58,13.15,Low Fat,0.043727261,Snack Foods,182.595,OUT013,1987,High,Tier 3,Supermarket Type1,3478.805,177.595
FDQ46,7.51,Low Fat,0.104023565,Snack Foods,112.4544,OUT045,2002,,Tier 2,Supermarket Type1,2013.3792,107.4544
FDL13,13.85,Regular,0.056271701,Breakfast,232.23,OUT013,1987,High,Tier 3,Supermarket Type1,1398.18,227.23
NCT30,9.1,Low Fat,0.080619969,Household,47.4718,OUT018,2009,Medium,Tier 3,Supermarket Type2,472.718,42.4718
FDP20,19.85,Low Fat,0.045761855,Fruits and Vegetables,125.602,OUT045,2002,,Tier 2,Supermarket Type1,632.51,120.602
FDH40,11.6,Regular,0.078863888,Frozen Foods,83.2276,OUT013,1987,High,Tier 3,Supermarket Type1,1543.3244,78.2276
FDZ25,15.7,Regular,0.027729547,Canned,169.379,OUT018,2009,Medium,Tier 3,Supermarket Type2,1528.011,164.379
FDU27,,Regular,0.170646494,Meat,46.3376,OUT027,1985,Medium,Tier 3,Supermarket Type3,2109.2544,41.3376
NCQ42,20.35,Low Fat,0.039235527,Household,127.2678,OUT013,1987,High,Tier 3,Supermarket Type1,1017.3424,122.2678
FDU31,10.5,reg,0.02502991,Fruits and Vegetables,218.4508,OUT049,1999,Medium,Tier 1,Supermarket Type1,2821.6604,213.4508
FDC35,7.435,Low Fat,0.205605116,Starchy Foods,207.7638,OUT010,1998,,Tier 3,Grocery Store,621.1914,202.7638
FDX43,5.655,Low Fat,0.085622362,Fruits and Vegetables,167.25,OUT018,2009,Medium,Tier 3,Supermarket Type2,2330.3,162.25
FDU07,11.1,Low Fat,0.059968347,Fruits and Vegetables,152.8366,OUT045,2002,,Tier 2,Supermarket Type1,1662.5026,147.8366
DRD13,15,Low Fat,0.049038621,Soft Drinks,65.4168,OUT013,1987,High,Tier 3,Supermarket Type1,1661.8368,60.4168
DRK49,14.15,Low Fat,0.036147029,Soft Drinks,39.3138,OUT017,2007,,Tier 2,Supermarket Type1,527.9794,34.3138
FDL12,,Regular,0.212963193,Baking Goods,59.522,OUT019,1985,Small,Tier 1,Grocery Store,299.61,54.522
FDZ08,12.5,Regular,0.110614538,Fruits and Vegetables,80.6592,OUT017,2007,,Tier 2,Supermarket Type1,1651.184,75.6592
FDA10,20.35,Low Fat,0.142393712,Snack Foods,122.7072,OUT018,2009,Medium,Tier 3,Supermarket Type2,1470.0864,117.7072
FDS20,8.85,Low Fat,0.053976156,Fruits and Vegetables,181.5292,OUT045,2002,,Tier 2,Supermarket Type1,1277.0044,176.5292
FDA07,7.55,Regular,0.03107068,Fruits and Vegetables,122.4072,OUT018,2009,Medium,Tier 3,Supermarket Type2,857.5504,117.4072
FDR08,18.7,Low Fat,0.03761584,Fruits and Vegetables,109.1886,OUT035,2004,Small,Tier 2,Supermarket Type1,1890.2062,104.1886
FDM44,,LF,0.054363971,Fruits and Vegetables,105.099,OUT019,1985,Small,Tier 1,Grocery Store,103.199,100.099
FDI22,12.6,Low Fat,0.161039887,Snack Foods,210.2612,OUT010,1998,,Tier 3,Grocery Store,418.1224,205.2612
NCM07,9.395,Low Fat,0.040023967,Others,85.5908,OUT049,1999,Medium,Tier 1,Supermarket Type1,1006.6896,80.5908
FDN46,7.21,Regular,0,Snack Foods,103.1332,OUT017,2007,,Tier 2,Supermarket Type1,3281.0624,98.1332
NCW53,18.35,Low Fat,0.030619301,Health and Hygiene,194.0162,OUT018,2009,Medium,Tier 3,Supermarket Type2,2886.243,189.0162
FDZ51,11.3,Regular,0.054637635,Meat,93.3094,OUT049,1999,Medium,Tier 1,Supermarket Type1,3046.7008,88.3094
FDT04,17.25,Low Fat,0,Frozen Foods,40.8822,OUT018,2009,Medium,Tier 3,Supermarket Type2,628.5152,35.8822
FDZ48,,low fat,0.132995494,Baking Goods,113.5544,OUT019,1985,Small,Tier 1,Grocery Store,223.7088,108.5544
FDA08,11.85,Regular,0.050085152,Fruits and Vegetables,164.7526,OUT046,1997,Small,Tier 1,Supermarket Type1,1315.6208,159.7526
DRN37,9.6,LF,0.096689673,Soft Drinks,168.0158,OUT018,2009,Medium,Tier 3,Supermarket Type2,1336.9264,163.0158
FDD35,12.15,Low Fat,0.026010729,Starchy Foods,119.144,OUT017,2007,,Tier 2,Supermarket Type1,2157.192,114.144
FDZ48,17.75,Low Fat,0.075959623,Baking Goods,112.4544,OUT046,1997,Small,Tier 1,Supermarket Type1,2460.7968,107.4544
NCN54,20.35,Low Fat,0.021413346,Household,76.2328,OUT018,2009,Medium,Tier 3,Supermarket Type2,463.3968,71.2328
FDU32,8.785,Low Fat,0,Fruits and Vegetables,120.5414,OUT013,1987,High,Tier 3,Supermarket Type1,1583.9382,115.5414
FDK41,,LF,0.126924095,Frozen Foods,87.2224,OUT027,1985,Medium,Tier 3,Supermarket Type3,3494.1184,82.2224
FDR44,6.11,Regular,0.103340142,Fruits and Vegetables,131.2968,OUT018,2009,Medium,Tier 3,Supermarket Type2,913.4776,126.2968
NCK29,,Low Fat,0,Health and Hygiene,125.173,OUT027,1985,Medium,Tier 3,Supermarket Type3,3572.017,120.173
FDT09,15.15,Regular,0.012288171,Snack Foods,129.9284,OUT045,2002,,Tier 2,Supermarket Type1,2241.0828,124.9284
FDR11,10.5,Regular,0.142827296,Breads,159.4578,OUT045,2002,,Tier 2,Supermarket Type1,3048.6982,154.4578
FDD57,,Low Fat,0.022291121,Fruits and Vegetables,93.6094,OUT027,1985,Medium,Tier 3,Supermarket Type3,3713.1666,88.6094
FDT10,16.7,reg,0.061992874,Snack Foods,60.9562,OUT013,1987,High,Tier 3,Supermarket Type1,355.5372,55.9562
FDR51,9.035,Regular,0.17417636,Meat,148.9708,OUT018,2009,Medium,Tier 3,Supermarket Type2,2257.062,143.9708
NCK17,11,Low Fat,0.037953762,Health and Hygiene,38.448,OUT049,1999,Medium,Tier 1,Supermarket Type1,1198.44,33.448
FDY07,11.8,Low Fat,0.122289654,Fruits and Vegetables,46.3402,OUT017,2007,,Tier 2,Supermarket Type1,275.6412,41.3402
FDT14,10.695,Regular,0.128247408,Dairy,121.844,OUT018,2009,Medium,Tier 3,Supermarket Type2,2277.036,116.844
FDJ21,,Regular,0.038341654,Snack Foods,146.2102,OUT027,1985,Medium,Tier 3,Supermarket Type3,4228.4958,141.2102
NCR42,9.105,Low Fat,0.038699553,Household,33.79,OUT017,2007,,Tier 2,Supermarket Type1,199.74,28.79
DRG37,16.2,Low Fat,0.01940856,Soft Drinks,156.7972,OUT049,1999,Medium,Tier 1,Supermarket Type1,3739.1328,151.7972
FDI24,,Low Fat,0.137870237,Baking Goods,175.037,OUT019,1985,Small,Tier 1,Grocery Store,352.874,170.037
FDJ22,18.75,Low Fat,0.052800258,Snack Foods,193.2504,OUT035,2004,Small,Tier 2,Supermarket Type1,2684.5056,188.2504
FDT28,13.3,Low Fat,0.06355415,Frozen Foods,149.4708,OUT035,2004,Small,Tier 2,Supermarket Type1,1354.2372,144.4708
FDH38,6.425,Low Fat,0.01043823,Canned,115.8808,OUT046,1997,Small,Tier 1,Supermarket Type1,1757.712,110.8808
FDT43,16.35,Low Fat,0.020589623,Fruits and Vegetables,53.2324,OUT045,2002,,Tier 2,Supermarket Type1,727.0536,48.2324
FDX04,19.6,Regular,0.041806702,Frozen Foods,48.8376,OUT017,2007,,Tier 2,Supermarket Type1,527.3136,43.8376
FDV46,18.2,Low Fat,0.012679191,Snack Foods,139.818,OUT017,2007,,Tier 2,Supermarket Type1,838.908,134.818
FDP10,19,Low Fat,0.128289285,Snack Foods,104.9622,OUT049,1999,Medium,Tier 1,Supermarket Type1,1164.4842,99.9622
NCA53,11.395,Low Fat,0.009878459,Health and Hygiene,47.6034,OUT046,1997,Small,Tier 1,Supermarket Type1,1312.2918,42.6034
FDL52,6.635,Regular,0.046090204,Frozen Foods,37.1506,OUT046,1997,Small,Tier 1,Supermarket Type1,834.9132,32.1506
FDQ32,17.85,Regular,0.046680961,Fruits and Vegetables,121.9388,OUT049,1999,Medium,Tier 1,Supermarket Type1,3962.8416,116.9388
FDT37,14.15,Low Fat,0.03546967,Canned,256.3014,OUT017,2007,,Tier 2,Supermarket Type1,4845.0266,251.3014
NCO43,5.5,Low Fat,0.047290068,Others,100.5016,OUT018,2009,Medium,Tier 3,Supermarket Type2,1416.8224,95.5016
FDI53,8.895,Regular,0.13842353,Frozen Foods,163.0236,OUT017,2007,,Tier 2,Supermarket Type1,1127.8652,158.0236
FDO19,17.7,Regular,0.027779381,Fruits and Vegetables,50.1034,OUT010,1998,,Tier 3,Grocery Store,97.2068,45.1034
FDG12,,Regular,0,Baking Goods,121.3098,OUT019,1985,Small,Tier 1,Grocery Store,120.5098,116.3098
FDG53,10,Low Fat,0.046043736,Frozen Foods,140.618,OUT018,2009,Medium,Tier 3,Supermarket Type2,2376.906,135.618
FDK36,7.09,Low Fat,0.007215314,Baking Goods,47.6034,OUT046,1997,Small,Tier 1,Supermarket Type1,1458.102,42.6034
FDR55,12.15,Regular,0.132083542,Fruits and Vegetables,189.5872,OUT046,1997,Small,Tier 1,Supermarket Type1,3403.5696,184.5872
FDV16,7.75,Regular,0.083399788,Frozen Foods,34.5558,OUT017,2007,,Tier 2,Supermarket Type1,441.4254,29.5558
FDS31,,Regular,0.043978369,Fruits and Vegetables,178.4318,OUT027,1985,Medium,Tier 3,Supermarket Type3,2526.0452,173.4318
NCK06,5.03,Low Fat,0.008639333,Household,122.2756,OUT013,1987,High,Tier 3,Supermarket Type1,2059.9852,117.2756
FDN03,9.8,Regular,0.015089965,Meat,249.6408,OUT046,1997,Small,Tier 1,Supermarket Type1,1001.3632,244.6408
NCT30,,Low Fat,0.140582485,Household,47.1718,OUT019,1985,Small,Tier 1,Grocery Store,141.8154,42.1718
FDC50,15.85,Low Fat,0.228469522,Canned,93.3094,OUT010,1998,,Tier 3,Grocery Store,285.6282,88.3094
FDE11,17.7,Regular,0,Starchy Foods,183.5924,OUT035,2004,Small,Tier 2,Supermarket Type1,7033.5112,178.5924
FDM03,12.65,Low Fat,0.123007534,Meat,106.0938,OUT035,2004,Small,Tier 2,Supermarket Type1,2679.845,101.0938
NCP05,19.6,Low Fat,0,Health and Hygiene,150.3024,OUT018,2009,Medium,Tier 3,Supermarket Type2,2580.6408,145.3024
FDJ41,6.85,LF,0.02288328,Frozen Foods,261.2594,OUT046,1997,Small,Tier 1,Supermarket Type1,2878.2534,256.2594
FDR47,,Low Fat,0.087045086,Breads,196.7794,OUT027,1985,Medium,Tier 3,Supermarket Type3,6242.5408,191.7794
FDK36,7.09,Low Fat,0.007256127,Baking Goods,50.4034,OUT017,2007,,Tier 2,Supermarket Type1,340.2238,45.4034
FDQ23,6.55,Low Fat,0.024664556,Breads,103.3332,OUT017,2007,,Tier 2,Supermarket Type1,2050.664,98.3332
NCK42,,Low Fat,0.013056494,Household,215.9192,OUT027,1985,Medium,Tier 3,Supermarket Type3,7334.4528,210.9192
NCO06,19.25,Low Fat,0.180820798,Household,35.9558,OUT010,1998,,Tier 3,Grocery Store,67.9116,30.9558
FDV24,5.635,Low Fat,0.103693024,Baking Goods,149.905,OUT018,2009,Medium,Tier 3,Supermarket Type2,2546.685,144.905
FDK40,7.035,Low Fat,0.021849398,Frozen Foods,262.091,OUT046,1997,Small,Tier 1,Supermarket Type1,4207.856,257.091
FDT23,7.72,Regular,0.074731477,Breads,77.5986,OUT046,1997,Small,Tier 1,Supermarket Type1,1947.465,72.5986
FDB50,13,Low Fat,0.154244343,Canned,77.9986,OUT018,2009,Medium,Tier 3,Supermarket Type2,1168.479,72.9986
NCF43,8.51,Low Fat,0,Household,142.147,OUT049,1999,Medium,Tier 1,Supermarket Type1,1717.764,137.147
FDU26,,Regular,0.042412572,Dairy,119.0782,OUT027,1985,Medium,Tier 3,Supermarket Type3,1549.3166,114.0782
FDC10,9.8,Regular,0.072990979,Snack Foods,121.6098,OUT049,1999,Medium,Tier 1,Supermarket Type1,1566.6274,116.6098
FDK51,19.85,Low Fat,0.005243282,Dairy,266.1884,OUT049,1999,Medium,Tier 1,Supermarket Type1,3179.8608,261.1884
FDV09,12.1,Low Fat,0.034427577,Snack Foods,146.6734,OUT010,1998,,Tier 3,Grocery Store,296.9468,141.6734
DRL37,15.5,Low Fat,0.053455158,Soft Drinks,43.677,OUT049,1999,Medium,Tier 1,Supermarket Type1,562.601,38.677
FDQ45,9.5,Regular,0,Snack Foods,182.3608,OUT010,1998,,Tier 3,Grocery Store,1102.5648,177.3608
FDO45,,Regular,0.037768989,Snack Foods,88.5856,OUT027,1985,Medium,Tier 3,Supermarket Type3,1845.5976,83.5856
FDP27,8.155,Low Fat,0.119428052,Meat,190.853,OUT035,2004,Small,Tier 2,Supermarket Type1,2466.789,185.853
NCE07,8.18,Low Fat,0.013183517,Household,143.1154,OUT018,2009,Medium,Tier 3,Supermarket Type2,1843.6002,138.1154
FDL26,,Low Fat,0.072838381,Canned,155.2972,OUT027,1985,Medium,Tier 3,Supermarket Type3,5141.3076,150.2972
FDL09,19.6,Regular,0.128235131,Snack Foods,169.2816,OUT049,1999,Medium,Tier 1,Supermarket Type1,1174.4712,164.2816
NCA17,20.6,Low Fat,0,Health and Hygiene,148.8392,OUT046,1997,Small,Tier 1,Supermarket Type1,2684.5056,143.8392
NCL29,9.695,Low Fat,0.114583922,Health and Hygiene,156.4604,OUT017,2007,,Tier 2,Supermarket Type1,2535.3664,151.4604
FDS20,8.85,Low Fat,0.054171606,Fruits and Vegetables,183.9292,OUT017,2007,,Tier 2,Supermarket Type1,2918.8672,178.9292
NCD19,8.93,LF,0,Household,53.2614,OUT049,1999,Medium,Tier 1,Supermarket Type1,552.614,48.2614
FDF05,17.5,Low Fat,0.026912667,Frozen Foods,261.291,OUT049,1999,Medium,Tier 1,Supermarket Type1,3418.883,256.291
FDI44,16.1,Low Fat,0.100799828,Fruits and Vegetables,78.4328,OUT017,2007,,Tier 2,Supermarket Type1,1467.4232,73.4328
NCY29,13.65,Low Fat,0.077390746,Health and Hygiene,54.693,OUT045,2002,,Tier 2,Supermarket Type1,679.116,49.693
FDC60,5.425,Regular,0.191603334,Baking Goods,87.0514,OUT010,1998,,Tier 3,Grocery Store,88.5514,82.0514
DRL49,13.15,Low Fat,0.056543464,Soft Drinks,140.5812,OUT045,2002,,Tier 2,Supermarket Type1,427.4436,135.5812
FDT39,6.26,Regular,0.009923732,Meat,152.8366,OUT017,2007,,Tier 2,Supermarket Type1,3778.415,147.8366
FDE50,19.7,Regular,0.016238512,Canned,186.4556,OUT045,2002,,Tier 2,Supermarket Type1,5069.4012,181.4556
FDK25,,Regular,0.156072361,Breakfast,169.3474,OUT027,1985,Medium,Tier 3,Supermarket Type3,3874.2902,164.3474
DRK13,11.8,Low Fat,0.115636723,Soft Drinks,199.7084,OUT018,2009,Medium,Tier 3,Supermarket Type2,3571.3512,194.7084
DRD24,13.85,Low Fat,0.030920531,Soft Drinks,141.0154,OUT018,2009,Medium,Tier 3,Supermarket Type2,1701.7848,136.0154
FDX60,14.35,Low Fat,0.080594133,Baking Goods,80.996,OUT046,1997,Small,Tier 1,Supermarket Type1,1757.712,75.996
FDT40,,Low Fat,0.167725251,Frozen Foods,128.3678,OUT019,1985,Small,Tier 1,Grocery Store,127.1678,123.3678
FDJ20,20.7,Regular,0.100378096,Fruits and Vegetables,122.4388,OUT045,2002,,Tier 2,Supermarket Type1,1238.388,117.4388
FDI58,7.64,Regular,0.070847865,Snack Foods,91.712,OUT045,2002,,Tier 2,Supermarket Type1,2050.664,86.712
FDX04,19.6,Regular,0.04163619,Frozen Foods,47.3376,OUT049,1999,Medium,Tier 1,Supermarket Type1,1150.5024,42.3376
FDK55,18.5,Low Fat,0.025756826,Meat,87.2172,OUT035,2004,Small,Tier 2,Supermarket Type1,802.9548,82.2172
NCH06,12.3,Low Fat,0.076987408,Household,247.946,OUT017,2007,,Tier 2,Supermarket Type1,3202.498,242.946
NCG54,12.1,Low Fat,0.079968115,Household,170.8106,OUT045,2002,,Tier 2,Supermarket Type1,4619.9862,165.8106
FDN46,7.21,Regular,0.14460413,Snack Foods,102.6332,OUT035,2004,Small,Tier 2,Supermarket Type1,2153.1972,97.6332
FDS46,17.6,Regular,0.047524635,Snack Foods,118.2782,OUT017,2007,,Tier 2,Supermarket Type1,715.0692,113.2782
FDM24,6.135,Regular,0.079776075,Baking Goods,152.8366,OUT017,2007,,Tier 2,Supermarket Type1,1964.7758,147.8366
NCC07,19.6,Low Fat,0.023988387,Household,104.5964,OUT049,1999,Medium,Tier 1,Supermarket Type1,1262.3568,99.5964
DRG51,12.1,Low Fat,0.011563024,Dairy,164.9526,OUT045,2002,,Tier 2,Supermarket Type1,2302.3364,159.9526
NCS53,14.5,Low Fat,0.089703476,Health and Hygiene,158.3604,OUT013,1987,High,Tier 3,Supermarket Type1,1109.2228,153.3604
FDC33,8.96,Regular,0.06893834,Fruits and Vegetables,196.4768,OUT046,1997,Small,Tier 1,Supermarket Type1,2561.9984,191.4768
FDD14,20.7,Low Fat,0.169667145,Canned,183.5266,OUT013,1987,High,Tier 3,Supermarket Type1,4426.2384,178.5266
FDJ52,7.145,Low Fat,0.017814518,Frozen Foods,159.8578,OUT049,1999,Medium,Tier 1,Supermarket Type1,2246.4092,154.8578
FDV33,9.6,Regular,0.027399064,Snack Foods,258.3304,OUT045,2002,,Tier 2,Supermarket Type1,4133.2864,253.3304
FDY33,14.5,Regular,0.097398254,Snack Foods,157.4262,OUT045,2002,,Tier 2,Supermarket Type1,3978.155,152.4262
FDE28,,Regular,0.232072674,Frozen Foods,229.4668,OUT019,1985,Small,Tier 1,Grocery Store,460.7336,224.4668
FDA57,18.85,Low Fat,0.039723999,Snack Foods,41.048,OUT045,2002,,Tier 2,Supermarket Type1,918.804,36.048
DRC27,13.8,Low Fat,0.05843112,Dairy,243.6802,OUT017,2007,,Tier 2,Supermarket Type1,1965.4416,238.6802
FDA27,20.35,Regular,0.030990354,Dairy,256.3672,OUT045,2002,,Tier 2,Supermarket Type1,1022.6688,251.3672
FDO57,20.75,Low Fat,0.108689606,Snack Foods,159.3578,OUT035,2004,Small,Tier 2,Supermarket Type1,4492.8184,154.3578
FDZ44,8.185,Low Fat,0.038721734,Fruits and Vegetables,115.8808,OUT035,2004,Small,Tier 2,Supermarket Type1,1523.3504,110.8808
FDA58,9.395,Low Fat,0.103664897,Snack Foods,233.6932,OUT013,1987,High,Tier 3,Supermarket Type1,1414.1592,228.6932
DRB01,7.39,Low Fat,0.082367244,Soft Drinks,187.753,OUT049,1999,Medium,Tier 1,Supermarket Type1,1518.024,182.753
FDX45,16.75,low fat,0.105282932,Snack Foods,156.963,OUT018,2009,Medium,Tier 3,Supermarket Type2,2816.334,151.963
FDY12,9.8,Regular,0.141406394,Baking Goods,50.0008,OUT017,2007,,Tier 2,Supermarket Type1,506.008,45.0008
NCZ29,15,Low Fat,0.071516201,Health and Hygiene,127.7362,OUT045,2002,,Tier 2,Supermarket Type1,1761.7068,122.7362
FDF09,6.215,Low Fat,0.012198395,Fruits and Vegetables,37.4848,OUT018,2009,Medium,Tier 3,Supermarket Type2,186.424,32.4848
FDR48,11.65,Low Fat,0.132248069,Baking Goods,150.5024,OUT017,2007,,Tier 2,Supermarket Type1,3187.8504,145.5024
NCH29,5.51,Low Fat,0.034445116,Health and Hygiene,95.8726,OUT013,1987,High,Tier 3,Supermarket Type1,2153.1972,90.8726
FDN08,7.72,Regular,0.088543868,Fruits and Vegetables,117.5466,OUT045,2002,,Tier 2,Supermarket Type1,824.9262,112.5466
NCN30,16.35,Low Fat,0.016979063,Household,97.441,OUT013,1987,High,Tier 3,Supermarket Type1,772.328,92.441
FDS12,,LF,0.304859104,Baking Goods,125.4362,OUT019,1985,Small,Tier 1,Grocery Store,755.0172,120.4362
FDN58,13.8,Regular,0.056825065,Snack Foods,230.9984,OUT013,1987,High,Tier 3,Supermarket Type1,4633.968,225.9984
FDF50,4.905,Low Fat,0.1175683,Canned,197.6768,OUT045,2002,,Tier 2,Supermarket Type1,2956.152,192.6768
NCR54,16.35,Low Fat,0.090562192,Household,198.211,OUT046,1997,Small,Tier 1,Supermarket Type1,1964.11,193.211
FDQ21,21.25,Low Fat,0.019423232,Snack Foods,120.8756,OUT046,1997,Small,Tier 1,Supermarket Type1,3150.5656,115.8756
FDA13,15.85,Low Fat,0.078489577,Canned,39.9506,OUT013,1987,High,Tier 3,Supermarket Type1,645.1602,34.9506
FDY47,8.6,reg,0.054706408,Breads,128.931,OUT018,2009,Medium,Tier 3,Supermarket Type2,1428.141,123.931
NCF31,9.13,Low Fat,0.051804278,Household,150.2024,OUT013,1987,High,Tier 3,Supermarket Type1,1821.6288,145.2024
FDL44,,Low Fat,0.012215675,Fruits and Vegetables,162.7894,OUT027,1985,Medium,Tier 3,Supermarket Type3,5500.8396,157.7894
FDT51,,Regular,0.019117392,Meat,110.6544,OUT019,1985,Small,Tier 1,Grocery Store,223.7088,105.6544
NCF31,,Low Fat,0.090778148,Household,153.1024,OUT019,1985,Small,Tier 1,Grocery Store,303.6048,148.1024
NCK31,10.895,Low Fat,0.027047774,Others,50.6666,OUT046,1997,Small,Tier 1,Supermarket Type1,666.4658,45.6666
DRM47,9.3,Low Fat,0.043874493,Hard Drinks,191.0846,OUT045,2002,,Tier 2,Supermarket Type1,1337.5922,186.0846
FDL40,17.7,Low Fat,0.011603492,Frozen Foods,97.741,OUT013,1987,High,Tier 3,Supermarket Type1,1158.492,92.741
FDT34,9.3,LF,0.291826616,Snack Foods,107.1964,OUT010,1998,,Tier 3,Grocery Store,420.7856,102.1964
FDP40,4.555,Regular,0.034350673,Frozen Foods,112.7544,OUT035,2004,Small,Tier 2,Supermarket Type1,1789.6704,107.7544
NCJ31,19.2,Low Fat,0.183686937,Others,241.8196,OUT017,2007,,Tier 2,Supermarket Type1,1687.1372,236.8196
FDT50,,reg,0.107714834,Dairy,97.8752,OUT027,1985,Medium,Tier 3,Supermarket Type3,2109.2544,92.8752
FDG21,17.35,Regular,0.146299902,Seafood,150.405,OUT046,1997,Small,Tier 1,Supermarket Type1,3894.93,145.405
FDM03,12.65,Low Fat,0.123531974,Meat,108.2938,OUT018,2009,Medium,Tier 3,Supermarket Type2,535.969,103.2938
FDO11,8,Regular,0.030311951,Breads,247.4092,OUT049,1999,Medium,Tier 1,Supermarket Type1,6972.2576,242.4092
FDX26,17.7,Low Fat,0.087986599,Dairy,181.4292,OUT045,2002,,Tier 2,Supermarket Type1,2918.8672,176.4292
FDF39,14.85,Regular,0.019590769,Dairy,261.591,OUT018,2009,Medium,Tier 3,Supermarket Type2,2366.919,256.591
NCR53,12.15,Low Fat,0.242768664,Health and Hygiene,226.5404,OUT010,1998,,Tier 3,Grocery Store,225.0404,221.5404
FDL57,15.1,Regular,0.067064128,Snack Foods,257.9304,OUT035,2004,Small,Tier 2,Supermarket Type1,6458.26,252.9304
FDO44,12.6,Low Fat,0.087630566,Fruits and Vegetables,110.0228,OUT045,2002,,Tier 2,Supermarket Type1,3205.1612,105.0228
NCY41,16.75,Low Fat,0.075721301,Health and Hygiene,34.3532,OUT035,2004,Small,Tier 2,Supermarket Type1,1042.6428,29.3532
FDL08,10.8,Low Fat,0.049719026,Fruits and Vegetables,246.7144,OUT046,1997,Small,Tier 1,Supermarket Type1,5145.3024,241.7144
NCV30,20.2,Low Fat,0.065932087,Household,64.851,OUT046,1997,Small,Tier 1,Supermarket Type1,948.765,59.851
FDL45,,Low Fat,0.037505332,Snack Foods,126.2704,OUT027,1985,Medium,Tier 3,Supermarket Type3,4255.7936,121.2704
FDK09,15.2,Low Fat,0.092282353,Snack Foods,227.2352,OUT017,2007,,Tier 2,Supermarket Type1,4122.6336,222.2352
FDQ58,7.315,Low Fat,0.01532563,Snack Foods,153.434,OUT049,1999,Medium,Tier 1,Supermarket Type1,459.402,148.434
FDA28,16.1,Regular,0.047996608,Frozen Foods,127.0362,OUT018,2009,Medium,Tier 3,Supermarket Type2,1384.1982,122.0362
FDA02,,Regular,0.052040539,Dairy,143.1786,OUT019,1985,Small,Tier 1,Grocery Store,288.9572,138.1786
NCC54,17.75,Low Fat,0.097629611,Health and Hygiene,240.4196,OUT013,1987,High,Tier 3,Supermarket Type1,4579.3724,235.4196
FDA55,17.2,reg,0.057221177,Fruits and Vegetables,225.4088,OUT018,2009,Medium,Tier 3,Supermarket Type2,2460.7968,220.4088
NCJ43,6.635,Low Fat,0.045308629,Household,173.1396,OUT010,1998,,Tier 3,Grocery Store,348.8792,168.1396
NCB19,,Low Fat,0.158096128,Household,86.3882,OUT019,1985,Small,Tier 1,Grocery Store,85.8882,81.3882
FDA19,7.52,Low Fat,0.055127499,Fruits and Vegetables,128.2994,OUT046,1997,Small,Tier 1,Supermarket Type1,3983.4814,123.2994
FDD35,12.15,LF,0.025842905,Starchy Foods,119.844,OUT013,1987,High,Tier 3,Supermarket Type1,599.22,114.844
FDK08,9.195,Regular,0.122802943,Fruits and Vegetables,100.1016,OUT018,2009,Medium,Tier 3,Supermarket Type2,1113.2176,95.1016
FDN27,,Low Fat,0.039370913,Meat,116.9808,OUT027,1985,Medium,Tier 3,Supermarket Type3,3866.9664,111.9808
NCC19,,Low Fat,0.096411426,Household,192.982,OUT027,1985,Medium,Tier 3,Supermarket Type3,4633.968,187.982
FDL16,12.85,Low Fat,0.16871476,Frozen Foods,47.306,OUT049,1999,Medium,Tier 1,Supermarket Type1,1071.938,42.306
NCL54,,Low Fat,0.082353076,Household,176.9054,OUT027,1985,Medium,Tier 3,Supermarket Type3,4202.5296,171.9054
FDR33,7.31,Low Fat,0.026830586,Snack Foods,108.057,OUT049,1999,Medium,Tier 1,Supermarket Type1,2087.283,103.057
FDD52,18.25,Regular,0.183260221,Dairy,108.557,OUT035,2004,Small,Tier 2,Supermarket Type1,1208.427,103.557
FDV33,9.6,Regular,0.027386122,Snack Foods,259.2304,OUT049,1999,Medium,Tier 1,Supermarket Type1,4649.9472,254.2304
FDF21,10.3,Regular,0,Fruits and Vegetables,191.153,OUT035,2004,Small,Tier 2,Supermarket Type1,1707.777,186.153
FDM56,16.7,Low Fat,0,Fruits and Vegetables,109.1912,OUT018,2009,Medium,Tier 3,Supermarket Type2,545.956,104.1912
FDB12,11.15,Regular,0.105287746,Baking Goods,103.2648,OUT035,2004,Small,Tier 2,Supermarket Type1,2388.8904,98.2648
FDI48,11.85,Regular,0,Baking Goods,51.2666,OUT035,2004,Small,Tier 2,Supermarket Type1,410.1328,46.2666
FDH09,12.6,Low Fat,0.05616476,Seafood,51.8982,OUT049,1999,Medium,Tier 1,Supermarket Type1,473.3838,46.8982
FDQ36,7.855,Regular,0,Baking Goods,38.3848,OUT046,1997,Small,Tier 1,Supermarket Type1,932.12,33.3848
FDY16,18.35,Regular,0.092150005,Frozen Foods,184.8266,OUT013,1987,High,Tier 3,Supermarket Type1,3872.9586,179.8266
NCM43,,Low Fat,0.01938106,Others,164.321,OUT027,1985,Medium,Tier 3,Supermarket Type3,5546.114,159.321
FDF59,12.5,LF,0.071534226,Starchy Foods,124.902,OUT018,2009,Medium,Tier 3,Supermarket Type2,1771.028,119.902
NCR38,17.25,Low Fat,0.113497001,Household,253.4724,OUT035,2004,Small,Tier 2,Supermarket Type1,755.0172,248.4724
FDY13,12.1,Low Fat,0.030121709,Canned,78.067,OUT035,2004,Small,Tier 2,Supermarket Type1,2220.443,73.067
FDC40,16,Regular,0.065051586,Dairy,76.1986,OUT035,2004,Small,Tier 2,Supermarket Type1,1090.5804,71.1986
FDT11,5.94,Regular,0.029538509,Breads,189.4556,OUT017,2007,,Tier 2,Supermarket Type1,1877.556,184.4556
FDT59,13.65,Low Fat,0.015976249,Breads,230.2668,OUT018,2009,Medium,Tier 3,Supermarket Type2,2994.7684,225.2668
NCU54,8.88,Low Fat,0.098622378,Household,208.427,OUT046,1997,Small,Tier 1,Supermarket Type1,5452.902,203.427
FDG34,11.5,Regular,0.062885197,Snack Foods,106.7254,OUT010,1998,,Tier 3,Grocery Store,542.627,101.7254
FDQ36,7.855,Regular,0.162461219,Baking Goods,39.2848,OUT017,2007,,Tier 2,Supermarket Type1,857.5504,34.2848
DRZ11,8.85,Regular,0.112840108,Soft Drinks,122.0388,OUT049,1999,Medium,Tier 1,Supermarket Type1,1238.388,117.0388
DRH23,,Low Fat,0.298205272,Hard Drinks,55.7614,OUT019,1985,Small,Tier 1,Grocery Store,110.5228,50.7614
FDT55,13.6,Regular,0.043902087,Fruits and Vegetables,157.0946,OUT017,2007,,Tier 2,Supermarket Type1,5522.811,152.0946
NCV53,8.27,Low Fat,0.018797945,Health and Hygiene,241.288,OUT013,1987,High,Tier 3,Supermarket Type1,5512.824,236.288
FDQ33,,Low Fat,0,Snack Foods,151.6708,OUT027,1985,Medium,Tier 3,Supermarket Type3,4815.0656,146.6708
NCJ54,9.895,Low Fat,0.060017128,Household,230.8642,OUT013,1987,High,Tier 3,Supermarket Type1,4414.9198,225.8642
FDY16,,reg,0.16147714,Frozen Foods,186.2266,OUT019,1985,Small,Tier 1,Grocery Store,1106.5596,181.2266
NCN07,18.5,Low Fat,0.033944698,Others,129.9284,OUT046,1997,Small,Tier 1,Supermarket Type1,1054.6272,124.9284
FDO01,21.1,Regular,0.020803054,Breakfast,129.7994,OUT018,2009,Medium,Tier 3,Supermarket Type2,1284.994,124.7994
FDP32,6.65,Low Fat,0.08816538,Fruits and Vegetables,126.8678,OUT017,2007,,Tier 2,Supermarket Type1,1780.3492,121.8678
NCN07,18.5,Low Fat,0.034082974,Others,130.9284,OUT018,2009,Medium,Tier 3,Supermarket Type2,1977.426,125.9284
DRN47,,Low Fat,0.016745264,Hard Drinks,180.766,OUT027,1985,Medium,Tier 3,Supermarket Type3,3056.022,175.766
NCM18,13,LF,0.083009876,Household,61.1194,OUT045,2002,,Tier 2,Supermarket Type1,2352.9372,56.1194
FDD40,,Regular,0.014721719,Dairy,193.6162,OUT027,1985,Medium,Tier 3,Supermarket Type3,5195.2374,188.6162
FDW47,15,Low Fat,0.046375227,Breads,122.8414,OUT046,1997,Small,Tier 1,Supermarket Type1,731.0484,117.8414
FDI45,13.1,Low Fat,0.037639672,Fruits and Vegetables,175.6054,OUT049,1999,Medium,Tier 1,Supermarket Type1,1050.6324,170.6054
FDJ46,11.1,Low Fat,0.04500603,Snack Foods,174.0054,OUT018,2009,Medium,Tier 3,Supermarket Type2,2101.2648,169.0054
FDD38,16.75,Regular,0.013711274,Canned,100.2674,OUT010,1998,,Tier 3,Grocery Store,203.7348,95.2674
FDS37,7.655,Low Fat,0.032009653,Canned,117.2492,OUT045,2002,,Tier 2,Supermarket Type1,2432.8332,112.2492
FDY60,10.5,Regular,0.026424424,Baking Goods,145.2128,OUT045,2002,,Tier 2,Supermarket Type1,3739.1328,140.2128
FDP13,8.1,Regular,0.134870732,Canned,41.948,OUT018,2009,Medium,Tier 3,Supermarket Type2,199.74,36.948
FDM28,15.7,Low Fat,0.045295529,Frozen Foods,181.366,OUT045,2002,,Tier 2,Supermarket Type1,1977.426,176.366
FDY33,14.5,Regular,0.097750937,Snack Foods,159.7262,OUT017,2007,,Tier 2,Supermarket Type1,5728.5432,154.7262
NCM54,17.7,Low Fat,0.05089667,Household,125.5678,OUT013,1987,High,Tier 3,Supermarket Type1,1398.8458,120.5678
FDK04,7.36,Low Fat,0.052312034,Frozen Foods,58.5588,OUT046,1997,Small,Tier 1,Supermarket Type1,801.6232,53.5588
NCI42,18.75,Low Fat,0.010363586,Household,207.1954,OUT035,2004,Small,Tier 2,Supermarket Type1,1667.1632,202.1954
FDF45,18.2,Regular,0.012254429,Fruits and Vegetables,59.9904,OUT018,2009,Medium,Tier 3,Supermarket Type2,644.4944,54.9904
FDN56,5.46,Regular,0.107223632,Fruits and Vegetables,144.8786,OUT049,1999,Medium,Tier 1,Supermarket Type1,3323.0078,139.8786
FDR56,15.5,Regular,0.101335811,Fruits and Vegetables,196.5768,OUT017,2007,,Tier 2,Supermarket Type1,3350.3056,191.5768
FDX40,12.85,Low Fat,0.098993139,Frozen Foods,39.3164,OUT046,1997,Small,Tier 1,Supermarket Type1,540.6296,34.3164
FDB34,15.25,Low Fat,0.026760329,Snack Foods,86.0198,OUT017,2007,,Tier 2,Supermarket Type1,2006.0554,81.0198
FDY47,8.6,Regular,0.054594957,Breads,130.531,OUT045,2002,,Tier 2,Supermarket Type1,1298.31,125.531
DRB01,7.39,Low Fat,0.082170947,Soft Drinks,190.953,OUT013,1987,High,Tier 3,Supermarket Type1,2466.789,185.953
FDR51,9.035,Regular,0.173821519,Meat,151.4708,OUT045,2002,,Tier 2,Supermarket Type1,2407.5328,146.4708
FDR48,11.65,LF,0.131708682,Baking Goods,152.3024,OUT049,1999,Medium,Tier 1,Supermarket Type1,1518.024,147.3024
FDZ25,15.7,Regular,0.027594064,Canned,171.179,OUT013,1987,High,Tier 3,Supermarket Type1,1867.569,166.179
FDJ04,18,Low Fat,0.12470444,Frozen Foods,120.3124,OUT045,2002,,Tier 2,Supermarket Type1,2725.7852,115.3124
NCG07,,Low Fat,0.052247806,Household,190.853,OUT027,1985,Medium,Tier 3,Supermarket Type3,4554.072,185.853
FDB52,17.75,Low Fat,0.030559583,Dairy,257.4672,OUT018,2009,Medium,Tier 3,Supermarket Type2,3835.008,252.4672
FDH14,17.1,Regular,0.046903482,Canned,142.0838,OUT045,2002,,Tier 2,Supermarket Type1,2528.7084,137.0838
NCY17,18.2,Low Fat,0.163096139,Health and Hygiene,43.0086,OUT046,1997,Small,Tier 1,Supermarket Type1,758.3462,38.0086
FDX31,20.35,Regular,0,Fruits and Vegetables,234.4958,OUT045,2002,,Tier 2,Supermarket Type1,1402.1748,229.4958
FDN12,15.6,Low Fat,0.081103929,Baking Goods,112.3544,OUT046,1997,Small,Tier 1,Supermarket Type1,1006.6896,107.3544
FDG56,13.3,reg,0.071743629,Fruits and Vegetables,59.7536,OUT018,2009,Medium,Tier 3,Supermarket Type2,918.804,54.7536
FDP23,6.71,Low Fat,0.035731825,Breads,218.3166,OUT018,2009,Medium,Tier 3,Supermarket Type2,5660.6316,213.3166
FDC47,15,Low Fat,0.119131749,Snack Foods,226.9694,OUT045,2002,,Tier 2,Supermarket Type1,6851.082,221.9694
FDW25,,Low Fat,0.037217847,Canned,86.8224,OUT027,1985,Medium,Tier 3,Supermarket Type3,1448.7808,81.8224
NCR42,9.105,Low Fat,0.038559926,Household,33.89,OUT045,2002,,Tier 2,Supermarket Type1,99.87,28.89
DRO59,11.8,Low Fat,0.054238448,Hard Drinks,75.4012,OUT049,1999,Medium,Tier 1,Supermarket Type1,986.7156,70.4012
FDT60,12,Low Fat,0.075856062,Baking Goods,124.5388,OUT018,2009,Medium,Tier 3,Supermarket Type2,1733.7432,119.5388
FDE32,20.7,Low Fat,0.048957533,Fruits and Vegetables,37.8506,OUT018,2009,Medium,Tier 3,Supermarket Type2,265.6542,32.8506
FDF21,10.3,Regular,0.059160135,Fruits and Vegetables,191.553,OUT017,2007,,Tier 2,Supermarket Type1,6641.355,186.553
FDX04,19.6,Regular,0.041536962,Frozen Foods,46.0376,OUT013,1987,High,Tier 3,Supermarket Type1,527.3136,41.0376
FDC22,6.89,Regular,0,Snack Foods,193.482,OUT049,1999,Medium,Tier 1,Supermarket Type1,2510.066,188.482
FDD39,16.7,Low Fat,0.070297175,Dairy,216.385,OUT045,2002,,Tier 2,Supermarket Type1,3678.545,211.385
DRC36,13,Regular,0.044984874,Soft Drinks,175.0054,OUT046,1997,Small,Tier 1,Supermarket Type1,1926.1594,170.0054
DRE01,10.1,Low Fat,0.167155198,Soft Drinks,241.7512,OUT046,1997,Small,Tier 1,Supermarket Type1,5331.7264,236.7512
FDP37,15.6,Low Fat,0.142986863,Breakfast,130.3994,OUT013,1987,High,Tier 3,Supermarket Type1,2826.9868,125.3994
DRI01,7.97,Low Fat,0,Soft Drinks,173.7422,OUT045,2002,,Tier 2,Supermarket Type1,2759.0752,168.7422
NCE19,,Low Fat,0.162856593,Household,54.5956,OUT019,1985,Small,Tier 1,Grocery Store,218.3824,49.5956
NCS30,5.945,Low Fat,0,Household,128.9652,OUT017,2007,,Tier 2,Supermarket Type1,1808.3128,123.9652
FDX31,20.35,Regular,0.014885998,Fruits and Vegetables,234.4958,OUT018,2009,Medium,Tier 3,Supermarket Type2,3271.7412,229.4958
FDH47,13.5,Regular,0.128816212,Starchy Foods,96.4068,OUT046,1997,Small,Tier 1,Supermarket Type1,2527.3768,91.4068
FDY11,6.71,reg,0.029680868,Baking Goods,65.0142,OUT018,2009,Medium,Tier 3,Supermarket Type2,856.8846,60.0142
FDU23,12.15,Low Fat,0.036360676,Breads,166.0184,OUT010,1998,,Tier 3,Grocery Store,330.2368,161.0184
FDO19,17.7,Regular,0.016582833,Fruits and Vegetables,50.5034,OUT013,1987,High,Tier 3,Supermarket Type1,1458.102,45.5034
FDP08,20.5,Regular,0.112316501,Fruits and Vegetables,193.9478,OUT013,1987,High,Tier 3,Supermarket Type1,4456.1994,188.9478
FDX19,19.1,Low Fat,0.096653315,Fruits and Vegetables,235.1958,OUT013,1987,High,Tier 3,Supermarket Type1,4673.916,230.1958
FDJ28,12.3,Low Fat,0.021984639,Frozen Foods,191.2162,OUT017,2007,,Tier 2,Supermarket Type1,1924.162,186.2162
FDE29,8.905,Low Fat,0.143351652,Frozen Foods,62.0878,OUT049,1999,Medium,Tier 1,Supermarket Type1,302.939,57.0878
FDC14,14.5,Regular,0.041482394,Canned,40.0454,OUT017,2007,,Tier 2,Supermarket Type1,209.727,35.0454
FDV44,8.365,Regular,0.040069806,Fruits and Vegetables,190.7188,OUT017,2007,,Tier 2,Supermarket Type1,1904.188,185.7188
NCF43,8.51,Low Fat,0.052239735,Household,141.947,OUT017,2007,,Tier 2,Supermarket Type1,2004.058,136.947
NCY42,6.38,Low Fat,0.015149955,Household,144.047,OUT013,1987,High,Tier 3,Supermarket Type1,3149.234,139.047
NCZ06,,Low Fat,0.09370568,Household,253.8698,OUT027,1985,Medium,Tier 3,Supermarket Type3,3297.7074,248.8698
FDB29,16.7,Regular,0.052401766,Frozen Foods,115.1176,OUT035,2004,Small,Tier 2,Supermarket Type1,1488.7288,110.1176
FDL28,10,Regular,0.063121982,Frozen Foods,231.7668,OUT013,1987,High,Tier 3,Supermarket Type1,460.7336,226.7668
FDF57,14.5,Regular,0.058946687,Fruits and Vegetables,168.6448,OUT045,2002,,Tier 2,Supermarket Type1,2897.5616,163.6448
FDE44,14.65,Low Fat,0.171245426,Fruits and Vegetables,50.3692,OUT013,1987,High,Tier 3,Supermarket Type1,591.2304,45.3692
FDU33,,Regular,0.134057426,Snack Foods,45.3402,OUT027,1985,Medium,Tier 3,Supermarket Type3,918.804,40.3402
FDA08,11.85,Regular,0.050368454,Fruits and Vegetables,163.8526,OUT017,2007,,Tier 2,Supermarket Type1,1808.9786,158.8526
NCC06,19,Low Fat,0.026986367,Household,127.1336,OUT046,1997,Small,Tier 1,Supermarket Type1,2812.3392,122.1336
FDO32,6.36,Low Fat,0.120543611,Fruits and Vegetables,45.806,OUT046,1997,Small,Tier 1,Supermarket Type1,1165.15,40.806
FDU39,18.85,LF,0.036037952,Meat,58.4562,OUT046,1997,Small,Tier 1,Supermarket Type1,711.0744,53.4562
NCK18,9.6,Low Fat,0.006725388,Household,165.9184,OUT018,2009,Medium,Tier 3,Supermarket Type2,2972.1312,160.9184
FDI26,5.94,Low Fat,0.034940979,Canned,177.3344,OUT049,1999,Medium,Tier 1,Supermarket Type1,1605.9096,172.3344
DRE37,13.5,Low Fat,0.094219593,Soft Drinks,189.9872,OUT046,1997,Small,Tier 1,Supermarket Type1,1323.6104,184.9872
NCN26,10.85,LF,0.048004263,Household,117.5808,OUT010,1998,,Tier 3,Grocery Store,351.5424,112.5808
FDS16,15.15,Regular,0.066164431,Frozen Foods,147.376,OUT035,2004,Small,Tier 2,Supermarket Type1,2197.14,142.376
FDE40,15.6,Regular,0,Dairy,62.4194,OUT018,2009,Medium,Tier 3,Supermarket Type2,804.9522,57.4194
FDP03,5.15,Regular,0,Meat,122.9388,OUT017,2007,,Tier 2,Supermarket Type1,2105.2596,117.9388
FDA27,20.35,Regular,0.030975716,Dairy,253.9672,OUT049,1999,Medium,Tier 1,Supermarket Type1,3068.0064,248.9672
FDJ12,8.895,Regular,0.039101813,Baking Goods,208.8296,OUT049,1999,Medium,Tier 1,Supermarket Type1,5400.9696,203.8296
FDT03,21.25,Low Fat,0.010039493,Meat,181.7608,OUT018,2009,Medium,Tier 3,Supermarket Type2,1102.5648,176.7608
FDF50,4.905,Low Fat,0.117308165,Canned,195.7768,OUT035,2004,Small,Tier 2,Supermarket Type1,2956.152,190.7768
FDC51,10.895,Regular,0.009641375,Dairy,124.173,OUT045,2002,,Tier 2,Supermarket Type1,1601.249,119.173
NCL55,,Low Fat,0.113212516,Others,254.604,OUT019,1985,Small,Tier 1,Grocery Store,759.012,249.604
FDZ23,17.75,Regular,0.067490036,Baking Goods,185.224,OUT035,2004,Small,Tier 2,Supermarket Type1,6338.416,180.224
FDW24,6.8,Low Fat,0.037573095,Baking Goods,50.2034,OUT045,2002,,Tier 2,Supermarket Type1,1166.4816,45.2034
FDH21,10.395,Low Fat,0.031219108,Seafood,156.9604,OUT035,2004,Small,Tier 2,Supermarket Type1,4595.3516,151.9604
NCQ41,14.8,Low Fat,0.032606181,Health and Hygiene,193.5794,OUT010,1998,,Tier 3,Grocery Store,390.1588,188.5794
FDH48,13.5,Low Fat,0,Baking Goods,84.554,OUT018,2009,Medium,Tier 3,Supermarket Type2,778.986,79.554
FDX11,16,Regular,0.106731895,Baking Goods,183.6634,OUT035,2004,Small,Tier 2,Supermarket Type1,2544.6876,178.6634
FDK33,17.85,Low Fat,0.0112259,Snack Foods,211.956,OUT013,1987,High,Tier 3,Supermarket Type1,4474.176,206.956
FDV36,18.7,Low Fat,0.026355345,Baking Goods,127.102,OUT045,2002,,Tier 2,Supermarket Type1,3289.052,122.102
NCW41,18,Low Fat,0.01548171,Health and Hygiene,159.3604,OUT045,2002,,Tier 2,Supermarket Type1,2059.9852,154.3604
FDU32,,Low Fat,0.045465958,Fruits and Vegetables,120.8414,OUT019,1985,Small,Tier 1,Grocery Store,852.8898,115.8414
FDE36,5.26,Regular,0.041857101,Baking Goods,162.7868,OUT045,2002,,Tier 2,Supermarket Type1,4258.4568,157.7868
FDO27,6.175,Regular,0,Meat,94.9752,OUT045,2002,,Tier 2,Supermarket Type1,1534.0032,89.9752
FDW27,5.86,Regular,0.151159243,Meat,156.6314,OUT045,2002,,Tier 2,Supermarket Type1,3257.7594,151.6314
FDJ48,,Low Fat,0.056161529,Baking Goods,246.9118,OUT027,1985,Medium,Tier 3,Supermarket Type3,5681.2714,241.9118
FDR11,10.5,Regular,0.142419608,Breads,161.1578,OUT013,1987,High,Tier 3,Supermarket Type1,1765.0358,156.1578
FDV07,9.5,Low Fat,0.031410378,Fruits and Vegetables,110.3228,OUT018,2009,Medium,Tier 3,Supermarket Type2,2763.07,105.3228
FDO50,,Low Fat,0.077790204,Canned,93.0804,OUT027,1985,Medium,Tier 3,Supermarket Type3,2940.1728,88.0804
FDN04,11.8,Regular,0.014166739,Frozen Foods,178.2344,OUT017,2007,,Tier 2,Supermarket Type1,2854.9504,173.2344
FDZ08,12.5,Regular,0.110215444,Fruits and Vegetables,81.8592,OUT045,2002,,Tier 2,Supermarket Type1,1238.388,76.8592
FDD05,19.35,Low Fat,0.016679143,Frozen Foods,119.3098,OUT018,2009,Medium,Tier 3,Supermarket Type2,1928.1568,114.3098
FDV60,20.2,Regular,0.117339056,Baking Goods,195.011,OUT035,2004,Small,Tier 2,Supermarket Type1,2749.754,190.011
NCG30,20.2,Low Fat,0.112227747,Household,123.5046,OUT013,1987,High,Tier 3,Supermarket Type1,2739.1012,118.5046
FDX37,,Low Fat,0.062724117,Canned,100.57,OUT027,1985,Medium,Tier 3,Supermarket Type3,5093.37,95.57
FDW24,6.8,Low Fat,0.037555348,Baking Goods,49.6034,OUT049,1999,Medium,Tier 1,Supermarket Type1,972.068,44.6034
DRM48,,Low Fat,0.112349962,Soft Drinks,39.1848,OUT027,1985,Medium,Tier 3,Supermarket Type3,559.272,34.1848
FDF46,,Low Fat,0.093217569,Snack Foods,116.7834,OUT027,1985,Medium,Tier 3,Supermarket Type3,4952.8862,111.7834
NCY54,8.43,Low Fat,0.177661246,Household,170.5422,OUT035,2004,Small,Tier 2,Supermarket Type1,3621.2862,165.5422
FDS35,9.3,Low Fat,0.11184963,Breads,64.6826,OUT017,2007,,Tier 2,Supermarket Type1,774.9912,59.6826
FDB04,11.35,Regular,0.06321435,Dairy,88.3856,OUT035,2004,Small,Tier 2,Supermarket Type1,1318.284,83.3856
NCK05,20.1,LF,0.077892365,Health and Hygiene,59.3536,OUT017,2007,,Tier 2,Supermarket Type1,918.804,54.3536
FDT46,11.35,Low Fat,0.051564827,Snack Foods,49.0008,OUT010,1998,,Tier 3,Grocery Store,101.2016,44.0008
FDP52,,Regular,0.070349402,Frozen Foods,228.601,OUT027,1985,Medium,Tier 3,Supermarket Type3,7350.432,223.601
NCR17,9.8,Low Fat,0.024521239,Health and Hygiene,117.5492,OUT017,2007,,Tier 2,Supermarket Type1,1390.1904,112.5492
NCN54,20.35,Low Fat,0.021447102,Household,76.3328,OUT017,2007,,Tier 2,Supermarket Type1,1312.9576,71.3328
FDX12,18.2,Regular,0.026059557,Baking Goods,241.2196,OUT035,2004,Small,Tier 2,Supermarket Type1,6507.5292,236.2196
DRL23,18.35,Low Fat,0.015301418,Hard Drinks,105.2938,OUT035,2004,Small,Tier 2,Supermarket Type1,2036.6822,100.2938
DRN47,12.1,Low Fat,0,Hard Drinks,179.866,OUT045,2002,,Tier 2,Supermarket Type1,3595.32,174.866
FDM25,10.695,Regular,0.060615254,Breakfast,174.0712,OUT013,1987,High,Tier 3,Supermarket Type1,2460.7968,169.0712
FDF52,,Low Fat,0.066459891,Frozen Foods,184.2292,OUT027,1985,Medium,Tier 3,Supermarket Type3,4560.73,179.2292
FDU21,11.8,Regular,0.076876046,Snack Foods,33.1558,OUT045,2002,,Tier 2,Supermarket Type1,543.2928,28.1558
FDI15,13.8,Low Fat,0.14215211,Dairy,263.5884,OUT017,2007,,Tier 2,Supermarket Type1,2384.8956,258.5884
FDJ09,15,Low Fat,0.058632705,Snack Foods,46.4744,OUT018,2009,Medium,Tier 3,Supermarket Type2,543.2928,41.4744
FDW03,5.63,Regular,0.024541277,Meat,105.1306,OUT046,1997,Small,Tier 1,Supermarket Type1,3135.918,100.1306
FDA07,7.55,Regular,0.030992735,Fruits and Vegetables,124.3072,OUT049,1999,Medium,Tier 1,Supermarket Type1,2695.1584,119.3072
FDU39,18.85,Low Fat,0.036241797,Meat,57.3562,OUT017,2007,,Tier 2,Supermarket Type1,1007.3554,52.3562
FDI60,7.22,Regular,0.038398937,Baking Goods,61.951,OUT045,2002,,Tier 2,Supermarket Type1,1518.024,56.951
FDK33,17.85,Low Fat,0.011258035,Snack Foods,211.656,OUT045,2002,,Tier 2,Supermarket Type1,2556.672,206.656
FDN01,8.895,Low Fat,0.072511335,Breakfast,177.437,OUT049,1999,Medium,Tier 1,Supermarket Type1,3528.74,172.437
FDV38,19.25,Low Fat,0.101689151,Dairy,54.6956,OUT013,1987,High,Tier 3,Supermarket Type1,163.7868,49.6956
NCV06,11.3,Low Fat,0.066625843,Household,194.2478,OUT013,1987,High,Tier 3,Supermarket Type1,2712.4692,189.2478
FDQ34,10.85,Low Fat,0.162242617,Snack Foods,107.8622,OUT046,1997,Small,Tier 1,Supermarket Type1,1058.622,102.8622
DRK37,5,Low Fat,0,Soft Drinks,189.853,OUT045,2002,,Tier 2,Supermarket Type1,4933.578,184.853
NCY53,20,Low Fat,0,Health and Hygiene,110.2544,OUT013,1987,High,Tier 3,Supermarket Type1,1454.1072,105.2544
FDD53,,Low Fat,0.044008347,Frozen Foods,43.7454,OUT027,1985,Medium,Tier 3,Supermarket Type3,671.1264,38.7454
FDV49,10,Low Fat,0.025867353,Canned,264.6226,OUT049,1999,Medium,Tier 1,Supermarket Type1,4757.8068,259.6226
FDY36,,Low Fat,0.016476619,Baking Goods,74.338,OUT019,1985,Small,Tier 1,Grocery Store,146.476,69.338
FDH34,8.63,Low Fat,0.031095246,Snack Foods,185.7582,OUT046,1997,Small,Tier 1,Supermarket Type1,3529.4058,180.7582
NCD07,9.1,LF,0,Household,115.4518,OUT017,2007,,Tier 2,Supermarket Type1,2390.8878,110.4518
FDB51,6.92,Low Fat,0.038422076,Dairy,62.5852,OUT013,1987,High,Tier 3,Supermarket Type1,438.0964,57.5852
NCH42,6.86,Low Fat,0.061155983,Household,228.401,OUT010,1998,,Tier 3,Grocery Store,229.701,223.401
NCI31,20,Low Fat,0.08131178,Others,37.819,OUT035,2004,Small,Tier 2,Supermarket Type1,439.428,32.819
FDL56,14.1,Low Fat,0.125756824,Fruits and Vegetables,87.1198,OUT035,2004,Small,Tier 2,Supermarket Type1,2529.3742,82.1198
FDG29,17.6,Low Fat,0.05661033,Frozen Foods,41.7454,OUT017,2007,,Tier 2,Supermarket Type1,209.727,36.7454
FDJ45,17.75,LF,0.073709686,Seafood,35.1216,OUT018,2009,Medium,Tier 3,Supermarket Type2,415.4592,30.1216
FDJ38,8.6,Regular,0.040432954,Canned,191.653,OUT017,2007,,Tier 2,Supermarket Type1,3795.06,186.653
NCO05,7.27,Low Fat,0.046749112,Health and Hygiene,100.4384,OUT018,2009,Medium,Tier 3,Supermarket Type2,1970.768,95.4384
FDW24,6.8,Low Fat,0.062762374,Baking Goods,50.4034,OUT010,1998,,Tier 3,Grocery Store,48.6034,45.4034
FDN34,,Regular,0.045542628,Snack Foods,170.7132,OUT027,1985,Medium,Tier 3,Supermarket Type3,4904.2828,165.7132
FDH46,6.935,Regular,0.041346469,Snack Foods,103.1332,OUT049,1999,Medium,Tier 1,Supermarket Type1,820.2656,98.1332
FDW39,6.69,Regular,0.036903419,Meat,175.137,OUT035,2004,Small,Tier 2,Supermarket Type1,1235.059,170.137
DRK59,,Low Fat,0.075084457,Hard Drinks,233.9616,OUT027,1985,Medium,Tier 3,Supermarket Type3,4452.8704,228.9616
FDU25,12.35,Low Fat,0.026735372,Canned,57.4246,OUT045,2002,,Tier 2,Supermarket Type1,810.9444,52.4246
FDC44,15.6,Low Fat,0.172453254,Fruits and Vegetables,115.1518,OUT013,1987,High,Tier 3,Supermarket Type1,683.1108,110.1518
FDG17,,Regular,0.035666655,Frozen Foods,246.2486,OUT027,1985,Medium,Tier 3,Supermarket Type3,8063.5038,241.2486
FDI45,13.1,Low Fat,0.037581243,Fruits and Vegetables,175.5054,OUT046,1997,Small,Tier 1,Supermarket Type1,2451.4756,170.5054
FDK08,9.195,Regular,0.122202946,Fruits and Vegetables,100.1016,OUT013,1987,High,Tier 3,Supermarket Type1,1619.2256,95.1016
FDW36,11.15,Low Fat,0.056921876,Baking Goods,107.1622,OUT035,2004,Small,Tier 2,Supermarket Type1,423.4488,102.1622
FDL39,16.1,Regular,0.063319379,Dairy,180.9318,OUT035,2004,Small,Tier 2,Supermarket Type1,1984.7498,175.9318
FDS13,6.465,Low Fat,0.124402507,Canned,266.1884,OUT013,1987,High,Tier 3,Supermarket Type1,5299.768,261.1884
FDO57,20.75,Low Fat,0.108879177,Snack Foods,161.5578,OUT049,1999,Medium,Tier 1,Supermarket Type1,320.9156,156.5578
FDS37,7.655,Low Fat,0.032125561,Canned,115.7492,OUT017,2007,,Tier 2,Supermarket Type1,2548.6824,110.7492
FDV26,20.25,Regular,0.076097073,Dairy,193.5794,OUT013,1987,High,Tier 3,Supermarket Type1,1950.794,188.5794
FDJ22,18.75,low fat,0.052766297,Snack Foods,189.7504,OUT013,1987,High,Tier 3,Supermarket Type1,2492.7552,184.7504
FDC16,11.5,Regular,0.020601791,Dairy,86.054,OUT049,1999,Medium,Tier 1,Supermarket Type1,1038.648,81.054
NCH42,,Low Fat,0.036360386,Household,231.601,OUT027,1985,Medium,Tier 3,Supermarket Type3,7580.133,226.601
FDD46,,Low Fat,0.140571971,Snack Foods,154.7998,OUT027,1985,Medium,Tier 3,Supermarket Type3,3383.5956,149.7998
FDT25,7.5,Low Fat,0.05074138,Canned,123.2072,OUT035,2004,Small,Tier 2,Supermarket Type1,1837.608,118.2072
FDR34,17,Regular,0.015997687,Snack Foods,229.1352,OUT045,2002,,Tier 2,Supermarket Type1,4580.704,224.1352
FDQ10,,Low Fat,0.033018559,Snack Foods,170.4422,OUT027,1985,Medium,Tier 3,Supermarket Type3,5000.8238,165.4422
DRI03,6.03,Low Fat,0.022703693,Dairy,177.9028,OUT046,1997,Small,Tier 1,Supermarket Type1,4781.7756,172.9028
FDB58,,Regular,0.013431109,Snack Foods,143.7154,OUT027,1985,Medium,Tier 3,Supermarket Type3,4821.7236,138.7154
FDQ03,15,Regular,0,Meat,235.6248,OUT049,1999,Medium,Tier 1,Supermarket Type1,1896.1984,230.6248
DRD27,18.75,Low Fat,0.023876985,Dairy,97.4042,OUT049,1999,Medium,Tier 1,Supermarket Type1,2281.6966,92.4042
FDK33,17.85,Low Fat,0.011281018,Snack Foods,213.756,OUT018,2009,Medium,Tier 3,Supermarket Type2,3408.896,208.756
DRL23,18.35,Low Fat,0.015328106,Hard Drinks,107.5938,OUT049,1999,Medium,Tier 1,Supermarket Type1,1822.2946,102.5938
FDW32,18.35,Regular,0.094488071,Fruits and Vegetables,87.1882,OUT045,2002,,Tier 2,Supermarket Type1,515.3292,82.1882
NCL05,19.6,Low Fat,0.047897663,Health and Hygiene,44.677,OUT046,1997,Small,Tier 1,Supermarket Type1,173.108,39.677
DRB01,,Low Fat,0.081841136,Soft Drinks,190.053,OUT027,1985,Medium,Tier 3,Supermarket Type3,569.259,185.053
NCL06,14.65,Low Fat,0.072212787,Household,260.9594,OUT045,2002,,Tier 2,Supermarket Type1,2878.2534,255.9594
FDH10,21,Low Fat,0.049505857,Snack Foods,195.3478,OUT018,2009,Medium,Tier 3,Supermarket Type2,1162.4868,190.3478
NCO14,9.6,Low Fat,0.02981155,Household,45.2086,OUT017,2007,,Tier 2,Supermarket Type1,669.129,40.2086
FDV03,17.6,Low Fat,0.058181585,Meat,154.4314,OUT049,1999,Medium,Tier 1,Supermarket Type1,2326.971,149.4314
FDW52,14,Regular,0.037734782,Frozen Foods,166.4526,OUT017,2007,,Tier 2,Supermarket Type1,4769.1254,161.4526
NCZ30,6.59,Low Fat,0,Household,119.1098,OUT017,2007,,Tier 2,Supermarket Type1,964.0784,114.1098
FDY35,17.6,Regular,0.026827052,Breads,47.8402,OUT010,1998,,Tier 3,Grocery Store,91.8804,42.8402
FDN31,11.5,Low Fat,0.072881535,Fruits and Vegetables,191.353,OUT046,1997,Small,Tier 1,Supermarket Type1,2277.036,186.353
FDX31,20.35,Regular,0.014822802,Fruits and Vegetables,234.0958,OUT035,2004,Small,Tier 2,Supermarket Type1,2570.6538,229.0958
NCJ05,18.7,Low Fat,0.046159928,Health and Hygiene,152.3682,OUT049,1999,Medium,Tier 1,Supermarket Type1,1677.1502,147.3682
FDN56,5.46,Regular,0.107662745,Fruits and Vegetables,143.8786,OUT017,2007,,Tier 2,Supermarket Type1,4334.358,138.8786
FDZ04,9.31,Low Fat,0.038014104,Frozen Foods,62.351,OUT049,1999,Medium,Tier 1,Supermarket Type1,822.263,57.351
FDJ44,12.3,Regular,0.106307146,Fruits and Vegetables,174.9396,OUT035,2004,Small,Tier 2,Supermarket Type1,1569.9564,169.9396
FDI08,18.2,Regular,0.066672058,Fruits and Vegetables,248.1092,OUT017,2007,,Tier 2,Supermarket Type1,4233.1564,243.1092
FDB59,18.25,Low Fat,0.015341139,Snack Foods,200.0084,OUT018,2009,Medium,Tier 3,Supermarket Type2,1984.084,195.0084
FDY15,18.25,Regular,0.171174491,Dairy,156.463,OUT045,2002,,Tier 2,Supermarket Type1,938.778,151.463
NCZ18,,Low Fat,0.325780807,Household,252.7698,OUT019,1985,Small,Tier 1,Grocery Store,761.0094,247.7698
DRO47,10.195,Low Fat,0.112859454,Hard Drinks,114.486,OUT017,2007,,Tier 2,Supermarket Type1,2490.092,109.486
FDW21,5.34,Regular,0.005962753,Snack Foods,102.4358,OUT035,2004,Small,Tier 2,Supermarket Type1,2010.716,97.4358
FDZ14,,Regular,0.047358246,Dairy,123.1756,OUT027,1985,Medium,Tier 3,Supermarket Type3,3998.7948,118.1756
FDM09,11.15,Regular,0.086105815,Snack Foods,167.879,OUT045,2002,,Tier 2,Supermarket Type1,2886.243,162.879
FDK43,9.8,Low Fat,0.026882496,Meat,126.302,OUT049,1999,Medium,Tier 1,Supermarket Type1,3036.048,121.302
FDE45,12.1,Low Fat,0.040521714,Fruits and Vegetables,178.5002,OUT018,2009,Medium,Tier 3,Supermarket Type2,5552.1062,173.5002
FDR35,,Low Fat,0.020597493,Breads,200.0742,OUT027,1985,Medium,Tier 3,Supermarket Type3,8958.339,195.0742
FDT58,,Low Fat,0.085538477,Snack Foods,169.2816,OUT027,1985,Medium,Tier 3,Supermarket Type3,3523.4136,164.2816
FDS57,15.5,Low Fat,0,Snack Foods,141.547,OUT017,2007,,Tier 2,Supermarket Type1,3006.087,136.547
FDF10,15.5,Regular,0,Snack Foods,147.2418,OUT018,2009,Medium,Tier 3,Supermarket Type2,1324.2762,142.2418
FDP03,5.15,Regular,0.10239789,Meat,122.1388,OUT010,1998,,Tier 3,Grocery Store,495.3552,117.1388
FDT04,17.25,Low Fat,0,Frozen Foods,37.5822,OUT010,1998,,Tier 3,Grocery Store,196.411,32.5822
NCW53,18.35,Low Fat,0.0304697,Health and Hygiene,191.3162,OUT013,1987,High,Tier 3,Supermarket Type1,1346.9134,186.3162
FDA39,6.32,Low Fat,0.021287234,Meat,38.5822,OUT010,1998,,Tier 3,Grocery Store,78.5644,33.5822
NCH29,5.51,Low Fat,0.034467286,Health and Hygiene,96.7726,OUT035,2004,Small,Tier 2,Supermarket Type1,2642.5602,91.7726
FDU02,13.35,Low Fat,0.1027194,Dairy,228.8352,OUT045,2002,,Tier 2,Supermarket Type1,5267.8096,223.8352
FDN13,,Low Fat,0.266234421,Breakfast,98.5358,OUT019,1985,Small,Tier 1,Grocery Store,402.1432,93.5358
FDX56,,Regular,0.129668578,Fruits and Vegetables,206.8638,OUT019,1985,Small,Tier 1,Grocery Store,207.0638,201.8638
FDT11,,Regular,0.02923013,Breads,189.4556,OUT027,1985,Medium,Tier 3,Supermarket Type3,3567.3564,184.4556
NCC18,,Low Fat,0.176411579,Household,173.2422,OUT027,1985,Medium,Tier 3,Supermarket Type3,2069.3064,168.2422
FDA32,14,Low Fat,0.050371508,Fruits and Vegetables,214.7192,OUT010,1998,,Tier 3,Grocery Store,862.8768,209.7192
FDU39,18.85,Low Fat,0.036184755,Meat,58.5562,OUT018,2009,Medium,Tier 3,Supermarket Type2,770.3306,53.5562
FDV27,,Regular,0.070017381,Meat,89.3514,OUT019,1985,Small,Tier 1,Grocery Store,177.1028,84.3514
NCW53,18.35,Low Fat,0.030556922,Health and Hygiene,190.6162,OUT045,2002,,Tier 2,Supermarket Type1,3271.0754,185.6162
NCZ42,10.5,Low Fat,0.011278535,Household,237.0248,OUT013,1987,High,Tier 3,Supermarket Type1,5451.5704,232.0248
FDO46,9.6,Regular,0,Snack Foods,191.0872,OUT017,2007,,Tier 2,Supermarket Type1,4349.0056,186.0872
FDQ57,,Low Fat,0.027812304,Snack Foods,147.476,OUT027,1985,Medium,Tier 3,Supermarket Type3,3368.948,142.476
FDZ36,6.035,Regular,0.066051758,Baking Goods,187.724,OUT018,2009,Medium,Tier 3,Supermarket Type2,2050.664,182.724
FDK38,6.65,Low Fat,0.053506996,Canned,150.0734,OUT018,2009,Medium,Tier 3,Supermarket Type2,3563.3616,145.0734
FDU51,,Regular,0.096046304,Meat,178.7028,OUT027,1985,Medium,Tier 3,Supermarket Type3,4604.6728,173.7028
FDS14,7.285,Low Fat,0.049922304,Dairy,156.9288,OUT013,1987,High,Tier 3,Supermarket Type1,1571.288,151.9288
FDQ40,11.1,Regular,0.036083537,Frozen Foods,175.4712,OUT049,1999,Medium,Tier 1,Supermarket Type1,2988.1104,170.4712
FDE20,11.35,Regular,0.005539114,Fruits and Vegetables,167.879,OUT049,1999,Medium,Tier 1,Supermarket Type1,4074.696,162.879
FDH58,12.3,Low Fat,0.036939673,Snack Foods,113.1834,OUT046,1997,Small,Tier 1,Supermarket Type1,3109.9518,108.1834
NCK53,11.6,Low Fat,0.037793818,Health and Hygiene,99.3042,OUT017,2007,,Tier 2,Supermarket Type1,2281.6966,94.3042
FDJ44,12.3,Regular,0.106928681,Fruits and Vegetables,173.7396,OUT017,2007,,Tier 2,Supermarket Type1,3663.2316,168.7396
FDN22,18.85,Regular,0.138585859,Snack Foods,252.4724,OUT045,2002,,Tier 2,Supermarket Type1,3271.7412,247.4724
FDH56,9.8,Regular,0.06407717,Fruits and Vegetables,116.7492,OUT018,2009,Medium,Tier 3,Supermarket Type2,1621.8888,111.7492
FDK48,7.445,Low Fat,0.037708542,Baking Goods,74.7354,OUT045,2002,,Tier 2,Supermarket Type1,1128.531,69.7354
FDQ40,11.1,Regular,0.036020711,Frozen Foods,177.2712,OUT035,2004,Small,Tier 2,Supermarket Type1,2109.2544,172.2712
FDH10,21,Low Fat,0.049295686,Snack Foods,194.4478,OUT035,2004,Small,Tier 2,Supermarket Type1,968.739,189.4478
FDM21,20.2,Low Fat,0.06449461,Snack Foods,259.2646,OUT045,2002,,Tier 2,Supermarket Type1,3091.9752,254.2646
FDX12,18.2,Regular,0.026117345,Baking Goods,239.2196,OUT045,2002,,Tier 2,Supermarket Type1,3133.2548,234.2196
FDM51,11.8,Regular,0.025904648,Meat,102.4674,OUT013,1987,High,Tier 3,Supermarket Type1,2037.348,97.4674
FDG09,20.6,Regular,0.080235512,Fruits and Vegetables,188.9556,OUT010,1998,,Tier 3,Grocery Store,563.2668,183.9556
DRD37,9.8,Low Fat,0.013830218,Soft Drinks,45.306,OUT013,1987,High,Tier 3,Supermarket Type1,1304.968,40.306
FDN21,18.6,Low Fat,0.076855628,Snack Foods,161.0236,OUT046,1997,Small,Tier 1,Supermarket Type1,483.3708,156.0236
NCQ06,13,Low Fat,0.041824524,Household,256.7014,OUT046,1997,Small,Tier 1,Supermarket Type1,2805.0154,251.7014
FDV52,20.7,Regular,0.12152072,Frozen Foods,118.0466,OUT046,1997,Small,Tier 1,Supermarket Type1,1060.6194,113.0466
FDC10,9.8,Regular,0.073289899,Snack Foods,120.8098,OUT017,2007,,Tier 2,Supermarket Type1,1325.6078,115.8098
FDX51,9.5,Regular,0.022054553,Meat,195.4452,OUT035,2004,Small,Tier 2,Supermarket Type1,4502.1396,190.4452
NCD54,21.1,low fat,0.029054046,Household,144.6786,OUT049,1999,Medium,Tier 1,Supermarket Type1,2889.572,139.6786
NCK18,,Low Fat,0.006665667,Household,164.1184,OUT027,1985,Medium,Tier 3,Supermarket Type3,3797.7232,159.1184
FDZ01,8.975,Regular,0.009057132,Canned,104.099,OUT035,2004,Small,Tier 2,Supermarket Type1,2476.776,99.099
FDT48,4.92,Low Fat,0.045955031,Baking Goods,199.1084,OUT046,1997,Small,Tier 1,Supermarket Type1,2182.4924,194.1084
FDB40,17.5,Regular,0.007551607,Dairy,145.8102,OUT049,1999,Medium,Tier 1,Supermarket Type1,1895.5326,140.8102
NCC07,,Low Fat,0.023835164,Household,103.3964,OUT027,1985,Medium,Tier 3,Supermarket Type3,3050.6956,98.3964
FDT52,9.695,Regular,0.047503318,Frozen Foods,244.6144,OUT049,1999,Medium,Tier 1,Supermarket Type1,3185.1872,239.6144
FDK09,,Low Fat,0.160665697,Snack Foods,227.5352,OUT019,1985,Small,Tier 1,Grocery Store,916.1408,222.5352
NCQ30,7.725,LF,0.048661041,Household,123.7414,OUT010,1998,,Tier 3,Grocery Store,121.8414,118.7414
FDZ60,,Low Fat,0.208987123,Baking Goods,106.0596,OUT019,1985,Small,Tier 1,Grocery Store,215.7192,101.0596
NCK18,9.6,Low Fat,0.006692529,Household,164.9184,OUT013,1987,High,Tier 3,Supermarket Type1,2972.1312,159.9184
FDV11,9.1,Regular,0.136695145,Breads,173.4054,OUT010,1998,,Tier 3,Grocery Store,875.527,168.4054
FDR25,17,Regular,0.140311123,Canned,265.6884,OUT017,2007,,Tier 2,Supermarket Type1,2649.884,260.6884
FDB26,14,Regular,0.031330907,Canned,52.364,OUT045,2002,,Tier 2,Supermarket Type1,745.696,47.364
DRD01,12.1,Regular,0.061521569,Soft Drinks,55.8614,OUT017,2007,,Tier 2,Supermarket Type1,1436.7964,50.8614
FDG32,19.85,LF,0.176991029,Fruits and Vegetables,221.5772,OUT017,2007,,Tier 2,Supermarket Type1,3558.0352,216.5772
FDY49,17.2,Regular,0.0120098,Canned,163.1184,OUT035,2004,Small,Tier 2,Supermarket Type1,2807.0128,158.1184
FDD26,8.71,Regular,0.072141818,Canned,183.3924,OUT035,2004,Small,Tier 2,Supermarket Type1,2776.386,178.3924
FDC22,6.89,Regular,0.136984147,Snack Foods,192.682,OUT018,2009,Medium,Tier 3,Supermarket Type2,2703.148,187.682
DRD27,18.75,Low Fat,0,Dairy,97.9042,OUT045,2002,,Tier 2,Supermarket Type1,1686.4714,92.9042
FDA44,,Low Fat,0.052964982,Fruits and Vegetables,57.793,OUT027,1985,Medium,Tier 3,Supermarket Type3,1754.383,52.793
FDW01,14.5,LF,0,Canned,154.4682,OUT013,1987,High,Tier 3,Supermarket Type1,1524.682,149.4682
FDV32,,Low Fat,0.155316936,Fruits and Vegetables,64.151,OUT019,1985,Small,Tier 1,Grocery Store,316.255,59.151
FDK32,,Regular,0.048738407,Fruits and Vegetables,152.8682,OUT027,1985,Medium,Tier 3,Supermarket Type3,5031.4506,147.8682
NCA05,20.75,Low Fat,0,Health and Hygiene,149.4734,OUT013,1987,High,Tier 3,Supermarket Type1,2969.468,144.4734
FDR10,17.6,Low Fat,0.010031539,Snack Foods,161.5552,OUT013,1987,High,Tier 3,Supermarket Type1,1787.0072,156.5552
FDL22,16.85,Low Fat,0.036383293,Snack Foods,91.0488,OUT035,2004,Small,Tier 2,Supermarket Type1,1086.5856,86.0488
FDD10,20.6,Regular,0,Snack Foods,178.1344,OUT035,2004,Small,Tier 2,Supermarket Type1,3568.688,173.1344
FDW25,5.175,LF,0.03736783,Canned,86.9224,OUT013,1987,High,Tier 3,Supermarket Type1,255.6672,81.9224
FDR47,17.85,Low Fat,0.087604647,Breads,196.9794,OUT049,1999,Medium,Tier 1,Supermarket Type1,1560.6352,191.9794
DRF27,8.93,Low Fat,0.028461453,Dairy,152.234,OUT049,1999,Medium,Tier 1,Supermarket Type1,5053.422,147.234
FDQ48,,Regular,0.034244601,Baking Goods,97.2726,OUT027,1985,Medium,Tier 3,Supermarket Type3,1957.452,92.2726
FDS37,7.655,Low Fat,0.031938828,Canned,114.1492,OUT035,2004,Small,Tier 2,Supermarket Type1,1158.492,109.1492
NCI18,18.35,LF,0.014024028,Household,224.5746,OUT046,1997,Small,Tier 1,Supermarket Type1,2692.4952,219.5746
NCJ42,,Low Fat,0.014232071,Household,100.9332,OUT027,1985,Medium,Tier 3,Supermarket Type3,1743.0644,95.9332
FDY48,14,Low Fat,0.023730384,Baking Goods,104.3332,OUT035,2004,Small,Tier 2,Supermarket Type1,1435.4648,99.3332
FDB39,11.6,Low Fat,0.038578846,Dairy,56.1272,OUT049,1999,Medium,Tier 1,Supermarket Type1,671.1264,51.1272
DRI37,15.85,Low Fat,0.108036187,Soft Drinks,57.3904,OUT018,2009,Medium,Tier 3,Supermarket Type2,703.0848,52.3904
FDB58,10.5,Regular,0.013572808,Snack Foods,143.2154,OUT017,2007,,Tier 2,Supermarket Type1,1559.9694,138.2154
FDV12,16.7,Regular,0.06082402,Baking Goods,98.7384,OUT013,1987,High,Tier 3,Supermarket Type1,1773.6912,93.7384
NCU06,17.6,Low Fat,0.074345142,Household,230.901,OUT013,1987,High,Tier 3,Supermarket Type1,4364.319,225.901
FDU34,18.25,Low Fat,0.075501241,Snack Foods,123.1046,OUT018,2009,Medium,Tier 3,Supermarket Type2,249.0092,118.1046
FDP31,21.1,Regular,0.16216286,Fruits and Vegetables,62.2168,OUT018,2009,Medium,Tier 3,Supermarket Type2,383.5008,57.2168
FDV11,9.1,Regular,0.081652352,Breads,177.0054,OUT035,2004,Small,Tier 2,Supermarket Type1,2101.2648,172.0054
NCY06,15.25,Low Fat,0.061434045,Household,130.9968,OUT018,2009,Medium,Tier 3,Supermarket Type2,2348.9424,125.9968
NCV41,14.35,Low Fat,0.017073332,Health and Hygiene,109.5228,OUT045,2002,,Tier 2,Supermarket Type1,1657.842,104.5228
FDQ52,,Low Fat,0.118806857,Frozen Foods,248.8434,OUT027,1985,Medium,Tier 3,Supermarket Type3,6705.2718,243.8434
FDM38,5.885,Regular,0.092694107,Canned,53.6982,OUT013,1987,High,Tier 3,Supermarket Type1,1525.3478,48.6982
FDA14,16.1,Low Fat,0.065183228,Dairy,148.076,OUT046,1997,Small,Tier 1,Supermarket Type1,1464.76,143.076
FDB23,,Regular,0.005561538,Starchy Foods,224.0062,OUT027,1985,Medium,Tier 3,Supermarket Type3,3837.0054,219.0062
DRH49,19.7,Low Fat,0.024635077,Soft Drinks,84.1592,OUT013,1987,High,Tier 3,Supermarket Type1,1073.2696,79.1592
FDI40,11.5,Regular,0.126313413,Frozen Foods,100.6358,OUT017,2007,,Tier 2,Supermarket Type1,2010.716,95.6358
FDR37,16.5,Regular,0.066383907,Breakfast,180.4292,OUT045,2002,,Tier 2,Supermarket Type1,2189.1504,175.4292
FDS16,15.15,Regular,0.066279832,Frozen Foods,147.876,OUT049,1999,Medium,Tier 1,Supermarket Type1,4540.756,142.876
FDT15,12.15,Regular,0.042681522,Meat,184.295,OUT046,1997,Small,Tier 1,Supermarket Type1,2014.045,179.295
FDL32,15.7,Regular,0,Fruits and Vegetables,112.4544,OUT013,1987,High,Tier 3,Supermarket Type1,1230.3984,107.4544
FDB39,11.6,Low Fat,0.038736838,Dairy,55.8272,OUT017,2007,,Tier 2,Supermarket Type1,1454.1072,50.8272
FDX40,12.85,Low Fat,0.098910759,Frozen Foods,37.6164,OUT013,1987,High,Tier 3,Supermarket Type1,308.9312,32.6164
DRD13,15,Low Fat,0.049178998,Soft Drinks,65.6168,OUT045,2002,,Tier 2,Supermarket Type1,639.168,60.6168
FDZ43,11,Regular,0.057011062,Fruits and Vegetables,241.9512,OUT013,1987,High,Tier 3,Supermarket Type1,2908.2144,236.9512
DRM59,5.88,Low Fat,0.003589104,Hard Drinks,155.5998,OUT013,1987,High,Tier 3,Supermarket Type1,1691.7978,150.5998
NCZ18,7.825,Low Fat,0,Household,253.4698,OUT017,2007,,Tier 2,Supermarket Type1,6849.0846,248.4698
FDH52,,Regular,0.043690499,Frozen Foods,60.2194,OUT027,1985,Medium,Tier 3,Supermarket Type3,1733.7432,55.2194
FDM25,10.695,Regular,0.10154201,Breakfast,173.7712,OUT010,1998,,Tier 3,Grocery Store,175.7712,168.7712
NCP05,,Low Fat,0.025164132,Health and Hygiene,152.6024,OUT027,1985,Medium,Tier 3,Supermarket Type3,6072.096,147.6024
FDY38,13.6,Regular,0.119077255,Dairy,231.23,OUT013,1987,High,Tier 3,Supermarket Type1,2330.3,226.23
FDO37,8.06,Low Fat,0.021497594,Breakfast,230.3326,OUT017,2007,,Tier 2,Supermarket Type1,1386.1956,225.3326
FDV49,,Low Fat,0.025702129,Canned,262.6226,OUT027,1985,Medium,Tier 3,Supermarket Type3,7136.7102,257.6226
NCP02,7.105,Low Fat,0.075000682,Household,61.0562,OUT010,1998,,Tier 3,Grocery Store,296.281,56.0562
NCJ19,18.6,LF,0.118419683,Others,58.3588,OUT045,2002,,Tier 2,Supermarket Type1,1545.9876,53.3588
FDW44,9.5,Regular,0.035151215,Fruits and Vegetables,171.8448,OUT046,1997,Small,Tier 1,Supermarket Type1,2556.672,166.8448
FDU56,16.85,LF,0.044414056,Fruits and Vegetables,182.4266,OUT046,1997,Small,Tier 1,Supermarket Type1,2028.6926,177.4266
FDZ58,17.85,Low Fat,0.052471995,Snack Foods,123.7072,OUT017,2007,,Tier 2,Supermarket Type1,2450.144,118.7072
FDZ15,13.1,Low Fat,0.020853376,Dairy,117.4782,OUT013,1987,High,Tier 3,Supermarket Type1,1906.8512,112.4782
NCI06,11.3,Low Fat,0.047791878,Household,180.766,OUT049,1999,Medium,Tier 1,Supermarket Type1,5033.448,175.766
FDD36,13.3,Low Fat,0.02136022,Baking Goods,120.4124,OUT018,2009,Medium,Tier 3,Supermarket Type2,1777.686,115.4124
FDD56,15.2,Regular,0.103988736,Fruits and Vegetables,177.0054,OUT045,2002,,Tier 2,Supermarket Type1,3677.2134,172.0054
FDX27,20.7,Regular,0.114581955,Dairy,94.3436,OUT018,2009,Medium,Tier 3,Supermarket Type2,945.436,89.3436
FDG50,7.405,Low Fat,0.02556185,Canned,89.7146,OUT010,1998,,Tier 3,Grocery Store,182.4292,84.7146
FDU36,6.15,Low Fat,0.046459438,Baking Goods,100.5384,OUT018,2009,Medium,Tier 3,Supermarket Type2,1675.1528,95.5384
FDJ15,11.35,Regular,0.023322478,Dairy,182.5608,OUT046,1997,Small,Tier 1,Supermarket Type1,3307.6944,177.5608
FDG32,19.85,Low Fat,0.175962247,Fruits and Vegetables,223.0772,OUT035,2004,Small,Tier 2,Supermarket Type1,1779.0176,218.0772
FDV15,,Low Fat,0.255929096,Meat,103.3648,OUT019,1985,Small,Tier 1,Grocery Store,311.5944,98.3648
FDS28,8.18,Regular,0.082333019,Frozen Foods,58.1588,OUT013,1987,High,Tier 3,Supermarket Type1,343.5528,53.1588
FDU23,12.15,Low Fat,0.021757269,Breads,165.0184,OUT049,1999,Medium,Tier 1,Supermarket Type1,3302.368,160.0184
DRI03,6.03,Low Fat,0.0226994,Dairy,176.4028,OUT035,2004,Small,Tier 2,Supermarket Type1,4250.4672,171.4028
FDH28,15.85,Regular,0.110653377,Frozen Foods,36.9506,OUT017,2007,,Tier 2,Supermarket Type1,759.012,31.9506
FDP16,18.6,Low Fat,0.065771529,Frozen Foods,245.7802,OUT010,1998,,Tier 3,Grocery Store,245.6802,240.7802
NCQ29,12,Low Fat,0,Health and Hygiene,262.3278,OUT017,2007,,Tier 2,Supermarket Type1,1561.9668,257.3278
NCH30,17.1,Low Fat,0,Household,114.686,OUT018,2009,Medium,Tier 3,Supermarket Type2,1358.232,109.686
FDU31,10.5,Regular,0.024991056,Fruits and Vegetables,217.9508,OUT046,1997,Small,Tier 1,Supermarket Type1,2821.6604,212.9508
FDF04,17.5,LF,0.013658248,Frozen Foods,256.3304,OUT049,1999,Medium,Tier 1,Supermarket Type1,6199.9296,251.3304
FDZ20,16.1,Low Fat,0.034278413,Fruits and Vegetables,255.2356,OUT013,1987,High,Tier 3,Supermarket Type1,6867.0612,250.2356
NCK05,20.1,Low Fat,0,Health and Hygiene,61.3536,OUT010,1998,,Tier 3,Grocery Store,183.7608,56.3536
FDV23,,Low Fat,0.185306514,Breads,125.6046,OUT019,1985,Small,Tier 1,Grocery Store,622.523,120.6046
FDA07,7.55,Regular,0.051794958,Fruits and Vegetables,122.6072,OUT010,1998,,Tier 3,Grocery Store,122.5072,117.6072
FDL03,19.25,Regular,0.027058066,Meat,194.811,OUT013,1987,High,Tier 3,Supermarket Type1,2749.754,189.811
FDX04,19.6,Regular,0.041740902,Frozen Foods,49.2376,OUT018,2009,Medium,Tier 3,Supermarket Type2,958.752,44.2376
FDV19,14.85,Regular,0.035400659,Fruits and Vegetables,161.9578,OUT018,2009,Medium,Tier 3,Supermarket Type2,1444.1202,156.9578
FDP22,14.65,Regular,0.099535996,Snack Foods,52.2666,OUT018,2009,Medium,Tier 3,Supermarket Type2,615.1992,47.2666
FDT34,9.3,Low Fat,0.175336471,Snack Foods,107.0964,OUT017,2007,,Tier 2,Supermarket Type1,1472.7496,102.0964
FDZ26,,Regular,0.143319995,Dairy,237.5222,OUT027,1985,Medium,Tier 3,Supermarket Type3,7170.666,232.5222
NCM43,14.5,Low Fat,0.01950565,Others,163.921,OUT049,1999,Medium,Tier 1,Supermarket Type1,2446.815,158.921
DRK35,8.365,Low Fat,0.071846495,Hard Drinks,37.9506,OUT046,1997,Small,Tier 1,Supermarket Type1,569.259,32.9506
FDO20,12.85,Regular,0,Fruits and Vegetables,252.3382,OUT046,1997,Small,Tier 1,Supermarket Type1,4794.4258,247.3382
FDO22,13.5,Regular,0.017887238,Snack Foods,79.496,OUT049,1999,Medium,Tier 1,Supermarket Type1,1438.128,74.496
FDM46,7.365,Low Fat,0.159967845,Snack Foods,94.712,OUT046,1997,Small,Tier 1,Supermarket Type1,1304.968,89.712
FDO01,21.1,Regular,0.020718655,Breakfast,130.4994,OUT046,1997,Small,Tier 1,Supermarket Type1,2184.4898,125.4994
NCX05,,Low Fat,0.096592065,Health and Hygiene,117.4492,OUT027,1985,Medium,Tier 3,Supermarket Type3,1621.8888,112.4492
FDI46,9.5,Low Fat,0.074460855,Snack Foods,253.6724,OUT049,1999,Medium,Tier 1,Supermarket Type1,5033.448,248.6724
FDD11,12.85,Low Fat,0.030789914,Starchy Foods,254.904,OUT017,2007,,Tier 2,Supermarket Type1,3036.048,249.904
FDA32,14,Low Fat,0.030216783,Fruits and Vegetables,216.6192,OUT018,2009,Medium,Tier 3,Supermarket Type2,3020.0688,211.6192
FDW32,18.35,Regular,0.094279004,Fruits and Vegetables,86.3882,OUT035,2004,Small,Tier 2,Supermarket Type1,1545.9876,81.3882
FDX22,,Regular,0.04022593,Snack Foods,210.9928,OUT019,1985,Small,Tier 1,Grocery Store,210.3928,205.9928
FDQ47,7.155,Regular,0.168527463,Breads,33.6874,OUT045,2002,,Tier 2,Supermarket Type1,1023.3346,28.6874
FDT07,5.82,Regular,0.077304459,Fruits and Vegetables,257.633,OUT035,2004,Small,Tier 2,Supermarket Type1,4613.994,252.633
NCQ43,17.75,Low Fat,0,Others,108.6912,OUT018,2009,Medium,Tier 3,Supermarket Type2,1201.1032,103.6912
FDW07,18,Regular,0.142570104,Fruits and Vegetables,88.2514,OUT013,1987,High,Tier 3,Supermarket Type1,1505.3738,83.2514
FDE35,7.06,Regular,0.043968652,Starchy Foods,57.6904,OUT049,1999,Medium,Tier 1,Supermarket Type1,585.904,52.6904
FDC04,15.6,Low Fat,0.045076878,Dairy,241.3854,OUT045,2002,,Tier 2,Supermarket Type1,2900.2248,236.3854
NCW53,,Low Fat,0.030347404,Health and Hygiene,192.5162,OUT027,1985,Medium,Tier 3,Supermarket Type3,3078.6592,187.5162
NCG07,12.3,Low Fat,0.052492122,Household,191.053,OUT035,2004,Small,Tier 2,Supermarket Type1,3415.554,186.053
FDQ03,15,Regular,0.077999504,Meat,238.0248,OUT035,2004,Small,Tier 2,Supermarket Type1,1896.1984,233.0248
FDV46,18.2,Low Fat,0.012597384,Snack Foods,141.218,OUT013,1987,High,Tier 3,Supermarket Type1,2936.178,136.218
NCM26,20.5,LF,0.023179181,Others,154.034,OUT049,1999,Medium,Tier 1,Supermarket Type1,2450.144,149.034
DRA59,8.27,Regular,0.128126825,Soft Drinks,183.6924,OUT049,1999,Medium,Tier 1,Supermarket Type1,1295.6468,178.6924
FDW13,,Low Fat,0.097410707,Canned,52.7324,OUT027,1985,Medium,Tier 3,Supermarket Type3,2492.7552,47.7324
DRF27,8.93,Low Fat,0.028417272,Dairy,154.534,OUT046,1997,Small,Tier 1,Supermarket Type1,2603.278,149.534
FDT12,6.215,Regular,0.049902382,Baking Goods,225.8062,OUT017,2007,,Tier 2,Supermarket Type1,3159.8868,220.8062
FDD40,20.25,Regular,0.014823358,Dairy,190.7162,OUT045,2002,,Tier 2,Supermarket Type1,1154.4972,185.7162
FDN25,7.895,Regular,0.061424738,Breakfast,57.7588,OUT018,2009,Medium,Tier 3,Supermarket Type2,1145.176,52.7588
FDE33,19.35,Regular,0.049594299,Fruits and Vegetables,77.0644,OUT013,1987,High,Tier 3,Supermarket Type1,2278.3676,72.0644
NCL29,9.695,Low Fat,0.113939434,Health and Hygiene,160.2604,OUT046,1997,Small,Tier 1,Supermarket Type1,1901.5248,155.2604
NCO30,,Low Fat,0.027532258,Household,185.0608,OUT019,1985,Small,Tier 1,Grocery Store,551.2824,180.0608
FDB16,8.21,Low Fat,0.045016894,Dairy,87.6198,OUT045,2002,,Tier 2,Supermarket Type1,1133.8574,82.6198
FDF16,7.3,Low Fat,0.086307051,Frozen Foods,146.8076,OUT045,2002,,Tier 2,Supermarket Type1,1330.2684,141.8076
FDL02,20,Regular,0.104083376,Canned,107.4622,OUT046,1997,Small,Tier 1,Supermarket Type1,3705.177,102.4622
FDO13,7.865,Low Fat,0.061154604,Breakfast,165.3526,OUT049,1999,Medium,Tier 1,Supermarket Type1,1151.1682,160.3526
DRG27,,Low Fat,0.184035253,Dairy,42.2138,OUT019,1985,Small,Tier 1,Grocery Store,40.6138,37.2138
FDX31,20.35,Regular,0.024815024,Fruits and Vegetables,234.0958,OUT010,1998,,Tier 3,Grocery Store,467.3916,229.0958
FDX11,16,Regular,0.106918052,Baking Goods,183.5634,OUT049,1999,Medium,Tier 1,Supermarket Type1,4725.8484,178.5634
NCW41,18,Low Fat,0,Health and Hygiene,158.0604,OUT049,1999,Medium,Tier 1,Supermarket Type1,3327.6684,153.0604
FDI52,18.7,Low Fat,0.105104552,Frozen Foods,121.7072,OUT018,2009,Medium,Tier 3,Supermarket Type2,1347.5792,116.7072
FDN08,,Regular,0.087936752,Fruits and Vegetables,115.9466,OUT027,1985,Medium,Tier 3,Supermarket Type3,4124.631,110.9466
DRD15,10.6,Low Fat,0.056795923,Dairy,232.8642,OUT046,1997,Small,Tier 1,Supermarket Type1,3485.463,227.8642
DRF01,5.655,LF,0.176070535,Soft Drinks,144.0102,OUT017,2007,,Tier 2,Supermarket Type1,1749.7224,139.0102
DRH15,,Low Fat,0.19244045,Dairy,43.9428,OUT019,1985,Small,Tier 1,Grocery Store,131.8284,38.9428
FDX59,10.195,Low Fat,0.051871718,Breads,35.3558,OUT018,2009,Medium,Tier 3,Supermarket Type2,237.6906,30.3558
FDO37,8.06,Low Fat,0.035780177,Breakfast,230.2326,OUT010,1998,,Tier 3,Grocery Store,693.0978,225.2326
FDY56,16.35,Regular,0.104463896,Fruits and Vegetables,227.1062,OUT010,1998,,Tier 3,Grocery Store,225.7062,222.1062
FDR31,6.46,Regular,0.049162885,Fruits and Vegetables,146.9102,OUT046,1997,Small,Tier 1,Supermarket Type1,1895.5326,141.9102
NCH54,13.5,Low Fat,0.072655379,Household,157.792,OUT035,2004,Small,Tier 2,Supermarket Type1,3994.8,152.792
NCW06,16.2,Low Fat,0.050442528,Household,190.8162,OUT045,2002,,Tier 2,Supermarket Type1,2693.8268,185.8162
NCC18,19.1,Low Fat,0.177992139,Household,173.1422,OUT018,2009,Medium,Tier 3,Supermarket Type2,2931.5174,168.1422
DRJ23,,Low Fat,0,Hard Drinks,188.1872,OUT027,1985,Medium,Tier 3,Supermarket Type3,3214.4824,183.1872
FDO16,5.48,Low Fat,0.015131684,Frozen Foods,83.025,OUT049,1999,Medium,Tier 1,Supermarket Type1,1414.825,78.025
FDB08,6.055,Low Fat,0.031151714,Fruits and Vegetables,158.7578,OUT049,1999,Medium,Tier 1,Supermarket Type1,2085.9514,153.7578
NCZ53,9.6,Low Fat,0.024456797,Health and Hygiene,186.6214,OUT013,1987,High,Tier 3,Supermarket Type1,3203.1638,181.6214
DRJ01,6.135,Low Fat,0.192540665,Soft Drinks,160.2236,OUT010,1998,,Tier 3,Grocery Store,322.2472,155.2236
DRE48,8.43,Low Fat,0.01732573,Soft Drinks,197.9768,OUT046,1997,Small,Tier 1,Supermarket Type1,1182.4608,192.9768
DRA59,8.27,Regular,0.127821472,Soft Drinks,185.9924,OUT013,1987,High,Tier 3,Supermarket Type1,555.2772,180.9924
FDS27,10.195,Regular,0.012477512,Meat,197.111,OUT049,1999,Medium,Tier 1,Supermarket Type1,785.644,192.111
NCW29,14,Low Fat,0.028980533,Health and Hygiene,129.531,OUT018,2009,Medium,Tier 3,Supermarket Type2,2077.296,124.531
DRN35,8.01,Low Fat,0.070356805,Hard Drinks,36.8532,OUT049,1999,Medium,Tier 1,Supermarket Type1,755.0172,31.8532
FDB09,16.25,Low Fat,0.057396092,Fruits and Vegetables,125.8046,OUT046,1997,Small,Tier 1,Supermarket Type1,747.0276,120.8046
FDV59,13.35,Low Fat,0.048017962,Breads,219.6166,OUT035,2004,Small,Tier 2,Supermarket Type1,3483.4656,214.6166
FDD26,,Regular,0.071806046,Canned,186.5924,OUT027,1985,Medium,Tier 3,Supermarket Type3,5182.5872,181.5924
FDV55,17.75,Low Fat,0.05507343,Fruits and Vegetables,145.1444,OUT046,1997,Small,Tier 1,Supermarket Type1,1886.8772,140.1444
FDH48,13.5,Low Fat,0,Baking Goods,88.054,OUT013,1987,High,Tier 3,Supermarket Type1,1211.756,83.054
FDM51,11.8,Regular,0,Meat,102.4674,OUT010,1998,,Tier 3,Grocery Store,203.7348,97.4674
DRG48,5.78,Low Fat,0.014577695,Soft Drinks,147.2102,OUT049,1999,Medium,Tier 1,Supermarket Type1,1895.5326,142.2102
FDP49,9,Regular,0,Breakfast,55.2614,OUT018,2009,Medium,Tier 3,Supermarket Type2,552.614,50.2614
FDB03,17.75,Regular,0.156831826,Dairy,241.0538,OUT046,1997,Small,Tier 1,Supermarket Type1,1201.769,236.0538
FDL10,8.395,Low Fat,0,Snack Foods,98.7042,OUT013,1987,High,Tier 3,Supermarket Type1,892.8378,93.7042
FDJ32,,Low Fat,0.057512481,Fruits and Vegetables,62.5536,OUT027,1985,Medium,Tier 3,Supermarket Type3,1592.5936,57.5536
FDD11,12.85,LF,0,Starchy Foods,253.004,OUT018,2009,Medium,Tier 3,Supermarket Type2,3795.06,248.004
FDW13,8.5,Low Fat,0.098036903,Canned,51.5324,OUT049,1999,Medium,Tier 1,Supermarket Type1,882.8508,46.5324
FDA32,14,LF,0,Fruits and Vegetables,216.9192,OUT017,2007,,Tier 2,Supermarket Type1,6471.576,211.9192
DRQ35,9.3,low fat,0.042377219,Hard Drinks,123.7388,OUT045,2002,,Tier 2,Supermarket Type1,1609.9044,118.7388
DRI37,15.85,Low Fat,0.107597879,Soft Drinks,58.7904,OUT046,1997,Small,Tier 1,Supermarket Type1,585.904,53.7904
FDU38,10.8,Low Fat,0.082549896,Dairy,193.7504,OUT046,1997,Small,Tier 1,Supermarket Type1,4602.0096,188.7504
FDJ07,7.26,Low Fat,0.02414202,Meat,117.415,OUT010,1998,,Tier 3,Grocery Store,466.06,112.415
FDT38,18.7,Low Fat,0.057771828,Dairy,85.3566,OUT018,2009,Medium,Tier 3,Supermarket Type2,591.8962,80.3566
FDX02,16,Low Fat,0.057292529,Dairy,224.3404,OUT018,2009,Medium,Tier 3,Supermarket Type2,4500.808,219.3404
NCN18,8.895,Low Fat,0.124610886,Household,113.1544,OUT013,1987,High,Tier 3,Supermarket Type1,4250.4672,108.1544
FDQ13,11.1,Low Fat,0.010663189,Canned,82.3908,OUT045,2002,,Tier 2,Supermarket Type1,1342.2528,77.3908
DRP35,18.85,Low Fat,0.091237452,Hard Drinks,128.9336,OUT018,2009,Medium,Tier 3,Supermarket Type2,1278.336,123.9336
DRK47,7.905,Low Fat,0.064325351,Hard Drinks,230.2694,OUT018,2009,Medium,Tier 3,Supermarket Type2,3197.1716,225.2694
DRI47,14.7,Low Fat,0.020920179,Hard Drinks,143.8128,OUT046,1997,Small,Tier 1,Supermarket Type1,3020.0688,138.8128
FDK20,12.6,Regular,0.041641933,Fruits and Vegetables,121.1072,OUT045,2002,,Tier 2,Supermarket Type1,980.0576,116.1072
FDC34,16,Regular,0.173462841,Snack Foods,157.6972,OUT018,2009,Medium,Tier 3,Supermarket Type2,2960.1468,152.6972
FDI15,,Low Fat,0.24749009,Dairy,263.1884,OUT019,1985,Small,Tier 1,Grocery Store,529.9768,258.1884
FDG05,,Regular,0.087421738,Frozen Foods,154.463,OUT027,1985,Medium,Tier 3,Supermarket Type3,2972.797,149.463
FDK34,13.35,Low Fat,0.038744606,Snack Foods,239.3564,OUT017,2007,,Tier 2,Supermarket Type1,3098.6332,234.3564
FDX50,20.1,Low Fat,0.124910635,Dairy,109.6228,OUT010,1998,,Tier 3,Grocery Store,110.5228,104.6228
FDP56,8.185,Low Fat,0.046673494,Fruits and Vegetables,48.4692,OUT018,2009,Medium,Tier 3,Supermarket Type2,591.2304,43.4692
NCX54,9.195,Low Fat,0.048134591,Household,107.7622,OUT049,1999,Medium,Tier 1,Supermarket Type1,529.311,102.7622
FDI20,19.1,Low Fat,0.038720852,Fruits and Vegetables,210.8586,OUT018,2009,Medium,Tier 3,Supermarket Type2,6331.758,205.8586
FDH33,12.85,Low Fat,0.12241394,Snack Foods,42.9428,OUT017,2007,,Tier 2,Supermarket Type1,703.0848,37.9428
NCO29,11.15,Low Fat,0.032321608,Health and Hygiene,165.6526,OUT045,2002,,Tier 2,Supermarket Type1,1315.6208,160.6526
FDK22,9.8,Low Fat,0.026139404,Snack Foods,216.785,OUT045,2002,,Tier 2,Supermarket Type1,1947.465,211.785
DRO47,10.195,Low Fat,0,Hard Drinks,114.086,OUT046,1997,Small,Tier 1,Supermarket Type1,1810.976,109.086
FDT19,,Regular,0.144338493,Fruits and Vegetables,172.108,OUT027,1985,Medium,Tier 3,Supermarket Type3,4327.7,167.108
FDY25,12,Low Fat,0.034166609,Canned,181.2976,OUT017,2007,,Tier 2,Supermarket Type1,5070.7328,176.2976
FDS44,,Regular,0.27321283,Fruits and Vegetables,240.9538,OUT019,1985,Small,Tier 1,Grocery Store,480.7076,235.9538
FDJ21,16.7,Regular,0.03858813,Snack Foods,144.6102,OUT049,1999,Medium,Tier 1,Supermarket Type1,3353.6346,139.6102
FDO40,17.1,LF,0.032628111,Frozen Foods,148.7392,OUT046,1997,Small,Tier 1,Supermarket Type1,1640.5312,143.7392
FDL36,,Low Fat,0.133198355,Baking Goods,91.083,OUT019,1985,Small,Tier 1,Grocery Store,89.883,86.083
FDJ21,16.7,Regular,0.038528228,Snack Foods,143.9102,OUT046,1997,Small,Tier 1,Supermarket Type1,1749.7224,138.9102
FDD05,19.35,Low Fat,0.016705436,Frozen Foods,120.8098,OUT017,2007,,Tier 2,Supermarket Type1,3374.2744,115.8098
FDS10,19.2,Low Fat,0.058893461,Snack Foods,178.9318,OUT010,1998,,Tier 3,Grocery Store,180.4318,173.9318
FDG14,,Regular,0.050256161,Canned,150.9024,OUT027,1985,Medium,Tier 3,Supermarket Type3,4857.6768,145.9024
FDN57,18.25,Low Fat,0.054234197,Snack Foods,142.0154,OUT046,1997,Small,Tier 1,Supermarket Type1,2269.0464,137.0154
FDS47,16.75,Low Fat,0.12961476,Breads,86.1856,OUT017,2007,,Tier 2,Supermarket Type1,1406.1696,81.1856
FDO40,17.1,Low Fat,0.054612768,Frozen Foods,150.2392,OUT010,1998,,Tier 3,Grocery Store,596.5568,145.2392
FDM50,13,Regular,0.030150193,Canned,61.422,OUT045,2002,,Tier 2,Supermarket Type1,539.298,56.422
FDF44,7.17,Regular,0.059849153,Fruits and Vegetables,129.4968,OUT045,2002,,Tier 2,Supermarket Type1,3392.9168,124.4968
FDS21,19.85,reg,0.034942397,Snack Foods,61.9194,OUT010,1998,,Tier 3,Grocery Store,123.8388,56.9194
NCJ06,,Low Fat,0.060672263,Household,119.8782,OUT019,1985,Small,Tier 1,Grocery Store,238.3564,114.8782
FDX49,4.615,Regular,0.102038294,Canned,231.93,OUT045,2002,,Tier 2,Supermarket Type1,2563.33,226.93
FDU33,7.63,Regular,0.135258515,Snack Foods,47.2402,OUT018,2009,Medium,Tier 3,Supermarket Type2,918.804,42.2402
NCN06,8.39,Low Fat,0.120396991,Household,163.4868,OUT013,1987,High,Tier 3,Supermarket Type1,4586.0304,158.4868
NCN53,5.175,Low Fat,0.030527166,Health and Hygiene,33.5874,OUT017,2007,,Tier 2,Supermarket Type1,635.1732,28.5874
NCE30,16,Low Fat,0.099053537,Household,212.6902,OUT013,1987,High,Tier 3,Supermarket Type1,637.1706,207.6902
FDN21,,Low Fat,0.134564284,Snack Foods,159.8236,OUT019,1985,Small,Tier 1,Grocery Store,322.2472,154.8236
FDB52,,Low Fat,0.030288215,Dairy,256.7672,OUT027,1985,Medium,Tier 3,Supermarket Type3,4346.3424,251.7672
FDA26,,Regular,0.073562475,Dairy,217.6482,OUT027,1985,Medium,Tier 3,Supermarket Type3,3285.723,212.6482
FDD23,9.5,Regular,0.048883854,Starchy Foods,185.7898,OUT018,2009,Medium,Tier 3,Supermarket Type2,2619.2572,180.7898
FDH57,10.895,Low Fat,0.035893143,Fruits and Vegetables,131.3284,OUT018,2009,Medium,Tier 3,Supermarket Type2,1318.284,126.3284
FDO15,,Regular,0.014998914,Meat,72.4038,OUT019,1985,Small,Tier 1,Grocery Store,221.7114,67.4038
FDY49,17.2,Regular,0.012012071,Canned,163.1184,OUT046,1997,Small,Tier 1,Supermarket Type1,4623.3152,158.1184
FDP20,19.85,Low Fat,0.045855273,Fruits and Vegetables,127.102,OUT018,2009,Medium,Tier 3,Supermarket Type2,1771.028,122.102
DRG11,6.385,Low Fat,0.14032811,Hard Drinks,109.1596,OUT010,1998,,Tier 3,Grocery Store,107.8596,104.1596
DRJ59,11.65,Low Fat,0.019402371,Hard Drinks,38.7164,OUT049,1999,Medium,Tier 1,Supermarket Type1,579.246,33.7164
FDP34,12.85,Low Fat,0,Snack Foods,155.463,OUT035,2004,Small,Tier 2,Supermarket Type1,4068.038,150.463
FDY04,17.7,Regular,0.042716709,Frozen Foods,163.221,OUT017,2007,,Tier 2,Supermarket Type1,1794.331,158.221
FDV11,9.1,Regular,0.081794766,Breads,173.6054,OUT049,1999,Medium,Tier 1,Supermarket Type1,700.4216,168.6054
FDG20,15.5,Regular,0.125942816,Fruits and Vegetables,176.0028,OUT045,2002,,Tier 2,Supermarket Type1,1239.7196,171.0028
NCH55,16.35,Low Fat,0,Household,127.902,OUT017,2007,,Tier 2,Supermarket Type1,2150.534,122.902
FDV34,10.695,Regular,0.011472001,Snack Foods,75.2038,OUT018,2009,Medium,Tier 3,Supermarket Type2,517.3266,70.2038
FDT44,16.6,Low Fat,0.103146658,Fruits and Vegetables,117.2466,OUT049,1999,Medium,Tier 1,Supermarket Type1,2239.0854,112.2466
FDG35,,Regular,0.012327847,Starchy Foods,173.8738,OUT019,1985,Small,Tier 1,Grocery Store,347.5476,168.8738
FDG08,13.15,Regular,0.166032929,Fruits and Vegetables,170.8764,OUT018,2009,Medium,Tier 3,Supermarket Type2,2233.0932,165.8764
FDX52,11.5,Regular,0.04224015,Frozen Foods,194.982,OUT017,2007,,Tier 2,Supermarket Type1,3089.312,189.982
NCH54,,Low Fat,0.072317217,Household,160.792,OUT027,1985,Medium,Tier 3,Supermarket Type3,3675.216,155.792
FDU24,,Regular,0.139484292,Baking Goods,94.312,OUT027,1985,Medium,Tier 3,Supermarket Type3,2516.724,89.312
FDW03,5.63,Regular,0.024536636,Meat,106.1306,OUT035,2004,Small,Tier 2,Supermarket Type1,2090.612,101.1306
FDV01,19.2,Regular,0.085296625,Canned,153.4314,OUT018,2009,Medium,Tier 3,Supermarket Type2,1861.5768,148.4314
FDQ39,,Low Fat,0.080649685,Meat,189.9846,OUT027,1985,Medium,Tier 3,Supermarket Type3,6114.7072,184.9846
FDA16,6.695,Low Fat,0,Frozen Foods,219.4456,OUT046,1997,Small,Tier 1,Supermarket Type1,3094.6384,214.4456
FDO12,15.75,Low Fat,0.054930533,Baking Goods,194.4452,OUT046,1997,Small,Tier 1,Supermarket Type1,5089.3752,189.4452
FDM44,12.5,Low Fat,0.031097948,Fruits and Vegetables,103.899,OUT049,1999,Medium,Tier 1,Supermarket Type1,1960.781,98.899
FDT03,21.25,Low Fat,0.016735879,Meat,185.2608,OUT010,1998,,Tier 3,Grocery Store,183.7608,180.2608
NCQ18,,Low Fat,0.134418705,Household,99.67,OUT027,1985,Medium,Tier 3,Supermarket Type3,2596.62,94.67
NCL18,18.85,Low Fat,0.168266556,Household,195.5136,OUT018,2009,Medium,Tier 3,Supermarket Type2,1749.7224,190.5136
NCJ06,20.1,Low Fat,0.034646067,Household,120.6782,OUT035,2004,Small,Tier 2,Supermarket Type1,1310.9602,115.6782
NCQ05,11.395,Low Fat,0.021639678,Health and Hygiene,150.1708,OUT049,1999,Medium,Tier 1,Supermarket Type1,2708.4744,145.1708
FDS35,9.3,Low Fat,0.11144608,Breads,64.6826,OUT045,2002,,Tier 2,Supermarket Type1,1097.9042,59.6826
NCI18,,Low Fat,0.013956116,Household,222.3746,OUT027,1985,Medium,Tier 3,Supermarket Type3,5609.365,217.3746
NCO55,12.8,Low Fat,0.152377658,Others,108.1938,OUT010,1998,,Tier 3,Grocery Store,428.7752,103.1938
FDW24,6.8,Low Fat,0.037465846,Baking Goods,47.5034,OUT013,1987,High,Tier 3,Supermarket Type1,534.6374,42.5034
NCS05,,low fat,0.020876485,Health and Hygiene,133.7942,OUT027,1985,Medium,Tier 3,Supermarket Type3,1722.4246,128.7942
FDO48,15,Regular,0.0268952,Baking Goods,220.3456,OUT045,2002,,Tier 2,Supermarket Type1,1989.4104,215.3456
FDT35,19.85,Regular,0.081916124,Breads,167.6816,OUT017,2007,,Tier 2,Supermarket Type1,1845.5976,162.6816
DRN11,7.85,Low Fat,0.163233667,Hard Drinks,144.6444,OUT049,1999,Medium,Tier 1,Supermarket Type1,2467.4548,139.6444
FDY57,20.2,Regular,0.121748174,Snack Foods,96.9752,OUT018,2009,Medium,Tier 3,Supermarket Type2,1725.7536,91.9752
DRE27,11.85,Low Fat,0.132939639,Dairy,98.0726,OUT045,2002,,Tier 2,Supermarket Type1,1761.7068,93.0726
FDM24,6.135,Regular,0.079327367,Baking Goods,152.8366,OUT046,1997,Small,Tier 1,Supermarket Type1,2871.5954,147.8366
FDX09,9,LF,0.065194971,Snack Foods,177.737,OUT013,1987,High,Tier 3,Supermarket Type1,2117.244,172.737
FDY45,17.5,Low Fat,0.026248606,Snack Foods,255.1356,OUT018,2009,Medium,Tier 3,Supermarket Type2,3815.034,250.1356
FDF41,12.15,Low Fat,0.131921819,Frozen Foods,246.346,OUT017,2007,,Tier 2,Supermarket Type1,739.038,241.346
FDG05,11,Regular,0,Frozen Foods,155.263,OUT049,1999,Medium,Tier 1,Supermarket Type1,625.852,150.263
FDF05,17.5,Low Fat,0.026865809,Frozen Foods,261.691,OUT035,2004,Small,Tier 2,Supermarket Type1,4207.856,256.691
FDU19,,Regular,0.046544984,Fruits and Vegetables,172.0422,OUT027,1985,Medium,Tier 3,Supermarket Type3,4828.3816,167.0422
DRH39,,Low Fat,0.092241348,Dairy,75.867,OUT027,1985,Medium,Tier 3,Supermarket Type3,2450.144,70.867
FDP57,17.5,Low Fat,0.052740763,Snack Foods,103.799,OUT017,2007,,Tier 2,Supermarket Type1,1135.189,98.799
FDE58,,Low Fat,0,Snack Foods,119.8124,OUT027,1985,Medium,Tier 3,Supermarket Type3,1659.1736,114.8124
DRD15,10.6,Low Fat,0.056748659,Dairy,233.6642,OUT013,1987,High,Tier 3,Supermarket Type1,3950.1914,228.6642
FDJ52,7.145,Low Fat,0.017822936,Frozen Foods,161.3578,OUT045,2002,,Tier 2,Supermarket Type1,1123.2046,156.3578
FDS01,,Low Fat,0.017659068,Canned,175.9686,OUT027,1985,Medium,Tier 3,Supermarket Type3,5866.3638,170.9686
FDZ47,20.7,Regular,0.07929647,Baking Goods,97.2042,OUT046,1997,Small,Tier 1,Supermarket Type1,1686.4714,92.2042
FDG35,,reg,0.007006883,Starchy Foods,173.5738,OUT027,1985,Medium,Tier 3,Supermarket Type3,1216.4166,168.5738
FDY45,17.5,Low Fat,0.026195131,Snack Foods,252.6356,OUT045,2002,,Tier 2,Supermarket Type1,2543.356,247.6356
FDY04,17.7,Regular,0.042542484,Frozen Foods,161.921,OUT049,1999,Medium,Tier 1,Supermarket Type1,2120.573,156.921
FDY47,8.6,Regular,0.054474158,Breads,131.031,OUT035,2004,Small,Tier 2,Supermarket Type1,1038.648,126.031
FDE28,9.5,Regular,0,Frozen Foods,228.4668,OUT049,1999,Medium,Tier 1,Supermarket Type1,3916.2356,223.4668
FDJ27,17.7,Regular,0.122372504,Meat,101.5674,OUT018,2009,Medium,Tier 3,Supermarket Type2,1629.8784,96.5674
FDH58,12.3,low fat,0.037148619,Snack Foods,116.8834,OUT017,2007,,Tier 2,Supermarket Type1,2649.2182,111.8834
NCV42,6.26,Low Fat,0.052593952,Household,111.0228,OUT010,1998,,Tier 3,Grocery Store,221.0456,106.0228
NCQ54,17.7,Low Fat,0.012593467,Household,167.6474,OUT018,2009,Medium,Tier 3,Supermarket Type2,3874.2902,162.6474
FDL44,18.25,Low Fat,0.012325122,Fruits and Vegetables,162.8894,OUT018,2009,Medium,Tier 3,Supermarket Type2,647.1576,157.8894
FDY50,5.8,LF,0.131489269,Dairy,89.7172,OUT018,2009,Medium,Tier 3,Supermarket Type2,1605.9096,84.7172
FDR59,14.5,Regular,0.064224789,Breads,262.7594,OUT017,2007,,Tier 2,Supermarket Type1,7064.8038,257.7594
FDH35,18.25,Low Fat,0.060589424,Starchy Foods,162.5526,OUT017,2007,,Tier 2,Supermarket Type1,986.7156,157.5526
FDX08,12.85,Low Fat,0.022649893,Fruits and Vegetables,179.3318,OUT045,2002,,Tier 2,Supermarket Type1,1263.0226,174.3318
FDL20,17.1,Low Fat,0.128390273,Fruits and Vegetables,111.9886,OUT035,2004,Small,Tier 2,Supermarket Type1,1445.4518,106.9886
FDB27,7.575,Low Fat,0.055476238,Dairy,196.8768,OUT049,1999,Medium,Tier 1,Supermarket Type1,1182.4608,191.8768
FDA56,9.21,Low Fat,0.008757492,Fruits and Vegetables,120.8414,OUT013,1987,High,Tier 3,Supermarket Type1,2071.3038,115.8414
FDV39,11.3,Low Fat,0.007273831,Meat,196.6426,OUT013,1987,High,Tier 3,Supermarket Type1,5141.3076,191.6426
FDU38,,LF,0.144534212,Dairy,190.6504,OUT019,1985,Small,Tier 1,Grocery Store,575.2512,185.6504
FDT55,13.6,Regular,0.043743689,Fruits and Vegetables,157.7946,OUT045,2002,,Tier 2,Supermarket Type1,1104.5622,152.7946
FDS24,20.85,Regular,0.062477955,Baking Goods,87.2514,OUT018,2009,Medium,Tier 3,Supermarket Type2,1505.3738,82.2514
FDS15,9.195,Regular,0.078060601,Meat,106.3596,OUT046,1997,Small,Tier 1,Supermarket Type1,2912.2092,101.3596
FDF05,,Low Fat,0.026740767,Frozen Foods,261.291,OUT027,1985,Medium,Tier 3,Supermarket Type3,5522.811,256.291
DRP47,15.75,Low Fat,0.140821917,Hard Drinks,252.9382,OUT049,1999,Medium,Tier 1,Supermarket Type1,2775.7202,247.9382
FDA25,16.5,Regular,0.068403271,Canned,101.999,OUT018,2009,Medium,Tier 3,Supermarket Type2,619.194,96.999
FDA19,,Low Fat,0,Fruits and Vegetables,126.6994,OUT019,1985,Small,Tier 1,Grocery Store,256.9988,121.6994
NCM26,20.5,LF,0.02312394,Others,154.634,OUT013,1987,High,Tier 3,Supermarket Type1,2297.01,149.634
FDS46,17.6,Regular,0.047449835,Snack Foods,118.1782,OUT018,2009,Medium,Tier 3,Supermarket Type2,2621.9204,113.1782
DRH15,8.775,Low Fat,0.110359004,Dairy,42.7428,OUT018,2009,Medium,Tier 3,Supermarket Type2,790.9704,37.7428
NCR05,10.1,Low Fat,0.054620504,Health and Hygiene,197.5084,OUT035,2004,Small,Tier 2,Supermarket Type1,2976.126,192.5084
NCY17,18.2,Low Fat,0,Health and Hygiene,44.1086,OUT045,2002,,Tier 2,Supermarket Type1,1115.215,39.1086
FDZ01,8.975,Regular,0.009051307,Canned,103.099,OUT013,1987,High,Tier 3,Supermarket Type1,309.597,98.099
FDP31,,Regular,0.160722863,Fruits and Vegetables,65.7168,OUT027,1985,Medium,Tier 3,Supermarket Type3,2237.088,60.7168
FDE57,9.6,Low Fat,0.03625493,Fruits and Vegetables,141.0154,OUT013,1987,High,Tier 3,Supermarket Type1,2694.4926,136.0154
FDZ44,8.185,Low Fat,0.064824502,Fruits and Vegetables,116.0808,OUT010,1998,,Tier 3,Grocery Store,234.3616,111.0808
NCP53,14.75,Low Fat,0.033024328,Health and Hygiene,236.6906,OUT018,2009,Medium,Tier 3,Supermarket Type2,3089.9778,231.6906
NCA06,20.5,Low Fat,0.143574191,Household,37.219,OUT045,2002,,Tier 2,Supermarket Type1,476.047,32.219
FDP22,14.65,Regular,0.099333217,Snack Foods,51.3666,OUT045,2002,,Tier 2,Supermarket Type1,1076.5986,46.3666
FDW37,19.2,Low Fat,0.12475207,Canned,90.9488,OUT017,2007,,Tier 2,Supermarket Type1,633.8416,85.9488
NCS30,5.945,Low Fat,0.093170838,Household,127.3652,OUT049,1999,Medium,Tier 1,Supermarket Type1,1549.9824,122.3652
FDB40,17.5,Regular,0.007538459,Dairy,144.2102,OUT035,2004,Small,Tier 2,Supermarket Type1,4082.6856,139.2102
FDC51,10.895,Regular,0.009676286,Dairy,122.873,OUT017,2007,,Tier 2,Supermarket Type1,3448.844,117.873
FDC11,20.5,LF,0.141792841,Starchy Foods,89.7172,OUT046,1997,Small,Tier 1,Supermarket Type1,1159.8236,84.7172
FDC59,,Regular,0.05436436,Starchy Foods,63.8168,OUT027,1985,Medium,Tier 3,Supermarket Type3,958.752,58.8168
FDE14,13.65,Regular,0.031573246,Canned,99.47,OUT018,2009,Medium,Tier 3,Supermarket Type2,299.61,94.47
NCT41,15.7,LF,0.055943697,Health and Hygiene,150.6024,OUT013,1987,High,Tier 3,Supermarket Type1,2428.8384,145.6024
FDP52,18.7,Regular,0,Frozen Foods,229.201,OUT035,2004,Small,Tier 2,Supermarket Type1,3215.814,224.201
DRA24,19.35,Regular,0.066831682,Soft Drinks,163.8868,OUT010,1998,,Tier 3,Grocery Store,327.5736,158.8868
FDC40,16,Regular,0.065165046,Dairy,79.3986,OUT049,1999,Medium,Tier 1,Supermarket Type1,856.8846,74.3986
NCA42,6.965,Low Fat,0,Household,159.4604,OUT013,1987,High,Tier 3,Supermarket Type1,3169.208,154.4604
FDT27,11.395,Regular,0.069728296,Meat,233.9616,OUT045,2002,,Tier 2,Supermarket Type1,1406.1696,228.9616
NCW54,7.5,Low Fat,0.09660879,Household,56.9588,OUT045,2002,,Tier 2,Supermarket Type1,744.3644,51.9588
DRB13,6.115,Regular,0.007038478,Soft Drinks,189.253,OUT013,1987,High,Tier 3,Supermarket Type1,3605.307,184.253
FDY02,,Regular,0.153456703,Dairy,264.091,OUT019,1985,Small,Tier 1,Grocery Store,262.991,259.091
FDS59,14.8,Regular,0.043982464,Breads,110.657,OUT045,2002,,Tier 2,Supermarket Type1,2966.139,105.657
FDR49,8.71,Low Fat,0.139202085,Canned,46.1376,OUT035,2004,Small,Tier 2,Supermarket Type1,383.5008,41.1376
FDY40,15.5,Regular,0.086184647,Frozen Foods,50.9692,OUT018,2009,Medium,Tier 3,Supermarket Type2,394.1536,45.9692
FDL48,19.35,Regular,0.082250863,Baking Goods,48.7034,OUT035,2004,Small,Tier 2,Supermarket Type1,534.6374,43.7034
DRI01,,Low Fat,0.034286109,Soft Drinks,173.1422,OUT027,1985,Medium,Tier 3,Supermarket Type3,5000.8238,168.1422
FDZ52,19.2,Low Fat,0.100482186,Frozen Foods,111.8886,OUT018,2009,Medium,Tier 3,Supermarket Type2,1667.829,106.8886
FDK32,16.25,Regular,0.049051717,Fruits and Vegetables,152.4682,OUT049,1999,Medium,Tier 1,Supermarket Type1,2439.4912,147.4682
FDK51,19.85,Low Fat,0.005230786,Dairy,265.1884,OUT013,1987,High,Tier 3,Supermarket Type1,5034.7796,260.1884
FDP28,13.65,Regular,0.08062523,Frozen Foods,259.6936,OUT035,2004,Small,Tier 2,Supermarket Type1,2087.9488,254.6936
DRZ24,7.535,Low Fat,0.081787519,Soft Drinks,120.844,OUT046,1997,Small,Tier 1,Supermarket Type1,2157.192,115.844
FDG04,,Low Fat,0.010615026,Frozen Foods,185.1898,OUT019,1985,Small,Tier 1,Grocery Store,374.1796,180.1898
FDF58,,Low Fat,0.009534758,Snack Foods,64.551,OUT027,1985,Medium,Tier 3,Supermarket Type3,1201.769,59.551
FDI21,5.59,Regular,0.056602818,Snack Foods,63.2168,OUT046,1997,Small,Tier 1,Supermarket Type1,1725.7536,58.2168
FDZ43,11,Regular,0.057047756,Fruits and Vegetables,240.4512,OUT035,2004,Small,Tier 2,Supermarket Type1,7028.1848,235.4512
FDI57,19.85,Low Fat,0.05410964,Seafood,195.0768,OUT049,1999,Medium,Tier 1,Supermarket Type1,1970.768,190.0768
FDV03,17.6,Low Fat,0.058209079,Meat,153.6314,OUT045,2002,,Tier 2,Supermarket Type1,5274.4676,148.6314
FDT12,6.215,Regular,0.083056555,Baking Goods,224.4062,OUT010,1998,,Tier 3,Grocery Store,225.7062,219.4062
FDF29,15.1,Regular,0.020015391,Frozen Foods,128.831,OUT018,2009,Medium,Tier 3,Supermarket Type2,1817.634,123.831
FDU02,13.35,low fat,0.102426197,Dairy,230.6352,OUT013,1987,High,Tier 3,Supermarket Type1,5725.88,225.6352
FDD23,9.5,Regular,0.048761223,Starchy Foods,186.5898,OUT049,1999,Medium,Tier 1,Supermarket Type1,5238.5144,181.5898
FDN04,11.8,Regular,0,Frozen Foods,179.2344,OUT035,2004,Small,Tier 2,Supermarket Type1,2141.2128,174.2344
FDG29,17.6,Low Fat,0.056281276,Frozen Foods,40.3454,OUT035,2004,Small,Tier 2,Supermarket Type1,796.9626,35.3454
FDK51,19.85,Low Fat,0.008762556,Dairy,266.6884,OUT010,1998,,Tier 3,Grocery Store,264.9884,261.6884
FDB53,13.35,Low Fat,0.139669224,Frozen Foods,147.6392,OUT049,1999,Medium,Tier 1,Supermarket Type1,1938.8096,142.6392
DRI23,18.85,Low Fat,0.137972993,Hard Drinks,158.4578,OUT017,2007,,Tier 2,Supermarket Type1,1444.1202,153.4578
FDP57,17.5,Low Fat,0,Snack Foods,102.999,OUT046,1997,Small,Tier 1,Supermarket Type1,2992.771,97.999
FDY57,20.2,reg,0.121940099,Snack Foods,95.3752,OUT017,2007,,Tier 2,Supermarket Type1,1150.5024,90.3752
NCT42,5.88,Low Fat,0.024926013,Household,149.9392,OUT049,1999,Medium,Tier 1,Supermarket Type1,1491.392,144.9392
FDZ21,,Regular,0.039031927,Snack Foods,95.641,OUT027,1985,Medium,Tier 3,Supermarket Type3,1737.738,90.641
FDC50,15.85,Low Fat,0.13727,Canned,94.4094,OUT017,2007,,Tier 2,Supermarket Type1,1904.188,89.4094
FDT40,5.985,Low Fat,0.095989602,Frozen Foods,127.3678,OUT045,2002,,Tier 2,Supermarket Type1,508.6712,122.3678
FDD50,18.85,Low Fat,0.142443405,Canned,170.4132,OUT017,2007,,Tier 2,Supermarket Type1,4396.9432,165.4132
DRI23,18.85,Low Fat,0.137410256,Hard Drinks,161.7578,OUT049,1999,Medium,Tier 1,Supermarket Type1,1604.578,156.7578
FDQ46,7.51,Low Fat,0.104400238,Snack Foods,113.5544,OUT017,2007,,Tier 2,Supermarket Type1,894.8352,108.5544
NCW06,16.2,Low Fat,0,Household,190.8162,OUT035,2004,Small,Tier 2,Supermarket Type1,3271.0754,185.8162
NCX06,17.6,Low Fat,0.015750947,Household,182.5976,OUT018,2009,Medium,Tier 3,Supermarket Type2,1629.8784,177.5976
NCE19,8.97,Low Fat,0.092937216,Household,54.6956,OUT013,1987,High,Tier 3,Supermarket Type1,764.3384,49.6956
FDI60,7.22,Regular,0.03828933,Baking Goods,64.751,OUT013,1987,High,Tier 3,Supermarket Type1,126.502,59.751
FDC47,,Low Fat,0.208162156,Snack Foods,228.1694,OUT019,1985,Small,Tier 1,Grocery Store,228.3694,223.1694
FDE02,8.71,Low Fat,0.121936216,Canned,94.4778,OUT017,2007,,Tier 2,Supermarket Type1,2628.5784,89.4778
FDE11,17.7,Regular,0.135646297,Starchy Foods,186.0924,OUT018,2009,Medium,Tier 3,Supermarket Type2,3516.7556,181.0924
FDP11,15.85,Low Fat,0.069240685,Breads,217.5166,OUT045,2002,,Tier 2,Supermarket Type1,653.1498,212.5166
FDB08,6.055,Low Fat,0.03127929,Fruits and Vegetables,160.3578,OUT017,2007,,Tier 2,Supermarket Type1,2406.867,155.3578
FDL48,,Regular,0.08186804,Baking Goods,46.8034,OUT027,1985,Medium,Tier 3,Supermarket Type3,1069.2748,41.8034
FDH26,19.25,Regular,0.034753686,Canned,141.5496,OUT049,1999,Medium,Tier 1,Supermarket Type1,1976.0944,136.5496
FDI33,16.5,Low Fat,0.028476451,Snack Foods,91.0146,OUT045,2002,,Tier 2,Supermarket Type1,1368.219,86.0146
FDQ26,13.5,Regular,0.067872402,Dairy,57.8562,OUT046,1997,Small,Tier 1,Supermarket Type1,355.5372,52.8562
FDN03,,Regular,0.026420581,Meat,250.9408,OUT019,1985,Small,Tier 1,Grocery Store,1001.3632,245.9408
FDO13,7.865,Low Fat,0.061183503,Breakfast,164.5526,OUT045,2002,,Tier 2,Supermarket Type1,1644.526,159.5526
NCJ29,10.6,Low Fat,0.035247642,Health and Hygiene,84.7224,OUT049,1999,Medium,Tier 1,Supermarket Type1,1619.2256,79.7224
FDE52,,Regular,0.02974207,Dairy,88.9514,OUT027,1985,Medium,Tier 3,Supermarket Type3,3453.5046,83.9514
FDA52,16.2,Regular,0.128397995,Frozen Foods,178.337,OUT035,2004,Small,Tier 2,Supermarket Type1,1411.496,173.337
FDF57,14.5,Regular,0.058918844,Fruits and Vegetables,169.7448,OUT049,1999,Medium,Tier 1,Supermarket Type1,3238.4512,164.7448
NCO26,7.235,Low Fat,0.076791671,Household,116.4492,OUT013,1987,High,Tier 3,Supermarket Type1,2316.984,111.4492
DRL59,16.75,Low Fat,0.021220113,Hard Drinks,55.1298,OUT035,2004,Small,Tier 2,Supermarket Type1,1240.3854,50.1298
FDC60,,Regular,0.2004264,Baking Goods,88.8514,OUT019,1985,Small,Tier 1,Grocery Store,265.6542,83.8514
DRD25,,Low Fat,0.078589629,Soft Drinks,113.286,OUT027,1985,Medium,Tier 3,Supermarket Type3,2716.464,108.286
FDB26,14,Regular,0.031261583,Canned,52.564,OUT035,2004,Small,Tier 2,Supermarket Type1,639.168,47.564
FDK51,19.85,Low Fat,0.005235143,Dairy,265.8884,OUT046,1997,Small,Tier 1,Supermarket Type1,2649.884,260.8884
FDE53,10.895,Low Fat,0.027032204,Frozen Foods,106.328,OUT017,2007,,Tier 2,Supermarket Type1,852.224,101.328
FDV24,5.635,Low Fat,0.172856719,Baking Goods,148.205,OUT010,1998,,Tier 3,Grocery Store,449.415,143.205
FDI34,10.65,Regular,0.085617517,Snack Foods,229.3668,OUT017,2007,,Tier 2,Supermarket Type1,2303.668,224.3668
FDL36,15.1,Low Fat,0.127334766,Baking Goods,88.283,OUT010,1998,,Tier 3,Grocery Store,89.883,83.283
NCA54,16.5,Low Fat,0.036641597,Household,178.7318,OUT046,1997,Small,Tier 1,Supermarket Type1,1263.0226,173.7318
FDI38,13.35,Regular,0.014656564,Canned,208.5638,OUT045,2002,,Tier 2,Supermarket Type1,2277.7018,203.5638
FDG31,12.15,Low Fat,0.037864854,Meat,63.0826,OUT013,1987,High,Tier 3,Supermarket Type1,322.913,58.0826
FDA21,13.65,Low Fat,0.036016619,Snack Foods,186.3924,OUT049,1999,Medium,Tier 1,Supermarket Type1,1295.6468,181.3924
FDI09,20.75,Regular,0.12953868,Seafood,240.288,OUT049,1999,Medium,Tier 1,Supermarket Type1,2396.88,235.288
FDI20,19.1,Low Fat,0.038531668,Fruits and Vegetables,210.6586,OUT013,1987,High,Tier 3,Supermarket Type1,5487.5236,205.6586
DRI51,17.25,LF,0,Dairy,171.5764,OUT045,2002,,Tier 2,Supermarket Type1,4637.9628,166.5764
DRZ11,,Regular,0.112119359,Soft Drinks,123.0388,OUT027,1985,Medium,Tier 3,Supermarket Type3,1981.4208,118.0388
FDY07,,Low Fat,0,Fruits and Vegetables,45.9402,OUT027,1985,Medium,Tier 3,Supermarket Type3,872.8638,40.9402
FDC58,10.195,Low Fat,0.041907414,Snack Foods,43.8428,OUT013,1987,High,Tier 3,Supermarket Type1,175.7712,38.8428
NCC30,16.6,Low Fat,0.027556247,Household,176.6344,OUT013,1987,High,Tier 3,Supermarket Type1,1962.7784,171.6344
FDY03,17.6,Regular,0.076058484,Meat,111.8202,OUT013,1987,High,Tier 3,Supermarket Type1,2025.3636,106.8202
FDZ44,8.185,Low Fat,0.038729057,Fruits and Vegetables,117.1808,OUT046,1997,Small,Tier 1,Supermarket Type1,1874.8928,112.1808
FDP28,13.65,Regular,0.080804019,Frozen Foods,261.1936,OUT045,2002,,Tier 2,Supermarket Type1,2348.9424,256.1936
DRD15,10.6,Low Fat,0.056884225,Dairy,231.9642,OUT049,1999,Medium,Tier 1,Supermarket Type1,3020.7346,226.9642
FDL08,10.8,Low Fat,0.050000257,Fruits and Vegetables,243.9144,OUT017,2007,,Tier 2,Supermarket Type1,4655.2736,238.9144
FDP25,15.2,Low Fat,0.021207519,Canned,219.4824,OUT046,1997,Small,Tier 1,Supermarket Type1,1747.0592,214.4824
DRK59,8.895,Low Fat,0,Hard Drinks,232.9616,OUT045,2002,,Tier 2,Supermarket Type1,2812.3392,227.9616
DRJ24,11.8,Low Fat,0.113307794,Soft Drinks,187.0924,OUT035,2004,Small,Tier 2,Supermarket Type1,1850.924,182.0924
FDU33,7.63,Regular,0.225476528,Snack Foods,45.1402,OUT010,1998,,Tier 3,Grocery Store,45.9402,40.1402
FDX47,6.55,Regular,0.034800079,Breads,157.5288,OUT017,2007,,Tier 2,Supermarket Type1,1571.288,152.5288
FDR46,16.85,Low Fat,0.139301634,Snack Foods,144.976,OUT013,1987,High,Tier 3,Supermarket Type1,2783.044,139.976
FDZ56,,Low Fat,0.025612348,Fruits and Vegetables,168.2474,OUT027,1985,Medium,Tier 3,Supermarket Type3,3200.5006,163.2474
NCO26,7.235,Low Fat,0.077290355,Household,116.9492,OUT017,2007,,Tier 2,Supermarket Type1,2316.984,111.9492
FDV38,19.25,Low Fat,0.1017546,Dairy,55.1956,OUT035,2004,Small,Tier 2,Supermarket Type1,491.3604,50.1956
FDL13,13.85,Regular,0.094265737,Breakfast,233.93,OUT010,1998,,Tier 3,Grocery Store,233.03,228.93
FDD57,18.1,LF,0.022380952,Fruits and Vegetables,93.6094,OUT013,1987,High,Tier 3,Supermarket Type1,476.047,88.6094
FDE46,18.6,Low Fat,0.01575657,Snack Foods,153.1366,OUT013,1987,High,Tier 3,Supermarket Type1,3173.8686,148.1366
FDB28,6.615,Low Fat,0.156307983,Dairy,196.3426,OUT010,1998,,Tier 3,Grocery Store,790.9704,191.3426
FDC41,15.6,Low Fat,0.195688803,Frozen Foods,77.367,OUT010,1998,,Tier 3,Grocery Store,153.134,72.367
DRI23,18.85,Low Fat,0.13747519,Hard Drinks,158.6578,OUT045,2002,,Tier 2,Supermarket Type1,3369.6138,153.6578
FDL33,7.235,Low Fat,0,Snack Foods,197.2452,OUT035,2004,Small,Tier 2,Supermarket Type1,2348.9424,192.2452
FDS03,7.825,Low Fat,0.07962861,Meat,63.4826,OUT046,1997,Small,Tier 1,Supermarket Type1,2002.0606,58.4826
NCY18,,Low Fat,0.03100078,Household,177.0054,OUT027,1985,Medium,Tier 3,Supermarket Type3,2101.2648,172.0054
FDE50,19.7,Regular,0.016202582,Canned,188.2556,OUT035,2004,Small,Tier 2,Supermarket Type1,3379.6008,183.2556
FDT02,12.6,Low Fat,0.024190156,Dairy,34.4874,OUT035,2004,Small,Tier 2,Supermarket Type1,494.0236,29.4874
FDI34,10.65,Regular,0.085308611,Snack Foods,230.2668,OUT045,2002,,Tier 2,Supermarket Type1,5759.17,225.2668
FDO15,16.75,Regular,0.008564925,Meat,73.2038,OUT035,2004,Small,Tier 2,Supermarket Type1,1404.1722,68.2038
DRI39,13.8,LF,0.097457483,Dairy,55.393,OUT018,2009,Medium,Tier 3,Supermarket Type2,1018.674,50.393
NCO14,9.6,Low Fat,0.029619203,Household,43.6086,OUT013,1987,High,Tier 3,Supermarket Type1,624.5204,38.6086
NCN19,13.1,Low Fat,0,Others,189.253,OUT046,1997,Small,Tier 1,Supermarket Type1,1518.024,184.253
DRJ25,14.6,Low Fat,0.150872868,Soft Drinks,47.5692,OUT045,2002,,Tier 2,Supermarket Type1,1379.5376,42.5692
FDE10,6.67,Regular,0.09031453,Snack Foods,130.5626,OUT018,2009,Medium,Tier 3,Supermarket Type2,1180.4634,125.5626
FDQ08,15.7,Regular,0.018930352,Fruits and Vegetables,59.4536,OUT046,1997,Small,Tier 1,Supermarket Type1,857.5504,54.4536
NCQ43,17.75,LF,0.111209003,Others,107.7912,OUT013,1987,High,Tier 3,Supermarket Type1,982.7208,102.7912
FDY57,20.2,reg,0.121153331,Snack Foods,97.3752,OUT013,1987,High,Tier 3,Supermarket Type1,958.752,92.3752
FDQ34,10.85,Low Fat,0.163160327,Snack Foods,107.4622,OUT017,2007,,Tier 2,Supermarket Type1,1693.7952,102.4622
NCG19,20.25,Low Fat,0.148163564,Household,232.7616,OUT049,1999,Medium,Tier 1,Supermarket Type1,1874.8928,227.7616
FDI33,,Low Fat,0.028281197,Snack Foods,90.2146,OUT027,1985,Medium,Tier 3,Supermarket Type3,3648.584,85.2146
FDW27,5.86,Regular,0.150853308,Meat,156.0314,OUT046,1997,Small,Tier 1,Supermarket Type1,2016.7082,151.0314
FDH04,6.115,Regular,0.011437302,Frozen Foods,92.4488,OUT017,2007,,Tier 2,Supermarket Type1,1358.232,87.4488
FDZ39,19.7,Regular,0.018024769,Meat,104.499,OUT046,1997,Small,Tier 1,Supermarket Type1,1031.99,99.499
NCK19,9.8,Low Fat,0.090448534,Others,194.5478,OUT035,2004,Small,Tier 2,Supermarket Type1,774.9912,189.5478
FDY20,12.5,Regular,0.08175276,Fruits and Vegetables,89.0488,OUT046,1997,Small,Tier 1,Supermarket Type1,1267.6832,84.0488
FDN39,19.35,Regular,0.109667698,Meat,166.0816,OUT010,1998,,Tier 3,Grocery Store,671.1264,161.0816
NCY41,16.75,Low Fat,0.075735621,Health and Hygiene,34.5532,OUT046,1997,Small,Tier 1,Supermarket Type1,323.5788,29.5532
NCN14,19.1,Low Fat,0.091917786,Others,182.7608,OUT046,1997,Small,Tier 1,Supermarket Type1,1837.608,177.7608
FDR07,21.35,Low Fat,0.130127365,Fruits and Vegetables,96.2094,OUT010,1998,,Tier 3,Grocery Store,190.4188,91.2094
FDW49,19.5,LF,0.082483516,Canned,179.2002,OUT013,1987,High,Tier 3,Supermarket Type1,2865.6032,174.2002
FDN23,6.575,Regular,0.075507758,Breads,146.4444,OUT046,1997,Small,Tier 1,Supermarket Type1,1596.5884,141.4444
FDS33,6.67,Regular,0.124126756,Snack Foods,88.9514,OUT017,2007,,Tier 2,Supermarket Type1,2125.2336,83.9514
FDY36,12.3,Low Fat,0.009425158,Baking Goods,74.838,OUT049,1999,Medium,Tier 1,Supermarket Type1,1537.998,69.838
FDH20,16.1,Regular,0.024999711,Fruits and Vegetables,97.841,OUT045,2002,,Tier 2,Supermarket Type1,1255.033,92.841
FDR15,,Regular,0.058545606,Meat,155.8314,OUT019,1985,Small,Tier 1,Grocery Store,310.2628,150.8314
NCP50,17.35,Low Fat,0.020676141,Others,80.6618,OUT017,2007,,Tier 2,Supermarket Type1,1208.427,75.6618
FDS40,15.35,Low Fat,0.02346559,Frozen Foods,35.219,OUT010,1998,,Tier 3,Grocery Store,36.619,30.219
FDG38,8.975,Regular,0.05272914,Canned,86.4224,OUT046,1997,Small,Tier 1,Supermarket Type1,1022.6688,81.4224
NCO18,13.15,Low Fat,0.024630755,Household,178.2686,OUT013,1987,High,Tier 3,Supermarket Type1,2666.529,173.2686
NCO54,19.5,LF,0.014274292,Household,55.6614,OUT046,1997,Small,Tier 1,Supermarket Type1,718.3982,50.6614
NCW18,15.1,Low Fat,0.059313603,Household,238.1248,OUT035,2004,Small,Tier 2,Supermarket Type1,4266.4464,233.1248
FDB36,5.465,Regular,0.048518008,Baking Goods,132.9626,OUT035,2004,Small,Tier 2,Supermarket Type1,2360.9268,127.9626
FDJ45,17.75,Low Fat,0.073349552,Seafood,34.2216,OUT013,1987,High,Tier 3,Supermarket Type1,934.7832,29.2216
FDP60,,Low Fat,0.055648052,Baking Goods,100.3016,OUT027,1985,Medium,Tier 3,Supermarket Type3,2833.6448,95.3016
DRD12,6.96,Low Fat,0.077129323,Soft Drinks,92.7146,OUT013,1987,High,Tier 3,Supermarket Type1,1733.0774,87.7146
FDR47,17.85,Low Fat,0.087824967,Breads,196.0794,OUT018,2009,Medium,Tier 3,Supermarket Type2,1755.7146,191.0794
FDJ10,5.095,Regular,0.130031207,Snack Foods,142.4838,OUT018,2009,Medium,Tier 3,Supermarket Type2,561.9352,137.4838
DRC25,5.73,Low Fat,0.045334098,Soft Drinks,87.0882,OUT013,1987,High,Tier 3,Supermarket Type1,1803.6522,82.0882
NCW54,7.5,Low Fat,0.096333029,Household,57.8588,OUT013,1987,High,Tier 3,Supermarket Type1,1145.176,52.8588
FDA26,7.855,Regular,0.073858923,Dairy,218.6482,OUT013,1987,High,Tier 3,Supermarket Type1,3723.8194,213.6482
DRF01,5.655,LF,0.175047104,Soft Drinks,146.9102,OUT035,2004,Small,Tier 2,Supermarket Type1,1895.5326,141.9102
NCZ17,12.15,Low Fat,0.132952286,Health and Hygiene,37.6506,OUT010,1998,,Tier 3,Grocery Store,37.9506,32.6506
FDK46,9.6,Low Fat,0.086145867,Snack Foods,258.362,OUT010,1998,,Tier 3,Grocery Store,259.662,253.362
NCU41,18.85,Low Fat,0.0520115,Health and Hygiene,190.3846,OUT013,1987,High,Tier 3,Supermarket Type1,3630.6074,185.3846
FDV20,20.2,Regular,0.059790095,Fruits and Vegetables,127.4678,OUT035,2004,Small,Tier 2,Supermarket Type1,3560.6984,122.4678
FDT15,12.15,Regular,0.071440118,Meat,182.295,OUT010,1998,,Tier 3,Grocery Store,549.285,177.295
DRI25,19.6,Low Fat,0.03395415,Soft Drinks,56.4614,OUT049,1999,Medium,Tier 1,Supermarket Type1,773.6596,51.4614
FDA40,16,Regular,0.099271209,Frozen Foods,88.5856,OUT046,1997,Small,Tier 1,Supermarket Type1,878.856,83.5856
FDZ15,,Low Fat,0.020769677,Dairy,117.5782,OUT027,1985,Medium,Tier 3,Supermarket Type3,2741.0986,112.5782
FDM13,6.425,Low Fat,0.06316338,Breakfast,132.2626,OUT035,2004,Small,Tier 2,Supermarket Type1,2098.6016,127.2626
NCM05,6.825,Low Fat,0.059846975,Health and Hygiene,262.5226,OUT046,1997,Small,Tier 1,Supermarket Type1,9779.9362,257.5226
FDD38,,reg,0.014342659,Canned,103.7674,OUT019,1985,Small,Tier 1,Grocery Store,203.7348,98.7674
DRI01,7.97,Low Fat,0.057667173,Soft Drinks,172.1422,OUT010,1998,,Tier 3,Grocery Store,517.3266,167.1422
DRG13,17.25,Low Fat,0.037155206,Soft Drinks,166.4526,OUT013,1987,High,Tier 3,Supermarket Type1,3782.4098,161.4526
NCT30,9.1,Low Fat,0.080417724,Household,48.8718,OUT049,1999,Medium,Tier 1,Supermarket Type1,425.4462,43.8718
NCG42,19.2,Low Fat,0.041227831,Household,129.831,OUT046,1997,Small,Tier 1,Supermarket Type1,1947.465,124.831
FDB14,,Regular,0.102226474,Canned,91.312,OUT027,1985,Medium,Tier 3,Supermarket Type3,3075.996,86.312
FDO27,,Regular,0.178210285,Meat,95.7752,OUT027,1985,Medium,Tier 3,Supermarket Type3,3930.8832,90.7752
FDC14,14.5,Regular,0.06904249,Canned,41.4454,OUT010,1998,,Tier 3,Grocery Store,41.9454,36.4454
FDB49,,Regular,0.052791124,Baking Goods,98.5384,OUT019,1985,Small,Tier 1,Grocery Store,591.2304,93.5384
FDZ23,17.75,Regular,0.067607749,Baking Goods,188.024,OUT049,1999,Medium,Tier 1,Supermarket Type1,2796.36,183.024
FDJ52,7.145,Low Fat,0.017887474,Frozen Foods,160.6578,OUT017,2007,,Tier 2,Supermarket Type1,1765.0358,155.6578
FDJ56,8.985,Low Fat,0.184440421,Fruits and Vegetables,99.67,OUT017,2007,,Tier 2,Supermarket Type1,3295.71,94.67
NCR54,16.35,low fat,0.091074449,Household,196.811,OUT017,2007,,Tier 2,Supermarket Type1,3338.987,191.811
DRF01,5.655,Low Fat,0,Soft Drinks,147.5102,OUT046,1997,Small,Tier 1,Supermarket Type1,1166.4816,142.5102
DRK12,9.5,Low Fat,0.041951439,Soft Drinks,32.49,OUT049,1999,Medium,Tier 1,Supermarket Type1,865.54,27.49
FDL58,5.78,Regular,0.074087369,Snack Foods,264.9568,OUT013,1987,High,Tier 3,Supermarket Type1,6855.0768,259.9568
FDD44,8.05,Regular,0,Fruits and Vegetables,257.5646,OUT013,1987,High,Tier 3,Supermarket Type1,5153.292,252.5646
FDT50,6.75,Regular,0.108679906,Dairy,95.6752,OUT018,2009,Medium,Tier 3,Supermarket Type2,1246.3776,90.6752
DRM23,16.6,Low Fat,0.136500981,Hard Drinks,173.3422,OUT017,2007,,Tier 2,Supermarket Type1,4138.6128,168.3422
NCM31,6.095,Low Fat,0.081361288,Others,141.9154,OUT045,2002,,Tier 2,Supermarket Type1,2694.4926,136.9154
FDY21,15.1,Low Fat,0,Snack Foods,197.211,OUT010,1998,,Tier 3,Grocery Store,196.411,192.211
FDR22,19.35,Regular,0.018591464,Snack Foods,112.9544,OUT049,1999,Medium,Tier 1,Supermarket Type1,1342.2528,107.9544
NCV06,11.3,Low Fat,0.066952965,Household,192.0478,OUT018,2009,Medium,Tier 3,Supermarket Type2,3099.9648,187.0478
FDR45,10.8,Low Fat,0.029107004,Snack Foods,240.5222,OUT017,2007,,Tier 2,Supermarket Type1,4541.4218,235.5222
FDH60,19.7,Regular,0,Baking Goods,194.411,OUT049,1999,Medium,Tier 1,Supermarket Type1,5106.686,189.411
FDR08,,Low Fat,0.065872936,Fruits and Vegetables,113.1886,OUT019,1985,Small,Tier 1,Grocery Store,111.1886,108.1886
FDA47,10.5,Regular,0.117149075,Baking Goods,164.121,OUT018,2009,Medium,Tier 3,Supermarket Type2,1794.331,159.121
FDS37,7.655,Low Fat,0.031994534,Canned,114.3492,OUT049,1999,Medium,Tier 1,Supermarket Type1,1853.5872,109.3492
FDF12,8.235,Low Fat,0.08276363,Baking Goods,146.5076,OUT018,2009,Medium,Tier 3,Supermarket Type2,1625.8836,141.5076
FDP24,20.6,Low Fat,0.083004078,Baking Goods,119.4756,OUT046,1997,Small,Tier 1,Supermarket Type1,1090.5804,114.4756
FDU20,19.35,Regular,0.021490911,Fruits and Vegetables,122.1098,OUT049,1999,Medium,Tier 1,Supermarket Type1,2892.2352,117.1098
FDW44,9.5,Regular,0.058835928,Fruits and Vegetables,170.2448,OUT010,1998,,Tier 3,Grocery Store,170.4448,165.2448
FDY39,5.305,Regular,0.07871639,Meat,183.5608,OUT010,1998,,Tier 3,Grocery Store,551.2824,178.5608
DRD37,9.8,Low Fat,0.013869809,Soft Drinks,47.406,OUT045,2002,,Tier 2,Supermarket Type1,978.726,42.406
FDZ35,9.6,Regular,0.022274264,Breads,101.699,OUT035,2004,Small,Tier 2,Supermarket Type1,2992.771,96.699
FDB50,13,LF,0.153618566,Canned,79.6986,OUT046,1997,Small,Tier 1,Supermarket Type1,1480.0734,74.6986
FDY10,17.6,Low Fat,0.049267759,Snack Foods,113.0176,OUT018,2009,Medium,Tier 3,Supermarket Type2,2862.94,108.0176
FDK41,14.3,Low Fat,0.12826315,Frozen Foods,83.4224,OUT017,2007,,Tier 2,Supermarket Type1,681.7792,78.4224
FDL24,10.3,Regular,0.02494708,Baking Goods,172.3422,OUT045,2002,,Tier 2,Supermarket Type1,5690.5926,167.3422
FDZ07,15.1,Regular,0.157154813,Fruits and Vegetables,62.2194,OUT010,1998,,Tier 3,Grocery Store,185.7582,57.2194
DRI03,6.03,Low Fat,0.022832115,Dairy,176.7028,OUT017,2007,,Tier 2,Supermarket Type1,1416.8224,171.7028
FDW56,7.68,Low Fat,0.070900282,Fruits and Vegetables,192.6162,OUT046,1997,Small,Tier 1,Supermarket Type1,5580.0698,187.6162
FDR20,20,Regular,0.028180789,Fruits and Vegetables,46.8744,OUT045,2002,,Tier 2,Supermarket Type1,905.488,41.8744
FDC50,15.85,Low Fat,0.136497913,Canned,96.3094,OUT046,1997,Small,Tier 1,Supermarket Type1,2856.282,91.3094
NCX05,15.2,Low Fat,0.162462044,Health and Hygiene,117.6492,OUT010,1998,,Tier 3,Grocery Store,347.5476,112.6492
FDU23,12.15,Low Fat,0,Breads,164.7184,OUT046,1997,Small,Tier 1,Supermarket Type1,3962.8416,159.7184
FDN45,19.35,Low Fat,0.118080437,Snack Foods,222.6088,OUT035,2004,Small,Tier 2,Supermarket Type1,6040.1376,217.6088
FDQ51,,Regular,0.017466284,Meat,45.4718,OUT027,1985,Medium,Tier 3,Supermarket Type3,1323.6104,40.4718
FDH21,,Low Fat,0.031073804,Seafood,157.5604,OUT027,1985,Medium,Tier 3,Supermarket Type3,5704.5744,152.5604
DRZ11,8.85,Regular,0.113302223,Soft Drinks,125.1388,OUT017,2007,,Tier 2,Supermarket Type1,1114.5492,120.1388
NCI43,19.85,Low Fat,0.025968706,Household,49.5376,OUT046,1997,Small,Tier 1,Supermarket Type1,1006.6896,44.5376
DRF03,19.1,Low Fat,0.045400017,Dairy,38.8138,OUT045,2002,,Tier 2,Supermarket Type1,690.4346,33.8138
NCF30,17,Low Fat,0.126958147,Household,125.8362,OUT017,2007,,Tier 2,Supermarket Type1,2516.724,120.8362
FDB12,11.15,Regular,0.105307659,Baking Goods,102.0648,OUT046,1997,Small,Tier 1,Supermarket Type1,1038.648,97.0648
FDW19,12.35,Regular,0.038500421,Fruits and Vegetables,110.757,OUT046,1997,Small,Tier 1,Supermarket Type1,1208.427,105.757
FDB45,20.85,Low Fat,0.02137305,Fruits and Vegetables,103.3306,OUT045,2002,,Tier 2,Supermarket Type1,522.653,98.3306
FDY55,,Low Fat,0,Fruits and Vegetables,255.7988,OUT027,1985,Medium,Tier 3,Supermarket Type3,9251.9568,250.7988
FDK40,7.035,Low Fat,0,Frozen Foods,263.291,OUT010,1998,,Tier 3,Grocery Store,525.982,258.291
FDU11,4.785,Low Fat,0.09297084,Breads,122.0098,OUT018,2009,Medium,Tier 3,Supermarket Type2,2048.6666,117.0098
FDP33,,Low Fat,0.088839949,Snack Foods,254.2672,OUT027,1985,Medium,Tier 3,Supermarket Type3,10993.6896,249.2672
FDN49,17.25,Regular,0.209600084,Breakfast,40.348,OUT010,1998,,Tier 3,Grocery Store,39.948,35.348
FDR15,9.3,Regular,0.033505804,Meat,153.4314,OUT045,2002,,Tier 2,Supermarket Type1,2482.1024,148.4314
FDO38,17.25,Low Fat,0.072986772,Canned,78.8986,OUT045,2002,,Tier 2,Supermarket Type1,1635.8706,73.8986
DRC24,17.85,Low Fat,0.024961677,Soft Drinks,153.1998,OUT017,2007,,Tier 2,Supermarket Type1,3383.5956,148.1998
NCU17,,Low Fat,0.092433518,Health and Hygiene,101.6674,OUT027,1985,Medium,Tier 3,Supermarket Type3,1426.1436,96.6674
FDK22,9.8,Low Fat,0.026081567,Snack Foods,217.585,OUT035,2004,Small,Tier 2,Supermarket Type1,4327.7,212.585
DRP35,18.85,Low Fat,0.09079168,Hard Drinks,127.1336,OUT013,1987,High,Tier 3,Supermarket Type1,3579.3408,122.1336
NCL29,9.695,Low Fat,0.113917889,Health and Hygiene,158.2604,OUT035,2004,Small,Tier 2,Supermarket Type1,2693.8268,153.2604
FDG53,10,Low Fat,0.045928229,Frozen Foods,138.118,OUT049,1999,Medium,Tier 1,Supermarket Type1,1957.452,133.118
DRM23,16.6,Low Fat,0.135620265,Hard Drinks,172.9422,OUT013,1987,High,Tier 3,Supermarket Type1,2931.5174,167.9422
FDR09,18.25,Low Fat,0.077709902,Snack Foods,259.6962,OUT035,2004,Small,Tier 2,Supermarket Type1,5438.9202,254.6962
NCJ30,5.82,Low Fat,0.134975628,Household,170.579,OUT010,1998,,Tier 3,Grocery Store,509.337,165.579
FDZ04,9.31,Low Fat,0.037955094,Frozen Foods,62.151,OUT046,1997,Small,Tier 1,Supermarket Type1,1201.769,57.151
FDM10,18.25,Low Fat,0.076125668,Snack Foods,214.0218,OUT045,2002,,Tier 2,Supermarket Type1,2564.6616,209.0218
FDR21,19.7,Low Fat,0.067039526,Snack Foods,178.337,OUT049,1999,Medium,Tier 1,Supermarket Type1,1411.496,173.337
DRJ49,6.865,Low Fat,0.014021626,Soft Drinks,127.1652,OUT045,2002,,Tier 2,Supermarket Type1,1291.652,122.1652
FDJ15,11.35,Regular,0.023358738,Dairy,184.4608,OUT049,1999,Medium,Tier 1,Supermarket Type1,4042.7376,179.4608
FDO34,17.7,Low Fat,0.029933275,Snack Foods,169.0816,OUT035,2004,Small,Tier 2,Supermarket Type1,5201.2296,164.0816
NCG30,,Low Fat,0.111777297,Household,124.6046,OUT027,1985,Medium,Tier 3,Supermarket Type3,2863.6058,119.6046
FDS60,20.85,Low Fat,0.032448523,Baking Goods,177.866,OUT046,1997,Small,Tier 1,Supermarket Type1,1078.596,172.866
FDX57,17.25,Regular,0.047266211,Snack Foods,97.0068,OUT046,1997,Small,Tier 1,Supermarket Type1,1846.9292,92.0068
FDS40,15.35,Low Fat,0.01404119,Frozen Foods,38.419,OUT049,1999,Medium,Tier 1,Supermarket Type1,476.047,33.419
FDT08,13.65,LF,0.04917754,Fruits and Vegetables,151.805,OUT013,1987,High,Tier 3,Supermarket Type1,2696.49,146.805
NCN29,15.2,Low Fat,0.020280476,Health and Hygiene,49.1034,OUT010,1998,,Tier 3,Grocery Store,194.4136,44.1034
FDY27,6.38,Low Fat,0.031962866,Dairy,178.0344,OUT045,2002,,Tier 2,Supermarket Type1,535.3032,173.0344
NCR29,,Low Fat,0.054376275,Health and Hygiene,56.293,OUT027,1985,Medium,Tier 3,Supermarket Type3,2546.685,51.293
FDZ02,6.905,Regular,0.063850971,Dairy,97.2726,OUT010,1998,,Tier 3,Grocery Store,195.7452,92.2726
FDP40,,Regular,0.060154968,Frozen Foods,110.1544,OUT019,1985,Small,Tier 1,Grocery Store,111.8544,105.1544
FDE11,,Regular,0.134441765,Starchy Foods,183.9924,OUT027,1985,Medium,Tier 3,Supermarket Type3,6478.234,178.9924
DRL35,15.7,Low Fat,0.03067808,Hard Drinks,44.777,OUT013,1987,High,Tier 3,Supermarket Type1,605.878,39.777
FDD56,15.2,Regular,0.103758647,Fruits and Vegetables,177.0054,OUT035,2004,Small,Tier 2,Supermarket Type1,2976.7918,172.0054
FDO39,,Regular,0.136701678,Meat,182.1608,OUT027,1985,Medium,Tier 3,Supermarket Type3,5880.3456,177.1608
FDG32,,Low Fat,0.308145448,Fruits and Vegetables,222.0772,OUT019,1985,Small,Tier 1,Grocery Store,889.5088,217.0772
FDU50,,Regular,0.074806196,Dairy,112.9176,OUT027,1985,Medium,Tier 3,Supermarket Type3,3435.528,107.9176
FDX24,8.355,low fat,0.013926425,Baking Goods,93.0462,OUT035,2004,Small,Tier 2,Supermarket Type1,1110.5544,88.0462
NCN43,12.15,Low Fat,0.006754117,Others,122.173,OUT013,1987,High,Tier 3,Supermarket Type1,2586.633,117.173
FDK34,13.35,Low Fat,0,Snack Foods,238.7564,OUT018,2009,Medium,Tier 3,Supermarket Type2,1906.8512,233.7564
NCN41,17,Low Fat,0.052209303,Health and Hygiene,122.373,OUT046,1997,Small,Tier 1,Supermarket Type1,2586.633,117.373
FDW16,17.35,Regular,0.041538713,Frozen Foods,93.1804,OUT049,1999,Medium,Tier 1,Supermarket Type1,1378.206,88.1804
FDP46,,Low Fat,0.13064231,Snack Foods,88.383,OUT019,1985,Small,Tier 1,Grocery Store,89.883,83.383
NCD07,9.1,Low Fat,0.055382616,Household,115.0518,OUT013,1987,High,Tier 3,Supermarket Type1,683.1108,110.0518
FDG44,6.13,Low Fat,0,Fruits and Vegetables,54.1298,OUT046,1997,Small,Tier 1,Supermarket Type1,1348.245,49.1298
FDC20,,low fat,0.041970938,Fruits and Vegetables,55.4272,OUT019,1985,Small,Tier 1,Grocery Store,111.8544,50.4272
FDB23,19.2,reg,0.005583951,Starchy Foods,226.9062,OUT013,1987,High,Tier 3,Supermarket Type1,4514.124,221.9062
DRK59,8.895,Low Fat,0.075757177,Hard Drinks,233.8616,OUT018,2009,Medium,Tier 3,Supermarket Type2,937.4464,228.8616
FDT31,19.75,Low Fat,0.012467648,Fruits and Vegetables,188.1872,OUT049,1999,Medium,Tier 1,Supermarket Type1,2458.1336,183.1872
FDB15,10.895,Low Fat,0.137368051,Dairy,264.3568,OUT018,2009,Medium,Tier 3,Supermarket Type2,4745.8224,259.3568
FDI56,,Low Fat,0.092933158,Fruits and Vegetables,91.0146,OUT027,1985,Medium,Tier 3,Supermarket Type3,3466.1548,86.0146
NCQ17,10.3,LF,0.117593973,Health and Hygiene,154.463,OUT017,2007,,Tier 2,Supermarket Type1,2503.408,149.463
FDH44,19.1,Regular,0.026018497,Fruits and Vegetables,148.2418,OUT017,2007,,Tier 2,Supermarket Type1,3089.9778,143.2418
FDP40,4.555,Regular,0.034410585,Frozen Foods,111.3544,OUT049,1999,Medium,Tier 1,Supermarket Type1,1342.2528,106.3544
NCR17,,Low Fat,0.02426524,Health and Hygiene,114.0492,OUT027,1985,Medium,Tier 3,Supermarket Type3,3938.8728,109.0492
NCO53,16.2,Low Fat,0.176175402,Health and Hygiene,184.0608,OUT017,2007,,Tier 2,Supermarket Type1,2021.3688,179.0608
FDG38,8.975,Regular,0.088257771,Canned,84.1224,OUT010,1998,,Tier 3,Grocery Store,170.4448,79.1224
FDO01,21.1,Regular,0.020750867,Breakfast,128.7994,OUT049,1999,Medium,Tier 1,Supermarket Type1,1927.491,123.7994
NCQ43,17.75,Low Fat,0.111527348,Others,110.2912,OUT045,2002,,Tier 2,Supermarket Type1,873.5296,105.2912
FDU47,12.8,Regular,0.114318263,Breads,142.2838,OUT018,2009,Medium,Tier 3,Supermarket Type2,421.4514,137.2838
FDZ02,6.905,Regular,0.038363204,Dairy,98.1726,OUT017,2007,,Tier 2,Supermarket Type1,587.2356,93.1726
FDS04,10.195,Regular,0.245483691,Frozen Foods,141.8838,OUT010,1998,,Tier 3,Grocery Store,280.9676,136.8838
FDQ31,5.785,Regular,0.053930934,Fruits and Vegetables,87.3856,OUT049,1999,Medium,Tier 1,Supermarket Type1,878.856,82.3856
FDT57,,Low Fat,0.018942606,Snack Foods,236.0248,OUT027,1985,Medium,Tier 3,Supermarket Type3,6636.6944,231.0248
FDK50,7.96,Low Fat,0.028339599,Canned,162.4894,OUT013,1987,High,Tier 3,Supermarket Type1,1779.6834,157.4894
FDB49,8.3,Regular,0.030151351,Baking Goods,98.7384,OUT046,1997,Small,Tier 1,Supermarket Type1,492.692,93.7384
FDN56,5.46,Regular,0.107274301,Fruits and Vegetables,145.5786,OUT045,2002,,Tier 2,Supermarket Type1,3900.9222,140.5786
FDU02,13.35,Low Fat,0.102670882,Dairy,228.6352,OUT049,1999,Medium,Tier 1,Supermarket Type1,3435.528,223.6352
FDK26,5.46,reg,0.032177405,Canned,185.424,OUT046,1997,Small,Tier 1,Supermarket Type1,5219.872,180.424
DRA24,,Regular,0.039734882,Soft Drinks,165.7868,OUT027,1985,Medium,Tier 3,Supermarket Type3,4913.604,160.7868
FDF53,20.75,Regular,0.083536989,Frozen Foods,180.3318,OUT013,1987,High,Tier 3,Supermarket Type1,4149.9314,175.3318
NCZ30,6.59,Low Fat,0.026225693,Household,119.0098,OUT049,1999,Medium,Tier 1,Supermarket Type1,2530.7058,114.0098
FDF14,7.55,Low Fat,0.0273235,Canned,151.934,OUT017,2007,,Tier 2,Supermarket Type1,1837.608,146.934
FDU40,20.85,Low Fat,0.03747983,Frozen Foods,192.7478,OUT045,2002,,Tier 2,Supermarket Type1,2131.2258,187.7478
NCL18,18.85,Low Fat,0.168531813,Household,192.5136,OUT017,2007,,Tier 2,Supermarket Type1,2916.204,187.5136
FDP25,15.2,Low Fat,0.021293909,Canned,218.4824,OUT018,2009,Medium,Tier 3,Supermarket Type2,1528.6768,213.4824
NCV05,10.1,Low Fat,0.030269774,Health and Hygiene,152.4656,OUT045,2002,,Tier 2,Supermarket Type1,2934.8464,147.4656
FDV49,10,Low Fat,0.025822315,Canned,262.7226,OUT035,2004,Small,Tier 2,Supermarket Type1,3171.8712,257.7226
FDJ56,8.985,LF,0.183688161,Fruits and Vegetables,100.27,OUT049,1999,Medium,Tier 1,Supermarket Type1,998.7,95.27
FDI40,11.5,Regular,0.125579201,Frozen Foods,99.7358,OUT035,2004,Small,Tier 2,Supermarket Type1,1105.8938,94.7358
NCK05,,Low Fat,0.077079177,Health and Hygiene,61.5536,OUT027,1985,Medium,Tier 3,Supermarket Type3,918.804,56.5536
NCI43,19.85,Low Fat,0.026074491,Household,48.6376,OUT018,2009,Medium,Tier 3,Supermarket Type2,575.2512,43.6376
NCE42,21.1,Low Fat,0.010593469,Household,234.2958,OUT013,1987,High,Tier 3,Supermarket Type1,3739.1328,229.2958
FDP40,4.555,Regular,0.034357169,Frozen Foods,112.6544,OUT046,1997,Small,Tier 1,Supermarket Type1,2684.5056,107.6544
FDU40,20.85,Low Fat,0.037396901,Frozen Foods,193.8478,OUT035,2004,Small,Tier 2,Supermarket Type1,2712.4692,188.8478
DRK47,7.905,Low Fat,0.064011067,Hard Drinks,230.2694,OUT013,1987,High,Tier 3,Supermarket Type1,4567.388,225.2694
FDR32,6.78,Regular,0.085981978,Fruits and Vegetables,228.4694,OUT045,2002,,Tier 2,Supermarket Type1,5480.8656,223.4694
FDS43,,Low Fat,0.040318693,Fruits and Vegetables,186.224,OUT027,1985,Medium,Tier 3,Supermarket Type3,5033.448,181.224
FDH50,15,Regular,0.161762835,Canned,185.9266,OUT045,2002,,Tier 2,Supermarket Type1,2581.9724,180.9266
FDZ09,17.6,Low Fat,0.104878967,Snack Foods,164.8868,OUT046,1997,Small,Tier 1,Supermarket Type1,2456.802,159.8868
FDS19,13.8,Regular,0.107469819,Fruits and Vegetables,77.8012,OUT010,1998,,Tier 3,Grocery Store,227.7036,72.8012
NCU30,5.11,Low Fat,0.034868095,Household,163.821,OUT035,2004,Small,Tier 2,Supermarket Type1,2120.573,158.821
FDI27,8.71,Regular,0.046079575,Dairy,43.5744,OUT045,2002,,Tier 2,Supermarket Type1,407.4696,38.5744
FDQ09,7.235,Low Fat,0.058083831,Snack Foods,113.6834,OUT013,1987,High,Tier 3,Supermarket Type1,230.3668,108.6834
FDB35,12.3,Regular,0.064618976,Starchy Foods,89.8804,OUT046,1997,Small,Tier 1,Supermarket Type1,1286.3256,84.8804
DRD12,6.96,Low Fat,0.077178965,Soft Drinks,93.1146,OUT035,2004,Small,Tier 2,Supermarket Type1,2189.1504,88.1146
FDW07,18,Regular,0.142910689,Fruits and Vegetables,89.6514,OUT049,1999,Medium,Tier 1,Supermarket Type1,1859.5794,84.6514
DRE13,6.28,Low Fat,0.027682047,Soft Drinks,85.5198,OUT013,1987,High,Tier 3,Supermarket Type1,1744.396,80.5198
FDR11,10.5,Regular,0.142511272,Breads,158.7578,OUT035,2004,Small,Tier 2,Supermarket Type1,2246.4092,153.7578
DRG36,14.15,low fat,0.09557165,Soft Drinks,171.0106,OUT045,2002,,Tier 2,Supermarket Type1,4106.6544,166.0106
DRD37,9.8,LF,0.02316823,Soft Drinks,47.506,OUT010,1998,,Tier 3,Grocery Store,186.424,42.506
FDX03,15.85,Regular,0.061045133,Meat,44.7744,OUT013,1987,High,Tier 3,Supermarket Type1,181.0976,39.7744
FDU46,10.3,Regular,0.011148865,Snack Foods,84.854,OUT045,2002,,Tier 2,Supermarket Type1,778.986,79.854
FDV03,17.6,Low Fat,0.058091269,Meat,156.2314,OUT046,1997,Small,Tier 1,Supermarket Type1,2947.4966,151.2314
FDZ37,,Regular,0.019672774,Canned,86.4198,OUT027,1985,Medium,Tier 3,Supermarket Type3,1918.8356,81.4198
FDI24,10.3,Low Fat,0.078678276,Baking Goods,177.037,OUT013,1987,High,Tier 3,Supermarket Type1,3705.177,172.037
FDX33,9.195,Regular,0.117667492,Snack Foods,159.5578,OUT049,1999,Medium,Tier 1,Supermarket Type1,1283.6624,154.5578
FDG47,12.8,Low Fat,0.069902438,Starchy Foods,261.3252,OUT018,2009,Medium,Tier 3,Supermarket Type2,3410.2276,256.3252
FDZ57,10,Regular,0.037757166,Snack Foods,126.7994,OUT035,2004,Small,Tier 2,Supermarket Type1,1284.994,121.7994
FDT04,17.25,Low Fat,0.107021498,Frozen Foods,40.5822,OUT035,2004,Small,Tier 2,Supermarket Type1,785.644,35.5822
FDO49,,Regular,0.032892112,Breakfast,49.3008,OUT027,1985,Medium,Tier 3,Supermarket Type3,1518.024,44.3008
NCB43,20.2,Low Fat,0.100477461,Household,187.7898,OUT017,2007,,Tier 2,Supermarket Type1,2245.0776,182.7898
NCL53,7.5,Low Fat,0.036228067,Health and Hygiene,175.2028,OUT035,2004,Small,Tier 2,Supermarket Type1,4427.57,170.2028
FDM01,7.895,Regular,0.094488485,Breakfast,100.7332,OUT013,1987,High,Tier 3,Supermarket Type1,1230.3984,95.7332
FDO12,15.75,Low Fat,0.055154296,Baking Goods,195.5452,OUT018,2009,Medium,Tier 3,Supermarket Type2,1174.4712,190.5452
FDO13,,Low Fat,0.106907604,Breakfast,162.8526,OUT019,1985,Small,Tier 1,Grocery Store,493.3578,157.8526
FDI04,13.65,reg,0.073060301,Frozen Foods,196.2426,OUT045,2002,,Tier 2,Supermarket Type1,2570.6538,191.2426
NCK05,20.1,Low Fat,0.077439606,Health and Hygiene,60.6536,OUT035,2004,Small,Tier 2,Supermarket Type1,980.0576,55.6536
FDP28,13.65,Regular,0.080968973,Frozen Foods,259.7936,OUT018,2009,Medium,Tier 3,Supermarket Type2,2609.936,254.7936
FDJ44,12.3,Regular,0.106492562,Fruits and Vegetables,176.3396,OUT049,1999,Medium,Tier 1,Supermarket Type1,1395.5168,171.3396
FDS25,,Regular,0.139330557,Canned,109.5228,OUT027,1985,Medium,Tier 3,Supermarket Type3,3426.2068,104.5228
FDC02,21.35,Low Fat,0.068822477,Canned,258.3278,OUT046,1997,Small,Tier 1,Supermarket Type1,7028.8506,253.3278
FDT23,7.72,Regular,0.074669288,Breads,76.3986,OUT013,1987,High,Tier 3,Supermarket Type1,1402.1748,71.3986
NCD31,12.1,Low Fat,0.025834128,Household,165.1526,OUT010,1998,,Tier 3,Grocery Store,164.4526,160.1526
FDV19,14.85,Regular,0.035227697,Fruits and Vegetables,159.5578,OUT013,1987,High,Tier 3,Supermarket Type1,2085.9514,154.5578
NCQ30,,Low Fat,0.050901814,Household,120.5414,OUT019,1985,Small,Tier 1,Grocery Store,365.5242,115.5414
NCD18,16,Low Fat,0.072965144,Household,231.3668,OUT018,2009,Medium,Tier 3,Supermarket Type2,4607.336,226.3668
FDL10,8.395,Low Fat,0.039492207,Snack Foods,97.3042,OUT046,1997,Small,Tier 1,Supermarket Type1,1091.2462,92.3042
FDX20,7.365,Low Fat,0.042552205,Fruits and Vegetables,225.172,OUT035,2004,Small,Tier 2,Supermarket Type1,3395.58,220.172
FDM32,20.5,Low Fat,0.020587886,Fruits and Vegetables,89.583,OUT013,1987,High,Tier 3,Supermarket Type1,1797.66,84.583
FDR09,18.25,Low Fat,0.130095044,Snack Foods,257.2962,OUT010,1998,,Tier 3,Grocery Store,517.9924,252.2962
FDL34,,Low Fat,0.040747616,Snack Foods,140.2496,OUT027,1985,Medium,Tier 3,Supermarket Type3,4093.3384,135.2496
NCK42,7.475,LF,0.013146636,Household,214.5192,OUT045,2002,,Tier 2,Supermarket Type1,2804.3496,209.5192
FDU23,12.15,Low Fat,0.02176755,Breads,164.6184,OUT045,2002,,Tier 2,Supermarket Type1,3797.7232,159.6184
DRI01,7.97,Low Fat,0,Soft Drinks,172.0422,OUT018,2009,Medium,Tier 3,Supermarket Type2,5690.5926,167.0422
FDG16,15.25,Low Fat,0.08995645,Frozen Foods,217.1192,OUT049,1999,Medium,Tier 1,Supermarket Type1,3235.788,212.1192
FDY56,16.35,Regular,0.062665642,Fruits and Vegetables,225.6062,OUT018,2009,Medium,Tier 3,Supermarket Type2,1579.9434,220.6062
FDO24,11.1,Low Fat,0.176182345,Baking Goods,158.1604,OUT035,2004,Small,Tier 2,Supermarket Type1,1901.5248,153.1604
NCV29,11.8,Low Fat,0.022843501,Health and Hygiene,177.8686,OUT046,1997,Small,Tier 1,Supermarket Type1,4621.9836,172.8686
FDQ48,14.3,Regular,0.034411238,Baking Goods,98.6726,OUT046,1997,Small,Tier 1,Supermarket Type1,782.9808,93.6726
FDU15,13.65,Regular,0,Meat,36.6532,OUT017,2007,,Tier 2,Supermarket Type1,755.0172,31.6532
FDS47,16.75,Low Fat,0.128861359,Breads,86.2856,OUT035,2004,Small,Tier 2,Supermarket Type1,1406.1696,81.2856
FDO50,16.25,Low Fat,0.078290271,Canned,93.1804,OUT049,1999,Medium,Tier 1,Supermarket Type1,1194.4452,88.1804
FDW48,18,Low Fat,0.008539208,Baking Goods,81.2618,OUT035,2004,Small,Tier 2,Supermarket Type1,402.809,76.2618
FDV20,20.2,Regular,0.100095288,Fruits and Vegetables,125.2678,OUT010,1998,,Tier 3,Grocery Store,127.1678,120.2678
FDW47,15,Low Fat,0.046447328,Breads,121.5414,OUT049,1999,Medium,Tier 1,Supermarket Type1,2436.828,116.5414
FDA07,,Regular,0.030794774,Fruits and Vegetables,122.9072,OUT027,1985,Medium,Tier 3,Supermarket Type3,4532.7664,117.9072
FDZ16,,Regular,0.159081735,Frozen Foods,193.5478,OUT027,1985,Medium,Tier 3,Supermarket Type3,4649.9472,188.5478
FDN09,,low fat,0.034705807,Snack Foods,241.6828,OUT027,1985,Medium,Tier 3,Supermarket Type3,4873.656,236.6828
FDB50,13,Low Fat,0.154487495,Canned,77.2986,OUT017,2007,,Tier 2,Supermarket Type1,1246.3776,72.2986
NCL06,14.65,Low Fat,0.072178679,Household,262.9594,OUT049,1999,Medium,Tier 1,Supermarket Type1,5233.188,257.9594
DRG03,,Low Fat,0.061686402,Dairy,153.9998,OUT027,1985,Medium,Tier 3,Supermarket Type3,5229.1932,148.9998
DRM59,5.88,Low Fat,0.003599378,Hard Drinks,152.2998,OUT045,2002,,Tier 2,Supermarket Type1,3075.996,147.2998
FDU25,12.35,Low Fat,0.026832182,Canned,57.3246,OUT017,2007,,Tier 2,Supermarket Type1,1332.2658,52.3246
NCU42,9,Low Fat,0.019616991,Household,169.6474,OUT017,2007,,Tier 2,Supermarket Type1,2526.711,164.6474
FDH21,10.395,LF,0.05226427,Seafood,158.4604,OUT010,1998,,Tier 3,Grocery Store,158.4604,153.4604
DRO47,10.195,Low Fat,0.112203445,Hard Drinks,111.786,OUT035,2004,Small,Tier 2,Supermarket Type1,1697.79,106.786
FDC44,,Low Fat,0.171761077,Fruits and Vegetables,115.7518,OUT027,1985,Medium,Tier 3,Supermarket Type3,5351.0346,110.7518
NCL29,9.695,Low Fat,0.114170506,Health and Hygiene,158.9604,OUT045,2002,,Tier 2,Supermarket Type1,1743.0644,153.9604
FDL48,19.35,Regular,0.082266419,Baking Goods,48.8034,OUT046,1997,Small,Tier 1,Supermarket Type1,340.2238,43.8034
FDJ21,16.7,Regular,0.038685176,Snack Foods,146.6102,OUT018,2009,Medium,Tier 3,Supermarket Type2,2770.3938,141.6102
FDT40,5.985,LF,0.095795326,Frozen Foods,128.4678,OUT046,1997,Small,Tier 1,Supermarket Type1,508.6712,123.4678
NCD43,8.85,Low Fat,0.026814124,Household,103.7964,OUT010,1998,,Tier 3,Grocery Store,210.3928,98.7964
FDM28,15.7,Low Fat,0.045203854,Frozen Foods,180.266,OUT046,1997,Small,Tier 1,Supermarket Type1,1617.894,175.266
FDR35,12.5,Low Fat,0.020697723,Breads,198.8742,OUT046,1997,Small,Tier 1,Supermarket Type1,5773.1518,193.8742
NCP17,19.35,Low Fat,0.027827268,Health and Hygiene,65.6168,OUT018,2009,Medium,Tier 3,Supermarket Type2,383.5008,60.6168
FDT23,7.72,Regular,0.074883035,Breads,79.8986,OUT045,2002,,Tier 2,Supermarket Type1,1090.5804,74.8986
FDX15,17.2,Low Fat,0.156298858,Meat,162.1578,OUT046,1997,Small,Tier 1,Supermarket Type1,1283.6624,157.1578
NCU42,,Low Fat,0.019412192,Household,166.5474,OUT027,1985,Medium,Tier 3,Supermarket Type3,4379.6324,161.5474
FDV23,,Low Fat,0.105324246,Breads,125.7046,OUT027,1985,Medium,Tier 3,Supermarket Type3,3237.1196,120.7046
FDY34,,Regular,0.019227816,Snack Foods,163.9842,OUT019,1985,Small,Tier 1,Grocery Store,331.5684,158.9842
FDE16,8.895,Low Fat,0.044093978,Frozen Foods,208.3954,OUT010,1998,,Tier 3,Grocery Store,1041.977,203.3954
FDV60,20.2,Regular,0.117599259,Baking Goods,195.311,OUT045,2002,,Tier 2,Supermarket Type1,3338.987,190.311
FDQ44,20.5,Low Fat,0.036140297,Fruits and Vegetables,120.0756,OUT046,1997,Small,Tier 1,Supermarket Type1,2302.3364,115.0756
FDZ09,17.6,Low Fat,0.104791689,Snack Foods,165.2868,OUT013,1987,High,Tier 3,Supermarket Type1,3111.9492,160.2868
FDW36,11.15,Low Fat,0.057021156,Baking Goods,106.8622,OUT049,1999,Medium,Tier 1,Supermarket Type1,2011.3818,101.8622
NCZ30,,LF,0.026058181,Household,121.9098,OUT027,1985,Medium,Tier 3,Supermarket Type3,3374.2744,116.9098
FDL09,19.6,Regular,0.12829573,Snack Foods,167.2816,OUT045,2002,,Tier 2,Supermarket Type1,2013.3792,162.2816
FDE05,10.895,Regular,0.03263762,Frozen Foods,147.7102,OUT017,2007,,Tier 2,Supermarket Type1,1895.5326,142.7102
DRO35,13.85,LF,0.034765901,Hard Drinks,114.2492,OUT017,2007,,Tier 2,Supermarket Type1,1853.5872,109.2492
FDN60,15.1,Low Fat,0.095696334,Baking Goods,159.7604,OUT017,2007,,Tier 2,Supermarket Type1,2693.8268,154.7604
NCZ29,15,Low Fat,0.071371458,Health and Hygiene,125.2362,OUT046,1997,Small,Tier 1,Supermarket Type1,1384.1982,120.2362
FDX08,12.85,Low Fat,0.022696131,Fruits and Vegetables,179.9318,OUT018,2009,Medium,Tier 3,Supermarket Type2,2706.477,174.9318
FDZ16,16.85,Regular,0.267565911,Frozen Foods,194.1478,OUT010,1998,,Tier 3,Grocery Store,1162.4868,189.1478
DRL37,15.5,Low Fat,0.053327763,Soft Drinks,44.477,OUT013,1987,High,Tier 3,Supermarket Type1,865.54,39.477
FDL21,15.85,Regular,0.007145063,Snack Foods,41.048,OUT035,2004,Small,Tier 2,Supermarket Type1,479.376,36.048
FDW10,21.2,Low Fat,0.071076055,Snack Foods,174.837,OUT017,2007,,Tier 2,Supermarket Type1,5469.547,169.837
FDB53,13.35,Low Fat,0.139426044,Frozen Foods,148.3392,OUT035,2004,Small,Tier 2,Supermarket Type1,3877.6192,143.3392
DRM49,6.11,Regular,0.151925271,Soft Drinks,46.6086,OUT035,2004,Small,Tier 2,Supermarket Type1,624.5204,41.6086
NCD06,13,Low Fat,0.099479703,Household,44.906,OUT049,1999,Medium,Tier 1,Supermarket Type1,652.484,39.906
FDN10,,Low Fat,0.045900448,Snack Foods,118.9124,OUT027,1985,Medium,Tier 3,Supermarket Type3,2844.2976,113.9124
FDS13,,Low Fat,0.21799414,Canned,266.5884,OUT019,1985,Small,Tier 1,Grocery Store,1324.942,261.5884
FDH38,6.425,Low Fat,0.010454459,Canned,115.6808,OUT049,1999,Medium,Tier 1,Supermarket Type1,1406.1696,110.6808
FDY21,,Low Fat,0.172641213,Snack Foods,195.111,OUT027,1985,Medium,Tier 3,Supermarket Type3,5303.097,190.111
FDT60,12,Low Fat,0.075701524,Baking Goods,124.6388,OUT045,2002,,Tier 2,Supermarket Type1,2105.2596,119.6388
DRZ24,7.535,Low Fat,0.081914677,Soft Drinks,120.344,OUT049,1999,Medium,Tier 1,Supermarket Type1,3835.008,115.344
FDW56,7.68,Low Fat,0.071010513,Fruits and Vegetables,190.9162,OUT049,1999,Medium,Tier 1,Supermarket Type1,5195.2374,185.9162
FDG57,14.7,Low Fat,0.072444983,Fruits and Vegetables,48.6034,OUT045,2002,,Tier 2,Supermarket Type1,194.4136,43.6034
FDY14,10.3,Low Fat,0.069981909,Dairy,263.0226,OUT013,1987,High,Tier 3,Supermarket Type1,6079.4198,258.0226
FDS19,13.8,Regular,0.06457046,Fruits and Vegetables,76.2012,OUT017,2007,,Tier 2,Supermarket Type1,1669.8264,71.2012
FDX01,10.1,Low Fat,0.024159767,Canned,114.715,OUT035,2004,Small,Tier 2,Supermarket Type1,815.605,109.715
FDV32,7.785,Low Fat,0.089210159,Fruits and Vegetables,64.251,OUT017,2007,,Tier 2,Supermarket Type1,1328.271,59.251
DRI39,13.8,Low Fat,0.097611115,Dairy,54.893,OUT017,2007,,Tier 2,Supermarket Type1,679.116,49.893
NCU05,11.8,Low Fat,0.058975504,Health and Hygiene,81.7618,OUT018,2009,Medium,Tier 3,Supermarket Type2,966.7416,76.7618
NCA29,10.5,Low Fat,0.027430696,Household,171.1106,OUT017,2007,,Tier 2,Supermarket Type1,3593.3226,166.1106
FDO10,,Regular,0,Snack Foods,58.7588,OUT019,1985,Small,Tier 1,Grocery Store,400.8116,53.7588
DRL47,19.7,LF,0.038815341,Hard Drinks,124.2362,OUT045,2002,,Tier 2,Supermarket Type1,1887.543,119.2362
FDA50,,Low Fat,0.152632413,Dairy,98.441,OUT019,1985,Small,Tier 1,Grocery Store,96.541,93.441
FDU23,,LF,0.021618297,Breads,167.1184,OUT027,1985,Medium,Tier 3,Supermarket Type3,2476.776,162.1184
FDR27,15.1,Regular,0.096491904,Meat,134.4942,OUT018,2009,Medium,Tier 3,Supermarket Type2,1854.9188,129.4942
DRH36,16.2,Low Fat,0.033568871,Soft Drinks,74.9696,OUT017,2007,,Tier 2,Supermarket Type1,2162.5184,69.9696
FDZ51,11.3,Regular,0.054507422,Meat,96.3094,OUT013,1987,High,Tier 3,Supermarket Type1,666.4658,91.3094
FDQ40,,Regular,0.063079544,Frozen Foods,175.7712,OUT019,1985,Small,Tier 1,Grocery Store,351.5424,170.7712
FDB17,,Low Fat,0.064208126,Frozen Foods,180.1976,OUT019,1985,Small,Tier 1,Grocery Store,181.0976,175.1976
FDQ16,19.7,Low Fat,0.041974489,Frozen Foods,108.6912,OUT017,2007,,Tier 2,Supermarket Type1,2183.824,103.6912
FDG09,20.6,Regular,0.048207431,Fruits and Vegetables,188.0556,OUT017,2007,,Tier 2,Supermarket Type1,2065.3116,183.0556
DRI59,9.5,Low Fat,0.041065647,Hard Drinks,223.5088,OUT017,2007,,Tier 2,Supermarket Type1,4697.8848,218.5088
FDH47,13.5,Regular,0.128709014,Starchy Foods,96.1068,OUT013,1987,High,Tier 3,Supermarket Type1,1846.9292,91.1068
FDA21,13.65,Low Fat,0.03596071,Snack Foods,186.3924,OUT046,1997,Small,Tier 1,Supermarket Type1,1665.8316,181.3924
NCO05,7.27,Low Fat,0.046520703,Health and Hygiene,97.7384,OUT013,1987,High,Tier 3,Supermarket Type1,591.2304,92.7384
NCL31,,Low Fat,0.210596485,Others,144.747,OUT019,1985,Small,Tier 1,Grocery Store,143.147,139.747
NCH42,6.86,Low Fat,0.03674399,Household,231.201,OUT017,2007,,Tier 2,Supermarket Type1,6201.927,226.201
FDG57,14.7,Low Fat,0.072238195,Fruits and Vegetables,47.5034,OUT013,1987,High,Tier 3,Supermarket Type1,972.068,42.5034
NCQ50,,Low Fat,0.034141213,Household,211.9218,OUT027,1985,Medium,Tier 3,Supermarket Type3,3419.5488,206.9218
FDK24,9.195,Low Fat,0.101500374,Baking Goods,45.2744,OUT045,2002,,Tier 2,Supermarket Type1,679.116,40.2744
DRG39,14.15,Low Fat,0.042246575,Dairy,54.2982,OUT049,1999,Medium,Tier 1,Supermarket Type1,1104.5622,49.2982
FDX46,12.3,Regular,0.058105769,Snack Foods,60.4562,OUT035,2004,Small,Tier 2,Supermarket Type1,1777.686,55.4562
FDY01,11.8,Regular,0.170141787,Canned,116.7834,OUT013,1987,High,Tier 3,Supermarket Type1,2303.668,111.7834
FDJ40,13.6,Regular,0.049579883,Frozen Foods,110.0912,OUT035,2004,Small,Tier 2,Supermarket Type1,1965.4416,105.0912
FDS01,11.6,Low Fat,0,Canned,178.2686,OUT049,1999,Medium,Tier 1,Supermarket Type1,1955.4546,173.2686
FDJ09,15,Low Fat,0.058725134,Snack Foods,43.6744,OUT017,2007,,Tier 2,Supermarket Type1,407.4696,38.6744
FDT49,7,Low Fat,0,Canned,105.628,OUT049,1999,Medium,Tier 1,Supermarket Type1,1384.864,100.628
FDW50,13.1,Low Fat,0.075695552,Dairy,168.4158,OUT049,1999,Medium,Tier 1,Supermarket Type1,1504.0422,163.4158
FDV39,11.3,Low Fat,0.007321067,Meat,197.7426,OUT017,2007,,Tier 2,Supermarket Type1,2570.6538,192.7426
FDY36,12.3,Low Fat,0.009463757,Baking Goods,73.838,OUT017,2007,,Tier 2,Supermarket Type1,1245.046,68.838
NCE18,10,Low Fat,0.021407511,Household,248.175,OUT013,1987,High,Tier 3,Supermarket Type1,3495.45,243.175
FDB05,,Low Fat,0.145669556,Frozen Foods,247.2776,OUT019,1985,Small,Tier 1,Grocery Store,743.0328,242.2776
FDK14,6.98,Low Fat,0.041273236,Canned,82.4934,OUT018,2009,Medium,Tier 3,Supermarket Type2,982.7208,77.4934
FDP10,19,Low Fat,0.128090139,Snack Foods,107.0622,OUT046,1997,Small,Tier 1,Supermarket Type1,1376.2086,102.0622
FDC45,17,Low Fat,0.135707553,Fruits and Vegetables,172.5106,OUT035,2004,Small,Tier 2,Supermarket Type1,2053.3272,167.5106
FDS48,15.15,Low Fat,0.027774002,Baking Goods,152.3708,OUT035,2004,Small,Tier 2,Supermarket Type1,3159.8868,147.3708
FDX04,,Regular,0.07278643,Frozen Foods,49.4376,OUT019,1985,Small,Tier 1,Grocery Store,191.7504,44.4376
FDQ20,,low fat,0.029640604,Fruits and Vegetables,40.8138,OUT027,1985,Medium,Tier 3,Supermarket Type3,1543.3244,35.8138
FDU13,8.355,Low Fat,0.187939003,Canned,146.9418,OUT045,2002,,Tier 2,Supermarket Type1,1029.9926,141.9418
NCR53,12.15,Low Fat,0.14492016,Health and Hygiene,224.4404,OUT013,1987,High,Tier 3,Supermarket Type1,1800.3232,219.4404
FDN49,17.25,Regular,0.125419157,Breakfast,40.048,OUT049,1999,Medium,Tier 1,Supermarket Type1,399.48,35.048
FDR31,6.46,Regular,0.049121972,Fruits and Vegetables,144.6102,OUT013,1987,High,Tier 3,Supermarket Type1,2916.204,139.6102
DRI03,,Low Fat,0,Dairy,175.3028,OUT027,1985,Medium,Tier 3,Supermarket Type3,3719.1588,170.3028
FDL58,5.78,Regular,0.074149074,Snack Foods,262.2568,OUT046,1997,Small,Tier 1,Supermarket Type1,5273.136,257.2568
NCJ05,18.7,Low Fat,0.04604992,Health and Hygiene,151.9682,OUT013,1987,High,Tier 3,Supermarket Type1,3354.3004,146.9682
FDS10,19.2,Low Fat,0.035384612,Snack Foods,180.3318,OUT017,2007,,Tier 2,Supermarket Type1,3428.2042,175.3318
FDK34,,Low Fat,0.038340116,Snack Foods,240.1564,OUT027,1985,Medium,Tier 3,Supermarket Type3,7150.692,235.1564
FDW48,,Low Fat,0,Baking Goods,81.8618,OUT019,1985,Small,Tier 1,Grocery Store,161.1236,76.8618
FDE08,,Low Fat,0.049080853,Fruits and Vegetables,147.7734,OUT027,1985,Medium,Tier 3,Supermarket Type3,4602.6754,142.7734
NCH06,,Low Fat,0.076183667,Household,245.646,OUT027,1985,Medium,Tier 3,Supermarket Type3,3695.19,240.646
FDV08,7.35,Low Fat,0.028711412,Fruits and Vegetables,39.9454,OUT018,2009,Medium,Tier 3,Supermarket Type2,377.5086,34.9454
FDQ15,20.35,Regular,0,Meat,81.6276,OUT046,1997,Small,Tier 1,Supermarket Type1,1787.0072,76.6276
FDL56,,Low Fat,0.12517151,Fruits and Vegetables,88.9198,OUT027,1985,Medium,Tier 3,Supermarket Type3,3139.9128,83.9198
DRC12,17.85,Low Fat,0.037826873,Soft Drinks,189.7188,OUT046,1997,Small,Tier 1,Supermarket Type1,2285.0256,184.7188
FDX49,4.615,Regular,0.101747034,Canned,231.33,OUT013,1987,High,Tier 3,Supermarket Type1,4660.6,226.33
FDJ09,15,low fat,0,Snack Foods,47.2744,OUT035,2004,Small,Tier 2,Supermarket Type1,679.116,42.2744
FDN23,,Regular,0.075142108,Breads,145.8444,OUT027,1985,Medium,Tier 3,Supermarket Type3,3773.7544,140.8444
DRD01,12.1,Regular,0.061424738,Soft Drinks,56.7614,OUT018,2009,Medium,Tier 3,Supermarket Type2,1049.9666,51.7614
FDS43,11.65,Low Fat,0.040597054,Fruits and Vegetables,187.324,OUT045,2002,,Tier 2,Supermarket Type1,1864.24,182.324
FDY48,,Low Fat,0.041556697,Baking Goods,104.4332,OUT019,1985,Small,Tier 1,Grocery Store,307.5996,99.4332
FDU12,15.5,Regular,0.126791761,Baking Goods,262.1568,OUT010,1998,,Tier 3,Grocery Store,527.3136,257.1568
FDX33,9.195,Regular,0.117484834,Snack Foods,158.5578,OUT046,1997,Small,Tier 1,Supermarket Type1,2406.867,153.5578
FDH45,15.1,Regular,0.106097275,Fruits and Vegetables,43.2796,OUT018,2009,Medium,Tier 3,Supermarket Type2,123.8388,38.2796
FDJ10,5.095,Regular,0.129395895,Snack Foods,140.3838,OUT013,1987,High,Tier 3,Supermarket Type1,1826.2894,135.3838
FDX32,15.1,Regular,0.100265027,Fruits and Vegetables,142.5786,OUT018,2009,Medium,Tier 3,Supermarket Type2,3323.0078,137.5786
DRG51,12.1,Low Fat,0.011557563,Dairy,165.3526,OUT049,1999,Medium,Tier 1,Supermarket Type1,3453.5046,160.3526
NCB31,6.235,Low Fat,0.119157788,Household,263.791,OUT018,2009,Medium,Tier 3,Supermarket Type2,2103.928,258.791
FDW47,15,Low Fat,0.077622622,Breads,121.8414,OUT010,1998,,Tier 3,Grocery Store,243.6828,116.8414
FDT20,,Low Fat,0.041194986,Fruits and Vegetables,39.1164,OUT027,1985,Medium,Tier 3,Supermarket Type3,1235.7248,34.1164
FDI34,10.65,Regular,0.085135953,Snack Foods,232.3668,OUT046,1997,Small,Tier 1,Supermarket Type1,3685.8688,227.3668
FDH56,9.8,Regular,0.106816919,Fruits and Vegetables,114.2492,OUT010,1998,,Tier 3,Grocery Store,463.3968,109.2492
DRJ47,18.25,Low Fat,0.04421348,Hard Drinks,173.408,OUT013,1987,High,Tier 3,Supermarket Type1,1038.648,168.408
FDP04,,Low Fat,0.013745883,Frozen Foods,62.0168,OUT027,1985,Medium,Tier 3,Supermarket Type3,1534.0032,57.0168
NCZ06,19.6,Low Fat,0.094308058,Household,251.8698,OUT049,1999,Medium,Tier 1,Supermarket Type1,3551.3772,246.8698
FDY37,17,Regular,0.026622757,Canned,144.247,OUT045,2002,,Tier 2,Supermarket Type1,3149.234,139.247
FDO46,9.6,Regular,0.014234595,Snack Foods,190.2872,OUT049,1999,Medium,Tier 1,Supermarket Type1,4727.18,185.2872
FDI10,8.51,Regular,0.078526225,Snack Foods,173.5422,OUT049,1999,Medium,Tier 1,Supermarket Type1,5000.8238,168.5422
NCT42,5.88,Low Fat,0.0249887,Household,150.3392,OUT018,2009,Medium,Tier 3,Supermarket Type2,447.4176,145.3392
FDE29,8.905,LF,0.143712172,Frozen Foods,60.2878,OUT018,2009,Medium,Tier 3,Supermarket Type2,1151.1682,55.2878
FDQ11,,Regular,0.067373081,Breads,258.8988,OUT027,1985,Medium,Tier 3,Supermarket Type3,3083.9856,253.8988
FDS20,8.85,Low Fat,0.053822086,Fruits and Vegetables,183.8292,OUT013,1987,High,Tier 3,Supermarket Type1,2554.0088,178.8292
FDR26,20.7,Low Fat,0.043011277,Dairy,177.2028,OUT018,2009,Medium,Tier 3,Supermarket Type2,3364.9532,172.2028
NCH43,,Low Fat,0.123557061,Household,216.6192,OUT019,1985,Small,Tier 1,Grocery Store,215.7192,211.6192
FDO25,6.3,Low Fat,0.127968205,Canned,209.627,OUT018,2009,Medium,Tier 3,Supermarket Type2,3984.813,204.627
FDB40,17.5,Regular,0.007570599,Dairy,144.6102,OUT018,2009,Medium,Tier 3,Supermarket Type2,2187.153,139.6102
FDB14,,Regular,0,Canned,92.312,OUT019,1985,Small,Tier 1,Grocery Store,372.848,87.312
FDW23,5.765,Low Fat,0.081996785,Baking Goods,40.1164,OUT035,2004,Small,Tier 2,Supermarket Type1,540.6296,35.1164
FDZ23,17.75,Regular,0.067777778,Baking Goods,186.924,OUT018,2009,Medium,Tier 3,Supermarket Type2,3169.208,181.924
FDX35,5.035,Regular,0.080362549,Breads,229.0036,OUT017,2007,,Tier 2,Supermarket Type1,4326.3684,224.0036
FDX24,8.355,Low Fat,0.013929059,Baking Goods,94.1462,OUT046,1997,Small,Tier 1,Supermarket Type1,2221.1088,89.1462
DRG15,6.13,Low Fat,0.077169953,Dairy,63.0536,OUT017,2007,,Tier 2,Supermarket Type1,1225.072,58.0536
FDY60,10.5,Regular,0,Baking Goods,143.3128,OUT046,1997,Small,Tier 1,Supermarket Type1,1438.128,138.3128
FDK02,12.5,Low Fat,0.112681821,Canned,119.144,OUT018,2009,Medium,Tier 3,Supermarket Type2,3235.788,114.144
FDK24,,Low Fat,0.10080442,Baking Goods,45.4744,OUT027,1985,Medium,Tier 3,Supermarket Type3,1041.3112,40.4744
NCA05,20.75,Low Fat,0.02512588,Health and Hygiene,150.4734,OUT035,2004,Small,Tier 2,Supermarket Type1,890.8404,145.4734
FDN33,,Regular,0.122519571,Snack Foods,93.0436,OUT027,1985,Medium,Tier 3,Supermarket Type3,2363.59,88.0436
FDA09,13.35,Regular,0.15021128,Snack Foods,179.066,OUT017,2007,,Tier 2,Supermarket Type1,2696.49,174.066
FDK50,7.96,Low Fat,0.028357839,Canned,163.2894,OUT035,2004,Small,Tier 2,Supermarket Type1,4530.1032,158.2894
NCE55,8.92,Low Fat,0.130663423,Household,175.237,OUT017,2007,,Tier 2,Supermarket Type1,2117.244,170.237
FDG12,6.635,Regular,0.006335942,Baking Goods,121.8098,OUT049,1999,Medium,Tier 1,Supermarket Type1,2048.6666,116.8098
FDC37,15.5,Low Fat,0.032845997,Baking Goods,106.7938,OUT013,1987,High,Tier 3,Supermarket Type1,3215.814,101.7938
DRG15,6.13,Low Fat,0.076735903,Dairy,62.4536,OUT046,1997,Small,Tier 1,Supermarket Type1,1225.072,57.4536
FDQ58,7.315,Low Fat,0.01530184,Snack Foods,154.434,OUT046,1997,Small,Tier 1,Supermarket Type1,1378.206,149.434
FDQ51,16,Regular,0.029377239,Meat,46.1718,OUT010,1998,,Tier 3,Grocery Store,94.5436,41.1718
FDR46,16.85,Low Fat,0.233356571,Snack Foods,146.576,OUT010,1998,,Tier 3,Grocery Store,439.428,141.576
FDC50,15.85,Low Fat,0.137053947,Canned,94.4094,OUT018,2009,Medium,Tier 3,Supermarket Type2,1047.3034,89.4094
FDJ09,15,Low Fat,0,Snack Foods,43.4744,OUT046,1997,Small,Tier 1,Supermarket Type1,543.2928,38.4744
NCC18,19.1,Low Fat,0.177236497,Household,172.3422,OUT035,2004,Small,Tier 2,Supermarket Type1,2586.633,167.3422
FDL04,19,Low Fat,0.111830282,Frozen Foods,105.4622,OUT013,1987,High,Tier 3,Supermarket Type1,952.7598,100.4622
FDH48,13.5,Low Fat,0,Baking Goods,84.654,OUT049,1999,Medium,Tier 1,Supermarket Type1,1211.756,79.654
FDD38,16.75,Regular,0.008204465,Canned,99.8674,OUT049,1999,Medium,Tier 1,Supermarket Type1,2342.9502,94.8674
FDT47,,Regular,0.02439015,Breads,95.9068,OUT027,1985,Medium,Tier 3,Supermarket Type3,3207.8244,90.9068
FDE41,9.195,Regular,0.064143995,Frozen Foods,85.9566,OUT045,2002,,Tier 2,Supermarket Type1,1691.132,80.9566
FDH19,19.35,Low Fat,0.033275634,Meat,173.8738,OUT017,2007,,Tier 2,Supermarket Type1,2432.8332,168.8738
FDW26,11.8,Regular,0.107662745,Dairy,224.1772,OUT017,2007,,Tier 2,Supermarket Type1,2890.9036,219.1772
FDW35,10.6,Low Fat,0.01115195,Breads,40.6454,OUT017,2007,,Tier 2,Supermarket Type1,167.7816,35.6454
FDQ55,13.65,Regular,0.013064516,Fruits and Vegetables,115.5834,OUT045,2002,,Tier 2,Supermarket Type1,1382.2008,110.5834
FDV22,14.85,Regular,0.009954237,Snack Foods,158.263,OUT049,1999,Medium,Tier 1,Supermarket Type1,2659.871,153.263
NCN29,,Low Fat,0.021214364,Health and Hygiene,48.2034,OUT019,1985,Small,Tier 1,Grocery Store,97.2068,43.2034
FDQ26,13.5,Regular,0.067859568,Dairy,60.1562,OUT035,2004,Small,Tier 2,Supermarket Type1,1599.9174,55.1562
FDV24,5.635,Low Fat,0.103481775,Baking Goods,150.005,OUT045,2002,,Tier 2,Supermarket Type1,1797.66,145.005
FDG50,7.405,Low Fat,0.015358176,Canned,92.4146,OUT017,2007,,Tier 2,Supermarket Type1,1459.4336,87.4146
NCF42,,Low Fat,0.293066133,Household,177.0712,OUT019,1985,Small,Tier 1,Grocery Store,351.5424,172.0712
FDT46,11.35,Low Fat,0.030981392,Snack Foods,51.9008,OUT017,2007,,Tier 2,Supermarket Type1,708.4112,46.9008
DRE49,,Low Fat,0,Soft Drinks,153.8024,OUT027,1985,Medium,Tier 3,Supermarket Type3,7741.9224,148.8024
FDV56,16.1,Regular,0.013623294,Fruits and Vegetables,109.3596,OUT045,2002,,Tier 2,Supermarket Type1,1186.4556,104.3596
FDD32,17.7,Regular,0.041098734,Fruits and Vegetables,80.9276,OUT018,2009,Medium,Tier 3,Supermarket Type2,487.3656,75.9276
NCN19,13.1,Low Fat,0.01209726,Others,188.853,OUT035,2004,Small,Tier 2,Supermarket Type1,3225.801,183.853
FDQ48,14.3,reg,0.034382602,Baking Goods,96.5726,OUT013,1987,High,Tier 3,Supermarket Type1,2251.0698,91.5726
FDW34,,Low Fat,0.035406842,Snack Foods,244.317,OUT027,1985,Medium,Tier 3,Supermarket Type3,8262.578,239.317
NCS38,8.6,Low Fat,0.090374342,Household,114.3176,OUT045,2002,,Tier 2,Supermarket Type1,1946.7992,109.3176
FDL58,5.78,Regular,0.074451126,Snack Foods,264.5568,OUT018,2009,Medium,Tier 3,Supermarket Type2,6327.7632,259.5568
FDY59,8.195,Low Fat,0.031467128,Baking Goods,91.8462,OUT045,2002,,Tier 2,Supermarket Type1,2313.655,86.8462
FDZ03,13.65,Regular,0.078786674,Dairy,184.824,OUT046,1997,Small,Tier 1,Supermarket Type1,3355.632,179.824
FDP60,17.35,Low Fat,0.056032247,Baking Goods,102.3016,OUT045,2002,,Tier 2,Supermarket Type1,1619.2256,97.3016
NCI30,20.25,Low Fat,0.058935522,Household,246.646,OUT046,1997,Small,Tier 1,Supermarket Type1,2463.46,241.646
FDO03,,Regular,0.064577332,Meat,230.5352,OUT019,1985,Small,Tier 1,Grocery Store,687.1056,225.5352
FDZ20,16.1,Low Fat,0.034306962,Fruits and Vegetables,252.3356,OUT046,1997,Small,Tier 1,Supermarket Type1,3815.034,247.3356
FDQ31,,Regular,0.053586458,Fruits and Vegetables,89.7856,OUT027,1985,Medium,Tier 3,Supermarket Type3,966.7416,84.7856
FDY03,17.6,Regular,0.076431919,Meat,113.2202,OUT018,2009,Medium,Tier 3,Supermarket Type2,2025.3636,108.2202
FDW45,18,Low Fat,0.039090105,Snack Foods,148.4418,OUT045,2002,,Tier 2,Supermarket Type1,4119.9704,143.4418
NCO41,12.5,Low Fat,0.031549131,Health and Hygiene,99.0384,OUT010,1998,,Tier 3,Grocery Store,197.0768,94.0384
FDK16,9.065,Low Fat,0.115233813,Frozen Foods,94.4094,OUT013,1987,High,Tier 3,Supermarket Type1,2856.282,89.4094
FDZ16,16.85,Regular,0.159825617,Frozen Foods,195.5478,OUT035,2004,Small,Tier 2,Supermarket Type1,4262.4516,190.5478
NCD18,16,Low Fat,0.073080167,Household,228.4668,OUT017,2007,,Tier 2,Supermarket Type1,2534.0348,223.4668
FDF52,9.3,Low Fat,0.066727717,Frozen Foods,181.6292,OUT013,1987,High,Tier 3,Supermarket Type1,2371.5796,176.6292
FDF09,6.215,Low Fat,0.012146608,Fruits and Vegetables,37.9848,OUT035,2004,Small,Tier 2,Supermarket Type1,782.9808,32.9848
FDW43,20.1,Regular,0.022552083,Fruits and Vegetables,226.6036,OUT017,2007,,Tier 2,Supermarket Type1,6831.108,221.6036
FDU19,8.77,Regular,0.047036036,Fruits and Vegetables,170.5422,OUT017,2007,,Tier 2,Supermarket Type1,2759.0752,165.5422
FDA50,16.25,Low Fat,0.087158654,Dairy,95.141,OUT035,2004,Small,Tier 2,Supermarket Type1,2220.443,90.141
FDS48,15.15,Low Fat,0.027756137,Baking Goods,150.4708,OUT013,1987,High,Tier 3,Supermarket Type1,2106.5912,145.4708
NCH07,13.15,Low Fat,0.092589917,Household,159.5604,OUT013,1987,High,Tier 3,Supermarket Type1,1901.5248,154.5604
NCK54,12.15,Low Fat,0,Household,117.615,OUT013,1987,High,Tier 3,Supermarket Type1,1514.695,112.615
FDD53,,Low Fat,0.077427883,Frozen Foods,41.8454,OUT019,1985,Small,Tier 1,Grocery Store,41.9454,36.8454
FDV58,20.85,Low Fat,0.121227447,Snack Foods,197.5452,OUT035,2004,Small,Tier 2,Supermarket Type1,4306.3944,192.5452
FDI08,18.2,Regular,0.066284519,Fruits and Vegetables,247.2092,OUT035,2004,Small,Tier 2,Supermarket Type1,3486.1288,242.2092
FDD08,8.3,Low Fat,0.03549838,Fruits and Vegetables,36.6506,OUT018,2009,Medium,Tier 3,Supermarket Type2,455.4072,31.6506
FDX34,6.195,Low Fat,0.072131519,Snack Foods,120.1098,OUT045,2002,,Tier 2,Supermarket Type1,2892.2352,115.1098
FDX55,15.1,Low Fat,0,Fruits and Vegetables,216.4166,OUT045,2002,,Tier 2,Supermarket Type1,2830.3158,211.4166
NCS05,11.5,Low Fat,0.021020616,Health and Hygiene,130.7942,OUT045,2002,,Tier 2,Supermarket Type1,2782.3782,125.7942
FDL04,19,Low Fat,0.111902259,Frozen Foods,105.4622,OUT035,2004,Small,Tier 2,Supermarket Type1,1905.5196,100.4622
FDJ53,10.5,Low Fat,0.071548187,Frozen Foods,120.2098,OUT018,2009,Medium,Tier 3,Supermarket Type2,602.549,115.2098
FDB47,8.8,Low Fat,0.071540443,Snack Foods,210.6612,OUT049,1999,Medium,Tier 1,Supermarket Type1,2508.7344,205.6612
NCS29,,Low Fat,0.121765124,Health and Hygiene,264.1884,OUT019,1985,Small,Tier 1,Grocery Store,264.9884,259.1884
FDB33,17.75,Low Fat,0.014609738,Fruits and Vegetables,160.4262,OUT045,2002,,Tier 2,Supermarket Type1,3182.524,155.4262
FDL52,,Regular,0.080697998,Frozen Foods,39.8506,OUT019,1985,Small,Tier 1,Grocery Store,37.9506,34.8506
FDB03,17.75,Regular,0.156802171,Dairy,242.1538,OUT035,2004,Small,Tier 2,Supermarket Type1,4326.3684,237.1538
FDW20,20.75,Low Fat,0.024144862,Fruits and Vegetables,123.373,OUT035,2004,Small,Tier 2,Supermarket Type1,2093.941,118.373
FDT10,16.7,Regular,0.062297249,Snack Foods,60.6562,OUT018,2009,Medium,Tier 3,Supermarket Type2,592.562,55.6562
FDK04,,Low Fat,0.052058711,Frozen Foods,55.5588,OUT027,1985,Medium,Tier 3,Supermarket Type3,1145.176,50.5588
NCL07,13.85,Low Fat,0.031402114,Others,40.248,OUT045,2002,,Tier 2,Supermarket Type1,319.584,35.248
FDZ31,15.35,Regular,0.113217223,Fruits and Vegetables,191.1504,OUT046,1997,Small,Tier 1,Supermarket Type1,1725.7536,186.1504
FDE45,12.1,Low Fat,0,Fruits and Vegetables,177.3002,OUT035,2004,Small,Tier 2,Supermarket Type1,3044.7034,172.3002
NCK54,12.15,Low Fat,0,Household,118.515,OUT018,2009,Medium,Tier 3,Supermarket Type2,1398.18,113.515
DRE15,,Low Fat,0.031139933,Dairy,74.8012,OUT019,1985,Small,Tier 1,Grocery Store,303.6048,69.8012
NCQ38,16.35,Low Fat,0.013363902,Others,106.128,OUT035,2004,Small,Tier 2,Supermarket Type1,1917.504,101.128
FDB08,,Low Fat,0.030952737,Fruits and Vegetables,160.1578,OUT027,1985,Medium,Tier 3,Supermarket Type3,3048.6982,155.1578
DRF49,7.27,Low Fat,0.07136748,Soft Drinks,111.8518,OUT018,2009,Medium,Tier 3,Supermarket Type2,2277.036,106.8518
DRC27,13.8,Low Fat,0.058192802,Dairy,246.9802,OUT049,1999,Medium,Tier 1,Supermarket Type1,5896.3248,241.9802
FDB37,20.25,Regular,0.022976493,Baking Goods,240.3538,OUT049,1999,Medium,Tier 1,Supermarket Type1,4086.0146,235.3538
FDS35,9.3,low fat,0.111220521,Breads,65.7826,OUT046,1997,Small,Tier 1,Supermarket Type1,968.739,60.7826
FDE47,14.15,Low Fat,0.037967687,Starchy Foods,125.6046,OUT049,1999,Medium,Tier 1,Supermarket Type1,1618.5598,120.6046
NCT53,,low fat,0,Health and Hygiene,164.5526,OUT027,1985,Medium,Tier 3,Supermarket Type3,2302.3364,159.5526
FDL14,8.115,Regular,0.032158866,Canned,154.8972,OUT046,1997,Small,Tier 1,Supermarket Type1,1713.7692,149.8972
FDP21,,Regular,0.045068892,Snack Foods,190.8872,OUT019,1985,Small,Tier 1,Grocery Store,945.436,185.8872
NCV54,11.1,Low Fat,0.033176087,Household,120.1124,OUT045,2002,,Tier 2,Supermarket Type1,1896.1984,115.1124
NCO41,12.5,Low Fat,0.018845298,Health and Hygiene,96.7384,OUT035,2004,Small,Tier 2,Supermarket Type1,2759.0752,91.7384
FDQ59,9.8,Regular,0.056375879,Breads,84.6908,OUT035,2004,Small,Tier 2,Supermarket Type1,1006.6896,79.6908
FDQ01,19.7,Regular,0.161356273,Canned,253.1014,OUT018,2009,Medium,Tier 3,Supermarket Type2,2805.0154,248.1014
FDQ48,14.3,Regular,0.034605882,Baking Goods,95.9726,OUT017,2007,,Tier 2,Supermarket Type1,2153.1972,90.9726
FDP09,19.75,Low Fat,0.033942546,Snack Foods,213.5902,OUT049,1999,Medium,Tier 1,Supermarket Type1,4460.1942,208.5902
FDK55,18.5,Low Fat,0.025740259,Meat,89.4172,OUT013,1987,High,Tier 3,Supermarket Type1,1605.9096,84.4172
NCJ43,,Low Fat,0.026938317,Household,174.1396,OUT027,1985,Medium,Tier 3,Supermarket Type3,4012.1108,169.1396
FDI07,12.35,Regular,0.033754478,Meat,199.0426,OUT035,2004,Small,Tier 2,Supermarket Type1,3361.6242,194.0426
NCW41,,Low Fat,0.015375557,Health and Hygiene,156.9604,OUT027,1985,Medium,Tier 3,Supermarket Type3,4278.4308,151.9604
FDG33,5.365,Regular,0.140458316,Seafood,169.7764,OUT049,1999,Medium,Tier 1,Supermarket Type1,3263.7516,164.7764
NCO05,,Low Fat,0.046333982,Health and Hygiene,97.2384,OUT027,1985,Medium,Tier 3,Supermarket Type3,2660.5368,92.2384
FDH53,20.5,Regular,0,Frozen Foods,82.8592,OUT035,2004,Small,Tier 2,Supermarket Type1,908.1512,77.8592
FDR49,8.71,Low Fat,0.139228412,Canned,49.5376,OUT046,1997,Small,Tier 1,Supermarket Type1,1198.44,44.5376
FDF33,,Low Fat,0,Seafood,109.4596,OUT027,1985,Medium,Tier 3,Supermarket Type3,1833.6132,104.4596
FDQ51,16,Regular,0,Meat,48.1718,OUT017,2007,,Tier 2,Supermarket Type1,756.3488,43.1718
FDZ38,17.6,Low Fat,0.00799436,Dairy,171.6422,OUT013,1987,High,Tier 3,Supermarket Type1,3793.7284,166.6422
FDV52,20.7,Regular,0.121767168,Frozen Foods,118.9466,OUT045,2002,,Tier 2,Supermarket Type1,353.5398,113.9466
FDM50,13,Regular,0.030083482,Canned,61.922,OUT035,2004,Small,Tier 2,Supermarket Type1,1557.972,56.922
FDV60,20.2,Regular,0.118025091,Baking Goods,195.811,OUT017,2007,,Tier 2,Supermarket Type1,2553.343,190.811
FDG60,20.35,Low Fat,0.060649213,Baking Goods,232.7616,OUT013,1987,High,Tier 3,Supermarket Type1,2812.3392,227.7616
FDN13,18.6,LF,0.151931742,Breakfast,101.1358,OUT013,1987,High,Tier 3,Supermarket Type1,1105.8938,96.1358
DRN59,,Low Fat,0.063831013,Hard Drinks,46.206,OUT027,1985,Medium,Tier 3,Supermarket Type3,1304.968,41.206
FDU02,13.35,low fat,0.103091351,Dairy,229.9352,OUT017,2007,,Tier 2,Supermarket Type1,2519.3872,224.9352
FDZ58,17.85,Low Fat,0.052389407,Snack Foods,120.9072,OUT018,2009,Medium,Tier 3,Supermarket Type2,2817.6656,115.9072
NCQ38,16.35,Low Fat,0.013355306,Others,105.528,OUT013,1987,High,Tier 3,Supermarket Type1,2024.032,100.528
FDF39,14.85,Regular,0.019550858,Dairy,263.791,OUT045,2002,,Tier 2,Supermarket Type1,4207.856,258.791
FDT03,21.25,Low Fat,0.01005532,Meat,183.1608,OUT017,2007,,Tier 2,Supermarket Type1,2756.412,178.1608
FDN09,14.15,Low Fat,0.034845668,Snack Foods,242.7828,OUT013,1987,High,Tier 3,Supermarket Type1,3167.8764,237.7828
FDJ02,17.2,Regular,0.025162022,Canned,145.9418,OUT035,2004,Small,Tier 2,Supermarket Type1,1765.7016,140.9418
FDN44,,Low Fat,0.022685222,Fruits and Vegetables,161.592,OUT027,1985,Medium,Tier 3,Supermarket Type3,4314.384,156.592
FDQ34,10.85,Low Fat,0.162571649,Snack Foods,107.4622,OUT045,2002,,Tier 2,Supermarket Type1,529.311,102.4622
FDX31,20.35,Regular,0.014825605,Fruits and Vegetables,233.2958,OUT046,1997,Small,Tier 1,Supermarket Type1,4206.5244,228.2958
NCH55,16.35,Low Fat,0.058034349,Household,124.802,OUT010,1998,,Tier 3,Grocery Store,253.004,119.802
DRM47,9.3,Low Fat,0.043785694,Hard Drinks,191.6846,OUT046,1997,Small,Tier 1,Supermarket Type1,3057.3536,186.6846
DRL01,,Regular,0.076798609,Soft Drinks,231.8958,OUT027,1985,Medium,Tier 3,Supermarket Type3,8413.0488,226.8958
FDO12,15.75,Low Fat,0.055241242,Baking Goods,196.5452,OUT017,2007,,Tier 2,Supermarket Type1,3131.9232,191.5452
NCK30,14.85,Low Fat,0.061102235,Household,253.2698,OUT045,2002,,Tier 2,Supermarket Type1,2283.0282,248.2698
FDP16,18.6,Low Fat,0.039517121,Frozen Foods,243.6802,OUT017,2007,,Tier 2,Supermarket Type1,5896.3248,238.6802
NCG06,16.35,Low Fat,0.029565309,Household,256.4646,OUT018,2009,Medium,Tier 3,Supermarket Type2,515.3292,251.4646
FDX36,9.695,Regular,0.128283243,Baking Goods,226.1404,OUT046,1997,Small,Tier 1,Supermarket Type1,3375.606,221.1404
FDT09,15.15,Regular,0.012332667,Snack Foods,130.0284,OUT017,2007,,Tier 2,Supermarket Type1,3559.3668,125.0284
FDF08,14.3,Regular,0.065195229,Fruits and Vegetables,88.9856,OUT035,2004,Small,Tier 2,Supermarket Type1,1669.8264,83.9856
FDA43,10.895,Low Fat,0.108253944,Fruits and Vegetables,194.8794,OUT010,1998,,Tier 3,Grocery Store,585.2382,189.8794
NCN06,8.39,Low Fat,0.121178848,Household,165.1868,OUT017,2007,,Tier 2,Supermarket Type1,2784.3756,160.1868
DRF15,18.35,LF,0,Dairy,151.934,OUT013,1987,High,Tier 3,Supermarket Type1,306.268,146.934
NCX05,15.2,Low Fat,0.09698132,Health and Hygiene,116.3492,OUT013,1987,High,Tier 3,Supermarket Type1,2548.6824,111.3492
FDM21,20.2,Low Fat,0.064351908,Snack Foods,259.4646,OUT035,2004,Small,Tier 2,Supermarket Type1,2061.3168,254.4646
NCG54,,Low Fat,0.079419801,Household,172.3106,OUT027,1985,Medium,Tier 3,Supermarket Type3,5475.5392,167.3106
FDD26,8.71,Regular,0.072301795,Canned,185.6924,OUT045,2002,,Tier 2,Supermarket Type1,3331.6632,180.6924
FDU23,12.15,Low Fat,0.021719387,Breads,163.1184,OUT035,2004,Small,Tier 2,Supermarket Type1,3467.4864,158.1184
FDO37,8.06,Low Fat,0.021420031,Breakfast,232.0326,OUT045,2002,,Tier 2,Supermarket Type1,3003.4238,227.0326
FDP19,11.5,LF,0.290430317,Fruits and Vegetables,130.6652,OUT010,1998,,Tier 3,Grocery Store,258.3304,125.6652
FDT13,14.85,Low Fat,0.018571641,Canned,187.3214,OUT046,1997,Small,Tier 1,Supermarket Type1,4333.6922,182.3214
FDY07,11.8,Low Fat,0,Fruits and Vegetables,45.2402,OUT018,2009,Medium,Tier 3,Supermarket Type2,1148.505,40.2402
DRI47,14.7,Low Fat,0.020952705,Hard Drinks,143.5128,OUT049,1999,Medium,Tier 1,Supermarket Type1,2444.8176,138.5128
NCW42,,Low Fat,0.102371638,Household,221.2456,OUT019,1985,Small,Tier 1,Grocery Store,663.1368,216.2456
NCQ50,18.75,LF,0.034278798,Household,214.1218,OUT013,1987,High,Tier 3,Supermarket Type1,4488.1578,209.1218
FDQ09,7.235,Low Fat,0,Snack Foods,115.1834,OUT045,2002,,Tier 2,Supermarket Type1,1382.2008,110.1834
FDI20,,LF,0.038377013,Fruits and Vegetables,211.5586,OUT027,1985,Medium,Tier 3,Supermarket Type3,4432.2306,206.5586
NCP05,19.6,Low Fat,0.025325897,Health and Hygiene,150.9024,OUT049,1999,Medium,Tier 1,Supermarket Type1,3795.06,145.9024
FDH02,7.27,Regular,0.020898691,Canned,92.2488,OUT017,2007,,Tier 2,Supermarket Type1,814.9392,87.2488
FDH45,15.1,Regular,0.105881129,Fruits and Vegetables,42.0796,OUT045,2002,,Tier 2,Supermarket Type1,454.0756,37.0796
DRG49,7.81,Low Fat,0.112906337,Soft Drinks,243.5486,OUT010,1998,,Tier 3,Grocery Store,488.6972,238.5486
FDA37,7.81,Regular,0.055216312,Canned,125.5046,OUT035,2004,Small,Tier 2,Supermarket Type1,3237.1196,120.5046
FDS13,6.465,Low Fat,0.125210375,Canned,266.8884,OUT017,2007,,Tier 2,Supermarket Type1,1059.9536,261.8884
NCW42,,Low Fat,0.058185842,Household,220.8456,OUT027,1985,Medium,Tier 3,Supermarket Type3,4199.8664,215.8456
FDK15,10.8,Low Fat,0.098814721,Meat,100.5042,OUT018,2009,Medium,Tier 3,Supermarket Type2,1884.8798,95.5042
FDX51,9.5,Regular,0.022058724,Meat,196.8452,OUT046,1997,Small,Tier 1,Supermarket Type1,3523.4136,191.8452
FDJ20,20.7,Regular,0.100091576,Fruits and Vegetables,125.5388,OUT013,1987,High,Tier 3,Supermarket Type1,2105.2596,120.5388
DRK59,8.895,Low Fat,0.075876602,Hard Drinks,235.9616,OUT017,2007,,Tier 2,Supermarket Type1,1874.8928,230.9616
FDL45,15.6,Low Fat,0.037841362,Snack Foods,125.2704,OUT018,2009,Medium,Tier 3,Supermarket Type2,2628.5784,120.2704
FDH41,9,Low Fat,0.081943273,Frozen Foods,214.5534,OUT013,1987,High,Tier 3,Supermarket Type1,3440.8544,209.5534
FDD05,19.35,Low Fat,0.016645164,Frozen Foods,120.9098,OUT045,2002,,Tier 2,Supermarket Type1,1687.1372,115.9098
FDZ39,19.7,Regular,0.018061324,Meat,102.599,OUT045,2002,,Tier 2,Supermarket Type1,2063.98,97.599
FDY35,,Regular,0.028062401,Breads,44.0402,OUT019,1985,Small,Tier 1,Grocery Store,91.8804,39.0402
NCE06,5.825,Low Fat,0.091857904,Household,160.7894,OUT018,2009,Medium,Tier 3,Supermarket Type2,1617.894,155.7894
FDE57,,Low Fat,0.036109413,Fruits and Vegetables,140.6154,OUT027,1985,Medium,Tier 3,Supermarket Type3,4538.0928,135.6154
FDD33,12.85,Low Fat,0.108633372,Fruits and Vegetables,233.8642,OUT018,2009,Medium,Tier 3,Supermarket Type2,2323.642,228.8642
FDQ10,12.85,Low Fat,0.03324652,Snack Foods,172.4422,OUT045,2002,,Tier 2,Supermarket Type1,4483.4972,167.4422
FDN15,17.5,Low Fat,0.016720132,Meat,139.918,OUT013,1987,High,Tier 3,Supermarket Type1,419.454,134.918
FDS50,17,Low Fat,0.055433377,Dairy,221.1114,OUT046,1997,Small,Tier 1,Supermarket Type1,4434.228,216.1114
FDX21,7.05,Low Fat,0.084966021,Snack Foods,111.1912,OUT046,1997,Small,Tier 1,Supermarket Type1,1965.4416,106.1912
FDL58,5.78,Regular,0.074135053,Snack Foods,264.0568,OUT035,2004,Small,Tier 2,Supermarket Type1,2109.2544,259.0568
FDK09,15.2,Low Fat,0.091745951,Snack Foods,229.0352,OUT035,2004,Small,Tier 2,Supermarket Type1,2290.352,224.0352
FDS08,,Low Fat,0.056685383,Fruits and Vegetables,178.437,OUT027,1985,Medium,Tier 3,Supermarket Type3,3175.866,173.437
FDE20,11.35,Regular,0.00552947,Fruits and Vegetables,169.279,OUT035,2004,Small,Tier 2,Supermarket Type1,2376.906,164.279
FDF04,17.5,Low Fat,0.013664703,Frozen Foods,257.7304,OUT045,2002,,Tier 2,Supermarket Type1,5683.2688,252.7304
FDA50,16.25,Low Fat,0.087310672,Dairy,95.541,OUT049,1999,Medium,Tier 1,Supermarket Type1,1544.656,90.541
FDX08,12.85,Low Fat,0.022639195,Fruits and Vegetables,179.7318,OUT049,1999,Medium,Tier 1,Supermarket Type1,2165.1816,174.7318
FDD05,,Low Fat,0.016531033,Frozen Foods,122.4098,OUT027,1985,Medium,Tier 3,Supermarket Type3,3012.745,117.4098
FDG41,8.84,Regular,0.076873991,Frozen Foods,109.9228,OUT018,2009,Medium,Tier 3,Supermarket Type2,1547.3192,104.9228
FDU39,,Low Fat,0.035863436,Meat,58.3562,OUT027,1985,Medium,Tier 3,Supermarket Type3,1125.8678,53.3562
NCQ43,17.75,Low Fat,0.111301625,Others,107.5912,OUT046,1997,Small,Tier 1,Supermarket Type1,1528.6768,102.5912
NCY42,6.38,Low Fat,0.015193323,Household,143.347,OUT045,2002,,Tier 2,Supermarket Type1,858.882,138.347
FDF26,,Regular,0.046408928,Canned,153.2998,OUT027,1985,Medium,Tier 3,Supermarket Type3,3998.7948,148.2998
FDC20,10.65,Low Fat,0,Fruits and Vegetables,57.1272,OUT035,2004,Small,Tier 2,Supermarket Type1,279.636,52.1272
FDX14,13.1,Low Fat,0.07494003,Dairy,75.0354,OUT046,1997,Small,Tier 1,Supermarket Type1,902.8248,70.0354
DRC49,,LF,0.065119701,Soft Drinks,145.7128,OUT027,1985,Medium,Tier 3,Supermarket Type3,4026.7584,140.7128
FDM40,10.195,Low Fat,0,Frozen Foods,143.1154,OUT017,2007,,Tier 2,Supermarket Type1,2410.8618,138.1154
FDE10,6.67,Regular,0.090456903,Snack Foods,131.2626,OUT017,2007,,Tier 2,Supermarket Type1,2098.6016,126.2626
NCU17,5.32,Low Fat,0.093071679,Health and Hygiene,103.8674,OUT045,2002,,Tier 2,Supermarket Type1,509.337,98.8674
FDB36,,Regular,0.048292189,Baking Goods,133.1626,OUT027,1985,Medium,Tier 3,Supermarket Type3,2492.0894,128.1626
DRF13,12.1,Low Fat,0.029902679,Soft Drinks,144.3444,OUT018,2009,Medium,Tier 3,Supermarket Type2,1161.1552,139.3444
FDL13,13.85,Regular,0.056547986,Breakfast,232.73,OUT018,2009,Medium,Tier 3,Supermarket Type2,6291.81,227.73
NCH55,16.35,Low Fat,0.034726222,Household,125.602,OUT049,1999,Medium,Tier 1,Supermarket Type1,3036.048,120.602
NCF18,18.35,Low Fat,0.088908547,Household,192.8504,OUT013,1987,High,Tier 3,Supermarket Type1,2876.256,187.8504
FDC09,15.5,Regular,0.044024163,Fruits and Vegetables,102.0332,OUT010,1998,,Tier 3,Grocery Store,102.5332,97.0332
FDV09,12.1,Low Fat,0.020568574,Snack Foods,150.4734,OUT046,1997,Small,Tier 1,Supermarket Type1,2078.6276,145.4734
FDV09,12.1,Low Fat,0.020564685,Snack Foods,148.2734,OUT035,2004,Small,Tier 2,Supermarket Type1,3266.4148,143.2734
FDU16,19.25,Regular,0.058226609,Frozen Foods,85.2908,OUT013,1987,High,Tier 3,Supermarket Type1,671.1264,80.2908
FDD26,8.71,Regular,0.072155462,Canned,183.3924,OUT046,1997,Small,Tier 1,Supermarket Type1,3146.5708,178.3924
NCA29,10.5,Low Fat,0.027253711,Household,170.9106,OUT013,1987,High,Tier 3,Supermarket Type1,3251.1014,165.9106
FDZ26,11.6,Regular,0.144604071,Dairy,240.8222,OUT018,2009,Medium,Tier 3,Supermarket Type2,3585.333,235.8222
FDT56,16,Regular,0.193477995,Fruits and Vegetables,55.9246,OUT010,1998,,Tier 3,Grocery Store,405.4722,50.9246
FDF22,6.865,Low Fat,0.056945936,Snack Foods,214.6218,OUT045,2002,,Tier 2,Supermarket Type1,1923.4962,209.6218
FDH21,10.395,Low Fat,0.031288338,Seafood,159.5604,OUT045,2002,,Tier 2,Supermarket Type1,2852.2872,154.5604
FDD44,8.05,Regular,0.078400465,Fruits and Vegetables,259.0646,OUT046,1997,Small,Tier 1,Supermarket Type1,4380.2982,254.0646
FDS56,5.785,Regular,0.038976089,Fruits and Vegetables,264.2252,OUT017,2007,,Tier 2,Supermarket Type1,3934.878,259.2252
FDF21,10.3,Regular,0.058918844,Fruits and Vegetables,191.653,OUT049,1999,Medium,Tier 1,Supermarket Type1,5313.084,186.653
FDM44,12.5,Low Fat,0.031176157,Fruits and Vegetables,103.099,OUT018,2009,Medium,Tier 3,Supermarket Type2,722.393,98.099
DRK01,7.63,Low Fat,0.061159246,Soft Drinks,92.5436,OUT049,1999,Medium,Tier 1,Supermarket Type1,1607.2412,87.5436
FDO22,13.5,Regular,0,Snack Foods,78.396,OUT035,2004,Small,Tier 2,Supermarket Type1,1438.128,73.396
FDP57,17.5,Low Fat,0.052550476,Snack Foods,101.299,OUT045,2002,,Tier 2,Supermarket Type1,722.393,96.299
DRF49,,Low Fat,0.124448295,Soft Drinks,112.0518,OUT019,1985,Small,Tier 1,Grocery Store,113.8518,107.0518
DRK11,8.21,low fat,0.010808272,Hard Drinks,150.5392,OUT018,2009,Medium,Tier 3,Supermarket Type2,1043.9744,145.5392
FDT51,11.65,Regular,0.010963269,Meat,110.9544,OUT018,2009,Medium,Tier 3,Supermarket Type2,335.5632,105.9544
FDE58,18.5,LF,0,Snack Foods,119.8124,OUT017,2007,,Tier 2,Supermarket Type1,4029.4216,114.8124
FDT23,7.72,reg,0.075035902,Breads,78.7986,OUT018,2009,Medium,Tier 3,Supermarket Type2,856.8846,73.7986
NCT42,5.88,Low Fat,0.024882614,Household,149.4392,OUT035,2004,Small,Tier 2,Supermarket Type1,1640.5312,144.4392
FDJ41,6.85,Low Fat,0.022878953,Frozen Foods,262.3594,OUT035,2004,Small,Tier 2,Supermarket Type1,3924.891,257.3594
NCF42,,Low Fat,0.166572501,Household,176.1712,OUT027,1985,Medium,Tier 3,Supermarket Type3,3691.1952,171.1712
FDA19,7.52,LF,0.055081623,Fruits and Vegetables,128.8994,OUT013,1987,High,Tier 3,Supermarket Type1,2055.9904,123.8994
FDW09,13.65,Regular,0.025920816,Snack Foods,81.2302,OUT046,1997,Small,Tier 1,Supermarket Type1,2059.9852,76.2302
NCO14,,Low Fat,0.029500321,Household,46.2086,OUT027,1985,Medium,Tier 3,Supermarket Type3,802.9548,41.2086
FDO39,6.985,Regular,0.137645467,Meat,185.2608,OUT045,2002,,Tier 2,Supermarket Type1,2940.1728,180.2608
FDR45,,Low Fat,0,Snack Foods,240.6222,OUT027,1985,Medium,Tier 3,Supermarket Type3,4302.3996,235.6222
FDA15,9.3,Low Fat,0.026818196,Dairy,248.9092,OUT010,1998,,Tier 3,Grocery Store,498.0184,243.9092
FDY13,12.1,Low Fat,0.030102335,Canned,74.767,OUT013,1987,High,Tier 3,Supermarket Type1,2220.443,69.767
FDY31,5.98,Low Fat,0.043740308,Fruits and Vegetables,145.3418,OUT018,2009,Medium,Tier 3,Supermarket Type2,2354.2688,140.3418
NCS29,9,Low Fat,0.069653585,Health and Hygiene,266.2884,OUT049,1999,Medium,Tier 1,Supermarket Type1,2914.8724,261.2884
FDJ52,7.145,Low Fat,0.01785932,Frozen Foods,160.6578,OUT018,2009,Medium,Tier 3,Supermarket Type2,2246.4092,155.6578
NCX41,19,Low Fat,0.017755213,Health and Hygiene,211.7244,OUT045,2002,,Tier 2,Supermarket Type1,2752.4172,206.7244
FDQ36,7.855,Regular,0.161875063,Baking Goods,35.6848,OUT045,2002,,Tier 2,Supermarket Type1,335.5632,30.6848
FDV35,19.5,Low Fat,0.128181759,Breads,156.1314,OUT035,2004,Small,Tier 2,Supermarket Type1,2792.3652,151.1314
FDE02,8.71,Low Fat,0.121250374,Canned,92.7778,OUT046,1997,Small,Tier 1,Supermarket Type1,1032.6558,87.7778
FDA34,11.5,Low Fat,0.014921093,Starchy Foods,173.908,OUT018,2009,Medium,Tier 3,Supermarket Type2,1211.756,168.908
NCL42,18.85,Low Fat,0.040434372,Household,244.3144,OUT049,1999,Medium,Tier 1,Supermarket Type1,5635.3312,239.3144
FDE14,13.65,Regular,0.031508924,Canned,98.77,OUT045,2002,,Tier 2,Supermarket Type1,1697.79,93.77
DRD25,6.135,Low Fat,0.079094835,Soft Drinks,114.386,OUT049,1999,Medium,Tier 1,Supermarket Type1,1018.674,109.386
DRF01,5.655,Low Fat,0.175793413,Soft Drinks,146.9102,OUT018,2009,Medium,Tier 3,Supermarket Type2,1749.7224,141.9102
FDF39,14.85,Regular,0.019495051,Dairy,261.291,OUT013,1987,High,Tier 3,Supermarket Type1,10256.649,256.291
FDP01,20.75,Regular,0.063313974,Breakfast,153.7682,OUT035,2004,Small,Tier 2,Supermarket Type1,1829.6184,148.7682
FDB10,10,Low Fat,0.0674819,Snack Foods,234.859,OUT018,2009,Medium,Tier 3,Supermarket Type2,1181.795,229.859
FDY14,10.3,Low Fat,0.070026951,Dairy,263.6226,OUT035,2004,Small,Tier 2,Supermarket Type1,6608.065,258.6226
FDR57,5.675,Regular,0.023496967,Snack Foods,156.1288,OUT046,1997,Small,Tier 1,Supermarket Type1,2828.3184,151.1288
NCH29,5.51,Low Fat,0,Health and Hygiene,98.9726,OUT018,2009,Medium,Tier 3,Supermarket Type2,1565.9616,93.9726
FDJ45,17.75,low fat,0.073559521,Seafood,33.9216,OUT045,2002,,Tier 2,Supermarket Type1,830.9184,28.9216
FDZ48,17.75,Low Fat,0.07626905,Baking Goods,113.1544,OUT018,2009,Medium,Tier 3,Supermarket Type2,1006.6896,108.1544
FDV44,8.365,Regular,0.039925235,Fruits and Vegetables,189.2188,OUT045,2002,,Tier 2,Supermarket Type1,4570.0512,184.2188
FDR01,,Regular,0.093883945,Canned,200.4742,OUT019,1985,Small,Tier 1,Grocery Store,398.1484,195.4742
FDZ57,10,Regular,0.03773288,Snack Foods,128.2994,OUT013,1987,High,Tier 3,Supermarket Type1,1413.4934,123.2994
FDI08,18.2,Regular,0.066400129,Fruits and Vegetables,250.1092,OUT049,1999,Medium,Tier 1,Supermarket Type1,5727.2116,245.1092
DRA24,19.35,Regular,0.039920687,Soft Drinks,163.3868,OUT035,2004,Small,Tier 2,Supermarket Type1,3439.5228,158.3868
FDS39,,Low Fat,0.022351808,Meat,143.7812,OUT027,1985,Medium,Tier 3,Supermarket Type3,4986.842,138.7812
NCL31,7.39,Low Fat,0.120180894,Others,141.447,OUT013,1987,High,Tier 3,Supermarket Type1,2290.352,136.447
FDD34,7.945,Low Fat,0.015900971,Snack Foods,163.821,OUT049,1999,Medium,Tier 1,Supermarket Type1,1794.331,158.821
FDC34,16,Regular,0.172759093,Snack Foods,157.0972,OUT046,1997,Small,Tier 1,Supermarket Type1,4673.916,152.0972
NCK05,20.1,Low Fat,0.077454252,Health and Hygiene,59.2536,OUT046,1997,Small,Tier 1,Supermarket Type1,735.0432,54.2536
FDB32,20.6,Low Fat,0.039255412,Fruits and Vegetables,94.4778,OUT010,1998,,Tier 3,Grocery Store,93.8778,89.4778
FDC03,8.575,Regular,0.072252888,Dairy,196.5794,OUT017,2007,,Tier 2,Supermarket Type1,5267.1438,191.5794
FDO19,17.7,Regular,0.016664252,Fruits and Vegetables,47.9034,OUT018,2009,Medium,Tier 3,Supermarket Type2,729.051,42.9034
FDZ28,20,Regular,0.086187886,Frozen Foods,125.4678,OUT010,1998,,Tier 3,Grocery Store,127.1678,120.4678
FDK28,5.695,Low Fat,0.109784056,Frozen Foods,256.0646,OUT010,1998,,Tier 3,Grocery Store,1288.323,251.0646
NCU30,5.11,Low Fat,0,Household,164.721,OUT018,2009,Medium,Tier 3,Supermarket Type2,3588.662,159.721
FDV57,15.25,Regular,0,Snack Foods,178.166,OUT045,2002,,Tier 2,Supermarket Type1,4853.682,173.166
FDB02,,Regular,0.029023048,Canned,177.837,OUT027,1985,Medium,Tier 3,Supermarket Type3,6704.606,172.837
FDD52,18.25,Regular,0.183142346,Dairy,110.357,OUT013,1987,High,Tier 3,Supermarket Type1,2087.283,105.357
FDN34,15.6,Regular,0,Snack Foods,170.6132,OUT013,1987,High,Tier 3,Supermarket Type1,6595.4148,165.6132
FDB50,13,Low Fat,0.153857402,Canned,76.3986,OUT049,1999,Medium,Tier 1,Supermarket Type1,778.986,71.3986
FDS55,7.02,Low Fat,0.081290366,Fruits and Vegetables,147.3734,OUT049,1999,Medium,Tier 1,Supermarket Type1,2524.0478,142.3734
FDR21,19.7,Low Fat,0.066935459,Snack Foods,177.537,OUT046,1997,Small,Tier 1,Supermarket Type1,3175.866,172.537
NCD07,9.1,Low Fat,0.055514919,Household,112.5518,OUT049,1999,Medium,Tier 1,Supermarket Type1,341.5554,107.5518
FDO11,8,Regular,0.050657232,Breads,249.9092,OUT010,1998,,Tier 3,Grocery Store,249.0092,244.9092
NCC54,17.75,Low Fat,0.098108957,Health and Hygiene,240.9196,OUT018,2009,Medium,Tier 3,Supermarket Type2,4579.3724,235.9196
FDV35,19.5,Low Fat,0.128405328,Breads,156.4314,OUT049,1999,Medium,Tier 1,Supermarket Type1,2326.971,151.4314
NCU29,7.685,Low Fat,0.025477448,Health and Hygiene,145.276,OUT046,1997,Small,Tier 1,Supermarket Type1,3515.424,140.276
NCZ53,9.6,Low Fat,0.040969757,Health and Hygiene,188.7214,OUT010,1998,,Tier 3,Grocery Store,376.8428,183.7214
DRE03,19.6,Low Fat,0.040550868,Dairy,45.5718,OUT010,1998,,Tier 3,Grocery Store,47.2718,40.5718
FDZ09,17.6,Low Fat,0.175545889,Snack Foods,163.6868,OUT010,1998,,Tier 3,Grocery Store,163.7868,158.6868
FDE40,15.6,Regular,0.099344826,Dairy,63.6194,OUT045,2002,,Tier 2,Supermarket Type1,743.0328,58.6194
NCS18,12.65,Low Fat,0.042276746,Household,108.4938,OUT049,1999,Medium,Tier 1,Supermarket Type1,1500.7132,103.4938
FDX24,,Low Fat,0.013861607,Baking Goods,94.4462,OUT027,1985,Medium,Tier 3,Supermarket Type3,2036.0164,89.4462
FDS34,,Regular,0.076387367,Snack Foods,112.1518,OUT027,1985,Medium,Tier 3,Supermarket Type3,3870.9612,107.1518
NCS53,14.5,Low Fat,0.08996026,Health and Hygiene,159.5604,OUT045,2002,,Tier 2,Supermarket Type1,1426.1436,154.5604
FDH38,6.425,Low Fat,0.010480751,Canned,116.5808,OUT018,2009,Medium,Tier 3,Supermarket Type2,2460.7968,111.5808
DRM35,9.695,LF,0.070587419,Hard Drinks,176.9344,OUT045,2002,,Tier 2,Supermarket Type1,5888.3352,171.9344
DRI25,19.6,Low Fat,0.03387323,Soft Drinks,56.1614,OUT013,1987,High,Tier 3,Supermarket Type1,828.921,51.1614
NCP06,20.7,LF,0.039238384,Household,152.8366,OUT035,2004,Small,Tier 2,Supermarket Type1,2569.3222,147.8366
FDT02,12.6,Low Fat,0.024331586,Dairy,34.9874,OUT017,2007,,Tier 2,Supermarket Type1,529.311,29.9874
NCP14,8.275,Low Fat,0.110197977,Household,104.2306,OUT013,1987,High,Tier 3,Supermarket Type1,3658.571,99.2306
NCD43,,Low Fat,0.028048877,Household,106.1964,OUT019,1985,Small,Tier 1,Grocery Store,210.3928,101.1964
FDP20,19.85,Low Fat,0.045631231,Fruits and Vegetables,128.102,OUT013,1987,High,Tier 3,Supermarket Type1,1265.02,123.102
FDK04,7.36,Low Fat,0.087559621,Frozen Foods,55.2588,OUT010,1998,,Tier 3,Grocery Store,229.0352,50.2588
FDQ15,20.35,Regular,0.252865979,Meat,82.7276,OUT010,1998,,Tier 3,Grocery Store,162.4552,77.7276
FDE11,17.7,Regular,0.135306012,Starchy Foods,183.7924,OUT049,1999,Medium,Tier 1,Supermarket Type1,2221.1088,178.7924
FDN01,,Low Fat,0.126760908,Breakfast,176.937,OUT019,1985,Small,Tier 1,Grocery Store,352.874,171.937
FDC29,8.39,Regular,0.024201084,Frozen Foods,112.6176,OUT035,2004,Small,Tier 2,Supermarket Type1,2175.8344,107.6176
FDC48,9.195,Low Fat,0.015856295,Baking Goods,81.6592,OUT035,2004,Small,Tier 2,Supermarket Type1,1403.5064,76.6592
DRF27,8.93,Low Fat,0.028411899,Dairy,152.334,OUT035,2004,Small,Tier 2,Supermarket Type1,2143.876,147.334
NCB55,15.7,Low Fat,0.160529322,Household,59.2562,OUT013,1987,High,Tier 3,Supermarket Type1,296.281,54.2562
NCX30,16.7,Low Fat,0.026771204,Household,246.3776,OUT017,2007,,Tier 2,Supermarket Type1,1981.4208,241.3776
DRN36,,Low Fat,0.049934854,Soft Drinks,95.0752,OUT027,1985,Medium,Tier 3,Supermarket Type3,2588.6304,90.0752
FDP08,20.5,Regular,0.113045883,Fruits and Vegetables,194.1478,OUT017,2007,,Tier 2,Supermarket Type1,2906.217,189.1478
NCD31,,Low Fat,0.015359722,Household,163.7526,OUT027,1985,Medium,Tier 3,Supermarket Type3,1973.4312,158.7526
FDK45,11.65,Low Fat,0.034049703,Seafood,112.286,OUT017,2007,,Tier 2,Supermarket Type1,452.744,107.286
DRE49,20.75,Low Fat,0.02128304,Soft Drinks,153.5024,OUT049,1999,Medium,Tier 1,Supermarket Type1,2428.8384,148.5024
FDU52,,Low Fat,0.063462048,Frozen Foods,157.563,OUT027,1985,Medium,Tier 3,Supermarket Type3,1721.093,152.563
FDD53,16.2,Low Fat,0.074019393,Frozen Foods,41.7454,OUT010,1998,,Tier 3,Grocery Store,83.8908,36.7454
FDF11,10.195,Regular,0.017666978,Starchy Foods,239.4538,OUT045,2002,,Tier 2,Supermarket Type1,4566.7222,234.4538
NCR30,,Low Fat,0.124299531,Household,73.4696,OUT019,1985,Small,Tier 1,Grocery Store,298.2784,68.4696
FDD03,13.3,Low Fat,0.079739853,Dairy,233.03,OUT013,1987,High,Tier 3,Supermarket Type1,5359.69,228.03
FDF09,6.215,Low Fat,0.012167793,Fruits and Vegetables,37.4848,OUT049,1999,Medium,Tier 1,Supermarket Type1,111.8544,32.4848
FDS33,6.67,Regular,0,Snack Foods,90.5514,OUT018,2009,Medium,Tier 3,Supermarket Type2,974.0654,85.5514
FDK03,12.6,Regular,0.074338562,Dairy,255.5356,OUT017,2007,,Tier 2,Supermarket Type1,9664.7528,250.5356
FDD29,12.15,Low Fat,0.018407033,Frozen Foods,254.7698,OUT035,2004,Small,Tier 2,Supermarket Type1,5834.4054,249.7698
FDD02,16.6,Low Fat,0.050369191,Canned,117.2124,OUT049,1999,Medium,Tier 1,Supermarket Type1,1422.1488,112.2124
FDF29,,Regular,0.019837655,Frozen Foods,128.131,OUT027,1985,Medium,Tier 3,Supermarket Type3,1687.803,123.131
FDP59,20.85,Regular,0.056465714,Breads,103.6648,OUT046,1997,Small,Tier 1,Supermarket Type1,2285.0256,98.6648
NCN17,11,Low Fat,0.054928641,Health and Hygiene,101.7358,OUT035,2004,Small,Tier 2,Supermarket Type1,1508.037,96.7358
NCM55,15.6,Low Fat,0.066829875,Others,185.5924,OUT049,1999,Medium,Tier 1,Supermarket Type1,3146.5708,180.5924
FDD39,,Low Fat,0.122832172,Dairy,217.685,OUT019,1985,Small,Tier 1,Grocery Store,432.77,212.685
FDS02,10.195,Regular,0.146692433,Dairy,194.5794,OUT017,2007,,Tier 2,Supermarket Type1,4096.6674,189.5794
FDN16,12.6,Regular,0.062827447,Frozen Foods,105.099,OUT045,2002,,Tier 2,Supermarket Type1,1444.786,100.099
FDM21,20.2,LF,0.064464147,Snack Foods,255.7646,OUT049,1999,Medium,Tier 1,Supermarket Type1,5410.9566,250.7646
FDJ04,18,Low Fat,0.124959013,Frozen Foods,116.5124,OUT018,2009,Medium,Tier 3,Supermarket Type2,355.5372,111.5124
FDT50,6.75,Regular,0,Dairy,96.7752,OUT049,1999,Medium,Tier 1,Supermarket Type1,1342.2528,91.7752
FDM27,12.35,Regular,0.15911489,Meat,158.1946,OUT018,2009,Medium,Tier 3,Supermarket Type2,1104.5622,153.1946
FDT19,7.59,Regular,0.145335007,Fruits and Vegetables,173.108,OUT045,2002,,Tier 2,Supermarket Type1,2077.296,168.108
FDQ39,14.8,Low Fat,0.081168135,Meat,190.5846,OUT049,1999,Medium,Tier 1,Supermarket Type1,3630.6074,185.5846
NCU30,5.11,Low Fat,0.034874689,Household,161.721,OUT046,1997,Small,Tier 1,Supermarket Type1,2446.815,156.721
FDY27,6.38,LF,0.031898175,Dairy,177.4344,OUT046,1997,Small,Tier 1,Supermarket Type1,1784.344,172.4344
FDW14,8.3,Regular,0.038211537,Dairy,87.7198,OUT046,1997,Small,Tier 1,Supermarket Type1,1569.9564,82.7198
FDJ21,16.7,Regular,0.03874616,Snack Foods,143.8102,OUT017,2007,,Tier 2,Supermarket Type1,4811.7366,138.8102
FDX47,,Regular,0.03443677,Breads,156.5288,OUT027,1985,Medium,Tier 3,Supermarket Type3,4870.9928,151.5288
FDK56,9.695,Low Fat,0.130261652,Fruits and Vegetables,185.2898,OUT045,2002,,Tier 2,Supermarket Type1,3367.6164,180.2898
NCN05,8.235,Low Fat,0.014456938,Health and Hygiene,184.795,OUT035,2004,Small,Tier 2,Supermarket Type1,1464.76,179.795
FDC26,10.195,Low Fat,0.126383094,Canned,112.1886,OUT046,1997,Small,Tier 1,Supermarket Type1,667.1316,107.1886
FDT14,10.695,Regular,0.127620811,Dairy,119.244,OUT013,1987,High,Tier 3,Supermarket Type1,3475.476,114.244
FDS36,8.38,Regular,0.046878474,Baking Goods,109.857,OUT035,2004,Small,Tier 2,Supermarket Type1,2306.997,104.857
FDR48,11.65,Low Fat,0.220111117,Baking Goods,153.0024,OUT010,1998,,Tier 3,Grocery Store,455.4072,148.0024
FDM04,9.195,Regular,0.0471117,Frozen Foods,52.0666,OUT035,2004,Small,Tier 2,Supermarket Type1,615.1992,47.0666
FDZ37,8.1,Regular,0.019768503,Canned,88.6198,OUT046,1997,Small,Tier 1,Supermarket Type1,1569.9564,83.6198
FDE46,18.6,Low Fat,0.015858893,Snack Foods,152.9366,OUT017,2007,,Tier 2,Supermarket Type1,453.4098,147.9366
NCQ53,17.6,Low Fat,0.018905326,Health and Hygiene,234.659,OUT046,1997,Small,Tier 1,Supermarket Type1,8508.924,229.659
NCN42,20.25,Low Fat,0.014280554,Household,148.0418,OUT018,2009,Medium,Tier 3,Supermarket Type2,1177.1344,143.0418
DRH11,5.98,Low Fat,0.075675438,Hard Drinks,53.3614,OUT049,1999,Medium,Tier 1,Supermarket Type1,331.5684,48.3614
NCI42,18.75,Low Fat,0.010381661,Household,207.8954,OUT049,1999,Medium,Tier 1,Supermarket Type1,2292.3494,202.8954
FDT07,5.82,Regular,0.077475884,Fruits and Vegetables,255.333,OUT045,2002,,Tier 2,Supermarket Type1,4870.327,250.333
DRL60,8.52,Low Fat,0.02705936,Soft Drinks,153.3682,OUT046,1997,Small,Tier 1,Supermarket Type1,914.8092,148.3682
FDG20,15.5,Regular,0.126199917,Fruits and Vegetables,178.4028,OUT018,2009,Medium,Tier 3,Supermarket Type2,1239.7196,173.4028
FDF56,16.7,Regular,0.119462225,Fruits and Vegetables,182.7976,OUT046,1997,Small,Tier 1,Supermarket Type1,1810.976,177.7976
FDV33,9.6,Regular,0.027454997,Snack Foods,258.1304,OUT018,2009,Medium,Tier 3,Supermarket Type2,2324.9736,253.1304
NCF31,9.13,Low Fat,0.051928034,Household,151.4024,OUT049,1999,Medium,Tier 1,Supermarket Type1,1973.4312,146.4024
FDD59,10.5,Regular,0,Starchy Foods,78.296,OUT046,1997,Small,Tier 1,Supermarket Type1,1438.128,73.296
FDQ52,17,Low Fat,0.119570595,Frozen Foods,249.7434,OUT049,1999,Medium,Tier 1,Supermarket Type1,4221.8378,244.7434
FDP09,,Low Fat,0.033725743,Snack Foods,211.6902,OUT027,1985,Medium,Tier 3,Supermarket Type3,4247.804,206.6902
FDK24,9.195,Low Fat,0.101275792,Baking Goods,46.4744,OUT035,2004,Small,Tier 2,Supermarket Type1,950.7624,41.4744
NCA18,10.1,Low Fat,0.056077574,Household,117.8492,OUT046,1997,Small,Tier 1,Supermarket Type1,1621.8888,112.8492
NCE07,8.18,Low Fat,0,Household,140.5154,OUT045,2002,,Tier 2,Supermarket Type1,1701.7848,135.5154
FDM45,8.655,Regular,0.088178053,Snack Foods,122.6756,OUT035,2004,Small,Tier 2,Supermarket Type1,2302.3364,117.6756
FDQ32,17.85,Regular,0.046608497,Fruits and Vegetables,122.9388,OUT046,1997,Small,Tier 1,Supermarket Type1,3095.97,117.9388
FDI34,10.65,Regular,0.085119855,Snack Foods,229.8668,OUT035,2004,Small,Tier 2,Supermarket Type1,4146.6024,224.8668
FDE14,13.65,Regular,0.031418984,Canned,99.27,OUT013,1987,High,Tier 3,Supermarket Type1,2596.62,94.27
DRF37,17.25,Low Fat,0.084809658,Soft Drinks,261.191,OUT017,2007,,Tier 2,Supermarket Type1,3155.892,256.191
FDW44,9.5,Regular,0.035350045,Fruits and Vegetables,169.7448,OUT017,2007,,Tier 2,Supermarket Type1,3579.3408,164.7448
FDC59,16.7,Regular,0,Starchy Foods,63.6168,OUT049,1999,Medium,Tier 1,Supermarket Type1,1342.2528,58.6168
NCI29,8.6,Low Fat,0.054601779,Health and Hygiene,141.1154,OUT010,1998,,Tier 3,Grocery Store,425.4462,136.1154
FDV38,19.25,Low Fat,0.102188428,Dairy,54.3956,OUT018,2009,Medium,Tier 3,Supermarket Type2,1201.1032,49.3956
FDZ49,11,Regular,0.133034816,Canned,222.0798,OUT013,1987,High,Tier 3,Supermarket Type1,2864.9374,217.0798
DRD49,9.895,Low Fat,0.16817143,Soft Drinks,237.7564,OUT045,2002,,Tier 2,Supermarket Type1,3813.7024,232.7564
FDA02,14,Regular,0.029722659,Dairy,143.4786,OUT046,1997,Small,Tier 1,Supermarket Type1,1589.2646,138.4786
FDX20,7.365,Low Fat,0.042733625,Fruits and Vegetables,226.972,OUT018,2009,Medium,Tier 3,Supermarket Type2,3848.324,221.972
FDS24,20.85,Regular,0.062172698,Baking Goods,90.2514,OUT013,1987,High,Tier 3,Supermarket Type1,619.8598,85.2514
FDI58,7.64,Regular,0.070704474,Snack Foods,93.412,OUT046,1997,Small,Tier 1,Supermarket Type1,1491.392,88.412
FDQ60,,Regular,0.191500528,Baking Goods,121.2098,OUT019,1985,Small,Tier 1,Grocery Store,120.5098,116.2098
FDJ27,17.7,Regular,0.122065518,Meat,103.3674,OUT049,1999,Medium,Tier 1,Supermarket Type1,2546.685,98.3674
FDV27,7.97,Regular,0.04021623,Meat,90.4514,OUT017,2007,,Tier 2,Supermarket Type1,1328.271,85.4514
NCL41,12.35,Low Fat,0.041737627,Health and Hygiene,33.1216,OUT046,1997,Small,Tier 1,Supermarket Type1,519.324,28.1216
NCP29,8.42,Low Fat,0.11227101,Health and Hygiene,63.2168,OUT046,1997,Small,Tier 1,Supermarket Type1,703.0848,58.2168
FDC45,,Low Fat,0.135075924,Fruits and Vegetables,170.3106,OUT027,1985,Medium,Tier 3,Supermarket Type3,3422.212,165.3106
FDN33,6.305,Regular,0.12301331,Snack Foods,93.2436,OUT013,1987,High,Tier 3,Supermarket Type1,2079.9592,88.2436
DRC01,5.92,Regular,0.019238942,Soft Drinks,49.8692,OUT045,2002,,Tier 2,Supermarket Type1,1133.1916,44.8692
FDL57,15.1,Regular,0.067212845,Snack Foods,260.2304,OUT045,2002,,Tier 2,Supermarket Type1,4908.2776,255.2304
NCF42,17.35,Low Fat,0.280164929,Household,177.5712,OUT010,1998,,Tier 3,Grocery Store,527.3136,172.5712
FDG50,7.405,Low Fat,0.015271793,Canned,89.9146,OUT046,1997,Small,Tier 1,Supermarket Type1,1550.6482,84.9146
FDH22,6.405,Low Fat,0.136512858,Snack Foods,128.7678,OUT049,1999,Medium,Tier 1,Supermarket Type1,3052.0272,123.7678
FDO36,19.7,Low Fat,0.078034976,Baking Goods,178.066,OUT049,1999,Medium,Tier 1,Supermarket Type1,3954.852,173.066
FDY04,17.7,Regular,0.042649476,Frozen Foods,162.721,OUT018,2009,Medium,Tier 3,Supermarket Type2,978.726,157.721
FDZ09,17.6,Low Fat,0.104859135,Snack Foods,161.8868,OUT035,2004,Small,Tier 2,Supermarket Type1,4094.67,156.8868
FDH28,15.85,Regular,0.110202066,Frozen Foods,39.7506,OUT049,1999,Medium,Tier 1,Supermarket Type1,721.0614,34.7506
FDN32,17.5,Low Fat,0.01558456,Fruits and Vegetables,185.1266,OUT049,1999,Medium,Tier 1,Supermarket Type1,4795.0916,180.1266
DRJ37,,Low Fat,0.060805497,Soft Drinks,150.8024,OUT027,1985,Medium,Tier 3,Supermarket Type3,3339.6528,145.8024
FDE57,9.6,Low Fat,0.036490369,Fruits and Vegetables,140.8154,OUT017,2007,,Tier 2,Supermarket Type1,1843.6002,135.8154
FDG05,11,Regular,0.088025298,Frozen Foods,158.063,OUT045,2002,,Tier 2,Supermarket Type1,2659.871,153.063
FDI09,20.75,Regular,0.129864461,Seafood,240.188,OUT018,2009,Medium,Tier 3,Supermarket Type2,5992.2,235.188
DRD12,,Low Fat,0,Soft Drinks,89.4146,OUT027,1985,Medium,Tier 3,Supermarket Type3,2645.2234,84.4146
FDD02,16.6,Low Fat,0.084176826,Canned,118.0124,OUT010,1998,,Tier 3,Grocery Store,592.562,113.0124
FDI36,12.5,Regular,0.062343432,Baking Goods,199.7426,OUT046,1997,Small,Tier 1,Supermarket Type1,593.2278,194.7426
DRK39,7.02,Low Fat,0.049942926,Dairy,82.425,OUT049,1999,Medium,Tier 1,Supermarket Type1,1414.825,77.425
FDH44,19.1,reg,0.025867261,Fruits and Vegetables,147.6418,OUT035,2004,Small,Tier 2,Supermarket Type1,1471.418,142.6418
FDS56,5.785,Regular,0.038817121,Fruits and Vegetables,262.6252,OUT049,1999,Medium,Tier 1,Supermarket Type1,524.6504,257.6252
DRJ59,11.65,Low Fat,0.01941154,Hard Drinks,40.3164,OUT045,2002,,Tier 2,Supermarket Type1,502.0132,35.3164
NCA30,19,Low Fat,0.216478153,Household,190.1872,OUT010,1998,,Tier 3,Grocery Store,567.2616,185.1872
FDF17,5.19,Low Fat,0.042707323,Frozen Foods,197.811,OUT045,2002,,Tier 2,Supermarket Type1,2946.165,192.811
NCX18,14.15,Low Fat,0,Household,196.311,OUT046,1997,Small,Tier 1,Supermarket Type1,3338.987,191.311
NCO53,16.2,Low Fat,0.175898114,Health and Hygiene,183.7608,OUT018,2009,Medium,Tier 3,Supermarket Type2,2940.1728,178.7608
FDT23,7.72,reg,0.074847665,Breads,78.8986,OUT049,1999,Medium,Tier 1,Supermarket Type1,623.1888,73.8986
NCJ19,18.6,Low Fat,0.118180011,Others,56.2588,OUT046,1997,Small,Tier 1,Supermarket Type1,1030.6584,51.2588
FDI05,8.35,Regular,0.127587344,Frozen Foods,76.5354,OUT017,2007,,Tier 2,Supermarket Type1,1805.6496,71.5354
NCJ19,18.6,Low Fat,0.19780911,Others,55.6588,OUT010,1998,,Tier 3,Grocery Store,114.5176,50.6588
NCS29,,LF,0.069208684,Health and Hygiene,264.0884,OUT027,1985,Medium,Tier 3,Supermarket Type3,4504.8028,259.0884
NCC06,19,Low Fat,0.026963909,Household,129.8336,OUT013,1987,High,Tier 3,Supermarket Type1,3451.5072,124.8336
FDJ12,8.895,Regular,0.039261947,Baking Goods,207.4296,OUT017,2007,,Tier 2,Supermarket Type1,2492.7552,202.4296
FDW48,18,Low Fat,0.008533716,Baking Goods,78.5618,OUT013,1987,High,Tier 3,Supermarket Type1,402.809,73.5618
FDX32,15.1,Regular,0.100423086,Fruits and Vegetables,144.7786,OUT017,2007,,Tier 2,Supermarket Type1,2600.6148,139.7786
FDH02,,Regular,0,Canned,91.8488,OUT027,1985,Medium,Tier 3,Supermarket Type3,2716.464,86.8488
FDD16,20.5,Low Fat,0.036353098,Frozen Foods,75.8696,OUT046,1997,Small,Tier 1,Supermarket Type1,2386.2272,70.8696
FDR09,,Low Fat,0.077348214,Snack Foods,259.7962,OUT027,1985,Medium,Tier 3,Supermarket Type3,8028.8822,254.7962
FDB32,20.6,Low Fat,0.023548476,Fruits and Vegetables,93.3778,OUT018,2009,Medium,Tier 3,Supermarket Type2,1314.2892,88.3778
FDP11,15.85,Low Fat,0.069043044,Breads,218.7166,OUT013,1987,High,Tier 3,Supermarket Type1,4136.6154,213.7166
FDG09,20.6,Regular,0.048010812,Fruits and Vegetables,187.7556,OUT049,1999,Medium,Tier 1,Supermarket Type1,3004.0896,182.7556
FDF21,10.3,Regular,0.058778429,Fruits and Vegetables,187.853,OUT013,1987,High,Tier 3,Supermarket Type1,2656.542,182.853
NCJ19,,Low Fat,0.117607719,Others,55.2588,OUT027,1985,Medium,Tier 3,Supermarket Type3,2748.4224,50.2588
FDY03,17.6,Regular,0.127412338,Meat,111.3202,OUT010,1998,,Tier 3,Grocery Store,337.5606,106.3202
FDK58,11.35,Regular,0.044945123,Snack Foods,101.0016,OUT013,1987,High,Tier 3,Supermarket Type1,2631.2416,96.0016
FDC26,10.195,Low Fat,0.126579586,Canned,112.2886,OUT049,1999,Medium,Tier 1,Supermarket Type1,2557.3378,107.2886
FDN15,17.5,Low Fat,0.016802225,Meat,138.518,OUT018,2009,Medium,Tier 3,Supermarket Type2,2376.906,133.518
DRH11,,Low Fat,0.075192072,Hard Drinks,56.0614,OUT027,1985,Medium,Tier 3,Supermarket Type3,2597.2858,51.0614
NCK17,11,Low Fat,0.03786331,Health and Hygiene,40.948,OUT013,1987,High,Tier 3,Supermarket Type1,319.584,35.948
DRC01,5.92,Regular,0.019200003,Soft Drinks,47.7692,OUT046,1997,Small,Tier 1,Supermarket Type1,492.692,42.7692
FDD03,13.3,Low Fat,0.079791176,Dairy,232.73,OUT035,2004,Small,Tier 2,Supermarket Type1,2796.36,227.73
NCY17,18.2,Low Fat,0.16334971,Health and Hygiene,45.1086,OUT049,1999,Medium,Tier 1,Supermarket Type1,669.129,40.1086
DRY23,9.395,Regular,0.109265987,Soft Drinks,42.3112,OUT049,1999,Medium,Tier 1,Supermarket Type1,980.0576,37.3112
FDT50,6.75,Regular,0.10821852,Dairy,96.3752,OUT035,2004,Small,Tier 2,Supermarket Type1,1342.2528,91.3752
FDC38,15.7,Low Fat,0.122392031,Canned,133.1942,OUT013,1987,High,Tier 3,Supermarket Type1,2782.3782,128.1942
NCN06,8.39,Low Fat,0.20168772,Household,162.8868,OUT010,1998,,Tier 3,Grocery Store,327.5736,157.8868
FDP56,,Low Fat,0.046259036,Fruits and Vegetables,47.4692,OUT027,1985,Medium,Tier 3,Supermarket Type3,1576.6144,42.4692
FDW34,9.6,Low Fat,0.035651291,Snack Foods,244.917,OUT045,2002,,Tier 2,Supermarket Type1,2916.204,239.917
FDU07,11.1,Low Fat,0.059835659,Fruits and Vegetables,151.3366,OUT035,2004,Small,Tier 2,Supermarket Type1,3022.732,146.3366
NCO55,12.8,LF,0.091408076,Others,108.9938,OUT018,2009,Medium,Tier 3,Supermarket Type2,1071.938,103.9938
FDL16,12.85,Low Fat,0.169405699,Frozen Foods,46.106,OUT017,2007,,Tier 2,Supermarket Type1,792.302,41.106
FDT59,13.65,Low Fat,0.015943701,Breads,231.9668,OUT045,2002,,Tier 2,Supermarket Type1,3225.1352,226.9668
DRF01,,Low Fat,0.174232377,Soft Drinks,146.6102,OUT027,1985,Medium,Tier 3,Supermarket Type3,1895.5326,141.6102
NCS06,7.935,Low Fat,0.031801103,Household,261.591,OUT045,2002,,Tier 2,Supermarket Type1,3155.892,256.591
FDY13,,Low Fat,0.052749199,Canned,74.967,OUT019,1985,Small,Tier 1,Grocery Store,229.701,69.967
DRF36,16.1,Low Fat,0.039463564,Soft Drinks,189.9846,OUT010,1998,,Tier 3,Grocery Store,191.0846,184.9846
FDV10,7.645,Regular,0,Snack Foods,41.8112,OUT046,1997,Small,Tier 1,Supermarket Type1,894.8352,36.8112
FDE09,8.775,Low Fat,0.036159635,Fruits and Vegetables,110.7228,OUT010,1998,,Tier 3,Grocery Store,331.5684,105.7228
FDC20,10.65,Low Fat,0.024020078,Fruits and Vegetables,57.2272,OUT045,2002,,Tier 2,Supermarket Type1,1174.4712,52.2272
FDI58,7.64,Regular,0.071104408,Snack Foods,95.012,OUT017,2007,,Tier 2,Supermarket Type1,1864.24,90.012
FDI56,7.325,Low Fat,0.093913607,Fruits and Vegetables,93.2146,OUT017,2007,,Tier 2,Supermarket Type1,1733.0774,88.2146
NCI17,8.645,low fat,0.144006886,Health and Hygiene,94.741,OUT018,2009,Medium,Tier 3,Supermarket Type2,1061.951,89.741
NCE19,8.97,Low Fat,0.093159233,Household,55.7956,OUT049,1999,Medium,Tier 1,Supermarket Type1,1037.3164,50.7956
FDA26,,Regular,0.129425145,Dairy,219.3482,OUT019,1985,Small,Tier 1,Grocery Store,219.0482,214.3482
FDR01,5.405,Regular,0.053839714,Canned,198.6742,OUT018,2009,Medium,Tier 3,Supermarket Type2,2388.8904,193.6742
FDC32,,Low Fat,0.098629062,Fruits and Vegetables,90.6462,OUT027,1985,Medium,Tier 3,Supermarket Type3,2406.2012,85.6462
FDF11,10.195,Regular,0.017658634,Starchy Foods,240.1538,OUT049,1999,Medium,Tier 1,Supermarket Type1,1442.1228,235.1538
FDH46,6.935,Regular,0.041282286,Snack Foods,103.5332,OUT046,1997,Small,Tier 1,Supermarket Type1,1230.3984,98.5332
FDY33,,Regular,0.170186628,Snack Foods,159.0262,OUT019,1985,Small,Tier 1,Grocery Store,159.1262,154.0262
DRG23,8.88,Low Fat,0.086781204,Hard Drinks,152.2682,OUT046,1997,Small,Tier 1,Supermarket Type1,1829.6184,147.2682
FDY04,,Regular,0.042270751,Frozen Foods,162.521,OUT027,1985,Medium,Tier 3,Supermarket Type3,4567.388,157.521
FDE26,9.3,Low Fat,0.089186275,Canned,145.3786,OUT045,2002,,Tier 2,Supermarket Type1,2745.0934,140.3786
NCU42,9,Low Fat,0.019502965,Household,169.4474,OUT035,2004,Small,Tier 2,Supermarket Type1,4211.185,164.4474
NCO42,21.25,LF,0.024650932,Household,146.0102,OUT035,2004,Small,Tier 2,Supermarket Type1,2916.204,141.0102
FDU25,12.35,Low Fat,0.026722744,Canned,59.2246,OUT049,1999,Medium,Tier 1,Supermarket Type1,984.7182,54.2246
FDW02,,Regular,0.037516862,Dairy,124.3704,OUT027,1985,Medium,Tier 3,Supermarket Type3,3004.0896,119.3704
FDS22,16.85,Regular,0.023154399,Snack Foods,43.9428,OUT046,1997,Small,Tier 1,Supermarket Type1,351.5424,38.9428
FDG57,14.7,Low Fat,0.072284689,Fruits and Vegetables,49.8034,OUT035,2004,Small,Tier 2,Supermarket Type1,631.8442,44.8034
FDQ25,8.63,Regular,0.028391879,Canned,173.9422,OUT018,2009,Medium,Tier 3,Supermarket Type2,4138.6128,168.9422
NCS06,7.935,Low Fat,0.031866022,Household,261.291,OUT018,2009,Medium,Tier 3,Supermarket Type2,2892.901,256.291
FDC29,,Regular,0.024088444,Frozen Foods,112.7176,OUT027,1985,Medium,Tier 3,Supermarket Type3,1832.2816,107.7176
NCZ41,19.85,Low Fat,0.064409056,Health and Hygiene,126.7704,OUT035,2004,Small,Tier 2,Supermarket Type1,1752.3856,121.7704
FDW23,5.765,Low Fat,0.082012293,Baking Goods,37.5164,OUT046,1997,Small,Tier 1,Supermarket Type1,656.4788,32.5164
FDB03,17.75,Regular,0.157075658,Dairy,240.5538,OUT049,1999,Medium,Tier 1,Supermarket Type1,3845.6608,235.5538
FDN25,,Regular,0.107110465,Breakfast,55.5588,OUT019,1985,Small,Tier 1,Grocery Store,229.0352,50.5588
NCN05,8.235,Low Fat,0.014459672,Health and Hygiene,181.895,OUT046,1997,Small,Tier 1,Supermarket Type1,732.38,176.895
FDV43,,Low Fat,0.076483451,Fruits and Vegetables,43.4086,OUT027,1985,Medium,Tier 3,Supermarket Type3,847.5634,38.4086
FDG44,6.13,Low Fat,0.10234983,Fruits and Vegetables,55.0298,OUT049,1999,Medium,Tier 1,Supermarket Type1,539.298,50.0298
FDS12,9.1,Low Fat,0.174827835,Baking Goods,127.2362,OUT018,2009,Medium,Tier 3,Supermarket Type2,1635.8706,122.2362
FDI52,18.7,Low Fat,0.104591027,Frozen Foods,121.4072,OUT013,1987,High,Tier 3,Supermarket Type1,2450.144,116.4072
FDU12,15.5,Regular,0.075868843,Baking Goods,261.7568,OUT049,1999,Medium,Tier 1,Supermarket Type1,1845.5976,256.7568
FDG58,10.695,Regular,0.086764795,Snack Foods,156.7972,OUT035,2004,Small,Tier 2,Supermarket Type1,3427.5384,151.7972
FDA16,6.695,Low Fat,0.03408026,Frozen Foods,220.8456,OUT018,2009,Medium,Tier 3,Supermarket Type2,5084.0488,215.8456
NCD18,16,Low Fat,0.072655379,Household,229.8668,OUT035,2004,Small,Tier 2,Supermarket Type1,4837.7028,224.8668
FDI21,5.59,Regular,0.056555715,Snack Foods,62.6168,OUT013,1987,High,Tier 3,Supermarket Type1,639.168,57.6168
FDW31,11.35,reg,0.043402224,Fruits and Vegetables,197.0742,OUT017,2007,,Tier 2,Supermarket Type1,2587.9646,192.0742
FDB35,12.3,Regular,0.064882207,Starchy Foods,93.8804,OUT018,2009,Medium,Tier 3,Supermarket Type2,1470.0864,88.8804
FDK58,,Regular,0.044764726,Snack Foods,102.4016,OUT027,1985,Medium,Tier 3,Supermarket Type3,2428.8384,97.4016
FDU14,17.75,Low Fat,0.034752647,Dairy,248.775,OUT046,1997,Small,Tier 1,Supermarket Type1,3745.125,243.775
NCP43,17.75,Low Fat,0.030631323,Others,178.566,OUT018,2009,Medium,Tier 3,Supermarket Type2,2516.724,173.566
FDM20,,LF,0,Fruits and Vegetables,245.0144,OUT027,1985,Medium,Tier 3,Supermarket Type3,3185.1872,240.0144
FDT36,,Low Fat,0.110735739,Baking Goods,35.2874,OUT027,1985,Medium,Tier 3,Supermarket Type3,988.0472,30.2874
FDW19,12.35,Regular,0.038657256,Fruits and Vegetables,110.257,OUT018,2009,Medium,Tier 3,Supermarket Type2,1757.712,105.257
FDB29,16.7,Regular,0.052493162,Frozen Foods,113.9176,OUT049,1999,Medium,Tier 1,Supermarket Type1,2519.3872,108.9176
FDN39,19.35,Regular,0.065890998,Meat,167.0816,OUT017,2007,,Tier 2,Supermarket Type1,1510.0344,162.0816
FDI02,15.7,Regular,0.114565093,Canned,112.0202,OUT046,1997,Small,Tier 1,Supermarket Type1,337.5606,107.0202
FDA46,,Low Fat,0.117065801,Snack Foods,196.1136,OUT027,1985,Medium,Tier 3,Supermarket Type3,6026.8216,191.1136
FDV36,18.7,Low Fat,0.026450779,Baking Goods,124.902,OUT017,2007,,Tier 2,Supermarket Type1,2909.546,119.902
FDE35,7.06,reg,0.043863865,Starchy Foods,59.5904,OUT013,1987,High,Tier 3,Supermarket Type1,761.6752,54.5904
FDT46,11.35,Low Fat,0,Snack Foods,52.4008,OUT035,2004,Small,Tier 2,Supermarket Type1,809.6128,47.4008
FDS21,,Regular,0.036551446,Snack Foods,62.7194,OUT019,1985,Small,Tier 1,Grocery Store,123.8388,57.7194
DRD12,6.96,Low Fat,0.077630199,Soft Drinks,90.9146,OUT017,2007,,Tier 2,Supermarket Type1,1459.4336,85.9146
FDR14,,Low Fat,0.304737387,Dairy,54.7298,OUT019,1985,Small,Tier 1,Grocery Store,107.8596,49.7298
FDG22,,Regular,0.041180766,Snack Foods,37.919,OUT027,1985,Medium,Tier 3,Supermarket Type3,768.999,32.919
FDX58,13.15,Low Fat,0.043831721,Snack Foods,184.195,OUT049,1999,Medium,Tier 1,Supermarket Type1,2746.425,179.195
FDB40,,Regular,0.007503372,Dairy,146.7102,OUT027,1985,Medium,Tier 3,Supermarket Type3,4374.306,141.7102
FDJ36,14.5,Regular,0.214681063,Baking Goods,102.7332,OUT010,1998,,Tier 3,Grocery Store,205.0664,97.7332
NCL53,7.5,LF,0.060649825,Health and Hygiene,177.4028,OUT010,1998,,Tier 3,Grocery Store,354.2056,172.4028
NCX05,15.2,Low Fat,0.097258937,Health and Hygiene,114.8492,OUT045,2002,,Tier 2,Supermarket Type1,1506.0396,109.8492
FDO21,11.6,Regular,0.009763021,Snack Foods,226.2404,OUT046,1997,Small,Tier 1,Supermarket Type1,1800.3232,221.2404
NCF07,9,Low Fat,0.032152981,Household,102.0016,OUT018,2009,Medium,Tier 3,Supermarket Type2,1518.024,97.0016
FDU20,19.35,Regular,0.021439694,Fruits and Vegetables,119.7098,OUT013,1987,High,Tier 3,Supermarket Type1,1325.6078,114.7098
FDK09,15.2,Low Fat,0.153592956,Snack Foods,228.0352,OUT010,1998,,Tier 3,Grocery Store,458.0704,223.0352
FDY57,20.2,Regular,0.121231308,Snack Foods,97.5752,OUT035,2004,Small,Tier 2,Supermarket Type1,1534.0032,92.5752
FDD51,,Low Fat,0.119371835,Dairy,45.2744,OUT027,1985,Medium,Tier 3,Supermarket Type3,905.488,40.2744
FDA49,,Low Fat,0.064607378,Canned,87.4198,OUT027,1985,Medium,Tier 3,Supermarket Type3,2267.7148,82.4198
FDG33,5.365,Regular,0.14024028,Seafood,171.0764,OUT046,1997,Small,Tier 1,Supermarket Type1,3263.7516,166.0764
FDG35,21.2,Regular,0,Starchy Foods,173.6738,OUT049,1999,Medium,Tier 1,Supermarket Type1,2954.1546,168.6738
FDC52,11.15,Regular,0.008296692,Dairy,150.6708,OUT045,2002,,Tier 2,Supermarket Type1,2106.5912,145.6708
FDS34,19.35,Regular,0.077193256,Snack Foods,112.7518,OUT017,2007,,Tier 2,Supermarket Type1,683.1108,107.7518
NCY05,13.5,Low Fat,0.055075504,Health and Hygiene,33.3874,OUT049,1999,Medium,Tier 1,Supermarket Type1,282.2992,28.3874
FDO46,9.6,Regular,0.014209811,Snack Foods,188.1872,OUT035,2004,Small,Tier 2,Supermarket Type1,1701.7848,183.1872
FDY20,12.5,Regular,0.081879864,Fruits and Vegetables,91.7488,OUT049,1999,Medium,Tier 1,Supermarket Type1,1358.232,86.7488
FDA13,15.85,Low Fat,0.078540095,Canned,36.3506,OUT035,2004,Small,Tier 2,Supermarket Type1,607.2096,31.3506
FDS04,10.195,Regular,0.146540889,Frozen Foods,141.7838,OUT013,1987,High,Tier 3,Supermarket Type1,1685.8056,136.7838
FDU51,20.2,Regular,0.097059596,Meat,178.6028,OUT017,2007,,Tier 2,Supermarket Type1,2302.3364,173.6028
FDK50,7.96,Low Fat,0.028478742,Canned,161.8894,OUT018,2009,Medium,Tier 3,Supermarket Type2,2750.4198,156.8894
FDO60,20,Low Fat,0.034340926,Baking Goods,45.4086,OUT013,1987,High,Tier 3,Supermarket Type1,981.3892,40.4086
FDM13,6.425,Low Fat,0.063532672,Breakfast,133.0626,OUT017,2007,,Tier 2,Supermarket Type1,1442.7886,128.0626
FDU12,,Regular,0.075384242,Baking Goods,262.7568,OUT027,1985,Medium,Tier 3,Supermarket Type3,7646.0472,257.7568
NCG54,12.1,Low Fat,0.080131363,Household,170.9106,OUT018,2009,Medium,Tier 3,Supermarket Type2,1539.9954,165.9106
FDH40,11.6,Regular,0.132111921,Frozen Foods,82.2276,OUT010,1998,,Tier 3,Grocery Store,243.6828,77.2276
NCI06,,Low Fat,0.083547515,Household,179.166,OUT019,1985,Small,Tier 1,Grocery Store,359.532,174.166
FDA58,9.395,Low Fat,0.103731617,Snack Foods,236.9932,OUT035,2004,Small,Tier 2,Supermarket Type1,4242.4776,231.9932
FDJ02,17.2,Regular,0.025309134,Canned,147.0418,OUT017,2007,,Tier 2,Supermarket Type1,2354.2688,142.0418
FDP21,7.42,Regular,0.0258457,Snack Foods,188.9872,OUT018,2009,Medium,Tier 3,Supermarket Type2,2458.1336,183.9872
FDN57,18.25,Low Fat,0.054223942,Snack Foods,142.0154,OUT035,2004,Small,Tier 2,Supermarket Type1,2127.231,137.0154
FDV26,,Regular,0.075791641,Dairy,193.3794,OUT027,1985,Medium,Tier 3,Supermarket Type3,8388.4142,188.3794
FDZ21,17.6,Regular,0.03928284,Snack Foods,94.641,OUT049,1999,Medium,Tier 1,Supermarket Type1,2799.689,89.641
FDG21,,Regular,0.145591438,Seafood,148.705,OUT027,1985,Medium,Tier 3,Supermarket Type3,1797.66,143.705
FDF26,6.825,Regular,0.046824729,Canned,155.1998,OUT018,2009,Medium,Tier 3,Supermarket Type2,2460.7968,150.1998
FDC39,7.405,Low Fat,0.159062948,Dairy,208.9296,OUT013,1987,High,Tier 3,Supermarket Type1,2700.4848,203.9296
FDQ24,15.7,Low Fat,0.073966786,Baking Goods,250.5724,OUT018,2009,Medium,Tier 3,Supermarket Type2,4026.7584,245.5724
FDC41,15.6,Low Fat,0.117574554,Frozen Foods,75.667,OUT017,2007,,Tier 2,Supermarket Type1,1301.639,70.667
NCO14,9.6,Low Fat,0.049617765,Household,44.2086,OUT010,1998,,Tier 3,Grocery Store,44.6086,39.2086
FDE05,,Regular,0.032296886,Frozen Foods,144.0102,OUT027,1985,Medium,Tier 3,Supermarket Type3,5394.9774,139.0102
FDW52,,Regular,0.037340835,Frozen Foods,163.1526,OUT027,1985,Medium,Tier 3,Supermarket Type3,3946.8624,158.1526
FDL36,,Low Fat,0.075707087,Baking Goods,88.183,OUT027,1985,Medium,Tier 3,Supermarket Type3,1438.128,83.183
FDS04,10.195,Regular,0.146635206,Frozen Foods,139.0838,OUT035,2004,Small,Tier 2,Supermarket Type1,3652.5788,134.0838
NCC18,19.1,LF,0.177545624,Household,172.4422,OUT049,1999,Medium,Tier 1,Supermarket Type1,3621.2862,167.4422
FDN01,8.895,LF,0.072693696,Breakfast,175.937,OUT018,2009,Medium,Tier 3,Supermarket Type2,529.311,170.937
FDY02,8.945,Regular,0.146701312,Dairy,262.291,OUT010,1998,,Tier 3,Grocery Store,1314.955,257.291
FDV15,10.3,Low Fat,0.146999264,Meat,103.7648,OUT017,2007,,Tier 2,Supermarket Type1,2804.3496,98.7648
FDC34,16,Regular,0.173109453,Snack Foods,155.2972,OUT045,2002,,Tier 2,Supermarket Type1,3894.93,150.2972
FDX10,6.385,reg,0.124410284,Snack Foods,34.3874,OUT017,2007,,Tier 2,Supermarket Type1,388.1614,29.3874
NCF19,13,Low Fat,0.035079516,Household,47.9034,OUT013,1987,High,Tier 3,Supermarket Type1,583.2408,42.9034
FDE17,20.1,Regular,0.054763518,Frozen Foods,150.9366,OUT017,2007,,Tier 2,Supermarket Type1,3476.1418,145.9366
FDJ08,11.1,Low Fat,0.111122936,Fruits and Vegetables,189.2846,OUT018,2009,Medium,Tier 3,Supermarket Type2,3630.6074,184.2846
NCN53,5.175,Low Fat,0.030330202,Health and Hygiene,35.4874,OUT013,1987,High,Tier 3,Supermarket Type1,388.1614,30.4874
FDC16,11.5,Regular,0,Dairy,88.254,OUT046,1997,Small,Tier 1,Supermarket Type1,1298.31,83.254
FDO15,16.75,Regular,0.008601441,Meat,73.7038,OUT018,2009,Medium,Tier 3,Supermarket Type2,1404.1722,68.7038
FDQ23,,low fat,0.024407061,Breads,102.3332,OUT027,1985,Medium,Tier 3,Supermarket Type3,1948.1308,97.3332
DRF37,17.25,Low Fat,0.084262458,Soft Drinks,261.591,OUT013,1987,High,Tier 3,Supermarket Type1,3418.883,256.591
FDN40,5.88,Low Fat,0.08644044,Frozen Foods,155.3998,OUT035,2004,Small,Tier 2,Supermarket Type1,2153.1972,150.3998
FDN24,,LF,0.112718928,Baking Goods,54.2956,OUT027,1985,Medium,Tier 3,Supermarket Type3,1310.2944,49.2956
FDF16,7.3,Low Fat,0.086619573,Frozen Foods,147.6076,OUT017,2007,,Tier 2,Supermarket Type1,3251.7672,142.6076
FDH27,7.075,Low Fat,0.058437653,Dairy,143.0128,OUT049,1999,Medium,Tier 1,Supermarket Type1,1150.5024,138.0128
FDY52,6.365,Low Fat,0,Frozen Foods,59.7536,OUT017,2007,,Tier 2,Supermarket Type1,980.0576,54.7536
NCH55,,Low Fat,0.034504414,Household,125.202,OUT027,1985,Medium,Tier 3,Supermarket Type3,2783.044,120.202
NCH18,9.3,LF,0.044652785,Household,247.0802,OUT035,2004,Small,Tier 2,Supermarket Type1,1228.401,242.0802
DRC01,5.92,Regular,0.019184026,Soft Drinks,50.3692,OUT013,1987,High,Tier 3,Supermarket Type1,591.2304,45.3692
NCO14,9.6,Low Fat,0.029638267,Household,42.6086,OUT035,2004,Small,Tier 2,Supermarket Type1,133.8258,37.6086
DRG39,14.15,Low Fat,0.042180995,Dairy,52.0982,OUT046,1997,Small,Tier 1,Supermarket Type1,578.5802,47.0982
DRK13,11.8,Low Fat,0.11507174,Soft Drinks,198.2084,OUT013,1987,High,Tier 3,Supermarket Type1,3769.7596,193.2084
FDD41,6.765,Regular,0.087437069,Frozen Foods,106.1306,OUT045,2002,,Tier 2,Supermarket Type1,1672.4896,101.1306
FDQ19,,Regular,0.014295564,Fruits and Vegetables,242.6512,OUT027,1985,Medium,Tier 3,Supermarket Type3,12117.56,237.6512
FDX58,13.15,LF,0.073251428,Snack Foods,181.695,OUT010,1998,,Tier 3,Grocery Store,549.285,176.695
FDK40,,Low Fat,0.021743592,Frozen Foods,263.191,OUT027,1985,Medium,Tier 3,Supermarket Type3,6574.775,258.191
FDI52,18.7,Low Fat,0.10527024,Frozen Foods,122.9072,OUT017,2007,,Tier 2,Supermarket Type1,490.0288,117.9072
FDT28,13.3,Low Fat,0.063513272,Frozen Foods,149.9708,OUT013,1987,High,Tier 3,Supermarket Type1,2106.5912,144.9708
FDH52,9.42,Regular,0.044151435,Frozen Foods,61.5194,OUT017,2007,,Tier 2,Supermarket Type1,866.8716,56.5194
FDZ38,17.6,LF,0.008001018,Dairy,170.4422,OUT046,1997,Small,Tier 1,Supermarket Type1,2759.0752,165.4422
FDF12,8.235,Low Fat,0.0828941,Baking Goods,149.3076,OUT017,2007,,Tier 2,Supermarket Type1,1921.4988,144.3076
NCE06,,Low Fat,0.091042211,Household,162.6894,OUT027,1985,Medium,Tier 3,Supermarket Type3,2588.6304,157.6894
FDO45,13.15,Regular,0.038011783,Snack Foods,89.6856,OUT049,1999,Medium,Tier 1,Supermarket Type1,703.0848,84.6856
NCS18,12.65,Low Fat,0.042296724,Household,106.3938,OUT045,2002,,Tier 2,Supermarket Type1,3751.783,101.3938
NCE54,20.7,Low Fat,0.02695441,Household,73.2354,OUT045,2002,,Tier 2,Supermarket Type1,1504.708,68.2354
FDB50,13,Low Fat,0.153930108,Canned,76.7986,OUT045,2002,,Tier 2,Supermarket Type1,2648.5524,71.7986
FDZ20,16.1,Low Fat,0.034376537,Fruits and Vegetables,256.1356,OUT045,2002,,Tier 2,Supermarket Type1,6358.39,251.1356
FDB11,16,Low Fat,0.060971431,Starchy Foods,226.2404,OUT045,2002,,Tier 2,Supermarket Type1,4725.8484,221.2404
FDU22,12.35,Low Fat,0,Snack Foods,118.9124,OUT013,1987,High,Tier 3,Supermarket Type1,3199.8348,113.9124
FDY48,14,Low Fat,0.023831558,Baking Goods,103.1332,OUT018,2009,Medium,Tier 3,Supermarket Type2,1948.1308,98.1332
NCP30,20.5,Low Fat,0.032762495,Household,40.0822,OUT035,2004,Small,Tier 2,Supermarket Type1,1257.0304,35.0822
FDD08,8.3,Low Fat,0.035347676,Fruits and Vegetables,38.0506,OUT035,2004,Small,Tier 2,Supermarket Type1,531.3084,33.0506
NCG42,19.2,Low Fat,0.041291929,Household,130.131,OUT049,1999,Medium,Tier 1,Supermarket Type1,1038.648,125.131
NCT30,9.1,Low Fat,0.080747059,Household,46.9718,OUT017,2007,,Tier 2,Supermarket Type1,850.8924,41.9718
FDT37,14.15,Low Fat,0.035240817,Canned,255.5014,OUT013,1987,High,Tier 3,Supermarket Type1,5355.0294,250.5014
FDU04,7.93,Low Fat,0.005557062,Frozen Foods,122.1414,OUT049,1999,Medium,Tier 1,Supermarket Type1,2924.1936,117.1414
NCH30,17.1,Low Fat,0.067154053,Household,114.386,OUT046,1997,Small,Tier 1,Supermarket Type1,1245.046,109.386
DRG37,16.2,Low Fat,0.019362306,Soft Drinks,154.6972,OUT013,1987,High,Tier 3,Supermarket Type1,1713.7692,149.6972
FDS13,6.465,LF,0.124506117,Canned,264.7884,OUT046,1997,Small,Tier 1,Supermarket Type1,3709.8376,259.7884
FDQ47,7.155,Regular,0.168871496,Breads,34.3874,OUT018,2009,Medium,Tier 3,Supermarket Type2,670.4606,29.3874
FDY26,20.6,Regular,0.030504756,Dairy,212.6244,OUT035,2004,Small,Tier 2,Supermarket Type1,3599.3148,207.6244
FDB14,20.25,Regular,0.103142373,Canned,94.612,OUT018,2009,Medium,Tier 3,Supermarket Type2,652.484,89.612
FDV45,,low fat,0.078872251,Snack Foods,189.5556,OUT019,1985,Small,Tier 1,Grocery Store,1126.5336,184.5556
FDR23,15.85,Low Fat,0.082120687,Breads,177.437,OUT018,2009,Medium,Tier 3,Supermarket Type2,5645.984,172.437
NCS29,9,Low Fat,0.069487587,Health and Hygiene,266.6884,OUT013,1987,High,Tier 3,Supermarket Type1,3974.826,261.6884
FDK33,,Low Fat,0.011180843,Snack Foods,213.456,OUT027,1985,Medium,Tier 3,Supermarket Type3,4261.12,208.456
FDW24,,low fat,0.037315469,Baking Goods,50.0034,OUT027,1985,Medium,Tier 3,Supermarket Type3,1992.7394,45.0034
FDR08,18.7,Low Fat,0.037835765,Fruits and Vegetables,111.1886,OUT017,2007,,Tier 2,Supermarket Type1,2334.9606,106.1886
FDB45,20.85,Low Fat,0.021312043,Fruits and Vegetables,104.9306,OUT013,1987,High,Tier 3,Supermarket Type1,2299.6732,99.9306
FDW32,18.35,Regular,0.094218363,Fruits and Vegetables,83.9882,OUT013,1987,High,Tier 3,Supermarket Type1,1202.4348,78.9882
FDN21,18.6,Low Fat,0.076841095,Snack Foods,162.2236,OUT035,2004,Small,Tier 2,Supermarket Type1,2900.2248,157.2236
FDH56,9.8,Regular,0.063805139,Fruits and Vegetables,117.3492,OUT035,2004,Small,Tier 2,Supermarket Type1,810.9444,112.3492
FDQ07,15.1,Regular,0.087542757,Fruits and Vegetables,219.8456,OUT049,1999,Medium,Tier 1,Supermarket Type1,6189.2768,214.8456
FDU58,,Regular,0.028871235,Snack Foods,188.7898,OUT027,1985,Medium,Tier 3,Supermarket Type3,2057.9878,183.7898
FDK36,7.09,LF,0.00720931,Baking Goods,48.1034,OUT013,1987,High,Tier 3,Supermarket Type1,1069.2748,43.1034
NCG18,,Low Fat,0.02286663,Household,102.8332,OUT027,1985,Medium,Tier 3,Supermarket Type3,2768.3964,97.8332
FDQ26,,Regular,0.067543727,Dairy,57.2562,OUT027,1985,Medium,Tier 3,Supermarket Type3,2073.967,52.2562
DRL47,,Low Fat,0.038549197,Hard Drinks,127.5362,OUT027,1985,Medium,Tier 3,Supermarket Type3,1006.6896,122.5362
DRJ11,9.5,Low Fat,0,Hard Drinks,188.9872,OUT017,2007,,Tier 2,Supermarket Type1,1323.6104,183.9872
FDB41,19,Regular,0.097709541,Frozen Foods,48.6718,OUT018,2009,Medium,Tier 3,Supermarket Type2,614.5334,43.6718
NCA06,20.5,Low Fat,0.143283608,Household,37.919,OUT046,1997,Small,Tier 1,Supermarket Type1,183.095,32.919
NCZ41,19.85,Low Fat,0.064551885,Health and Hygiene,125.2704,OUT045,2002,,Tier 2,Supermarket Type1,2127.8968,120.2704
NCD54,21.1,Low Fat,0.029173031,Household,145.7786,OUT017,2007,,Tier 2,Supermarket Type1,1444.786,140.7786
FDM34,,Low Fat,0.067120954,Snack Foods,132.9626,OUT027,1985,Medium,Tier 3,Supermarket Type3,3279.065,127.9626
FDL57,15.1,Regular,0.067020992,Snack Foods,260.3304,OUT013,1987,High,Tier 3,Supermarket Type1,5424.9384,255.3304
NCD30,19.7,Low Fat,0.026826919,Household,98.7726,OUT013,1987,High,Tier 3,Supermarket Type1,1859.5794,93.7726
FDH17,16.2,Regular,0.01665334,Frozen Foods,97.3726,OUT046,1997,Small,Tier 1,Supermarket Type1,2055.3246,92.3726
FDD57,18.1,Low Fat,0.022395357,Fruits and Vegetables,96.5094,OUT035,2004,Small,Tier 2,Supermarket Type1,1332.9316,91.5094
FDC58,10.195,Low Fat,0.042113173,Snack Foods,42.5428,OUT018,2009,Medium,Tier 3,Supermarket Type2,878.856,37.5428
FDX47,6.55,Regular,0.034604343,Breads,157.8288,OUT046,1997,Small,Tier 1,Supermarket Type1,2514.0608,152.8288
FDC50,15.85,Low Fat,0.136774734,Canned,94.4094,OUT045,2002,,Tier 2,Supermarket Type1,1428.141,89.4094
NCS53,,Low Fat,0.089343433,Health and Hygiene,157.3604,OUT027,1985,Medium,Tier 3,Supermarket Type3,6021.4952,152.3604
FDY13,12.1,Low Fat,0.030250132,Canned,75.267,OUT018,2009,Medium,Tier 3,Supermarket Type2,612.536,70.267
FDP44,16.5,Regular,0.079698503,Fruits and Vegetables,100.6332,OUT035,2004,Small,Tier 2,Supermarket Type1,1537.998,95.6332
FDH60,,Regular,0.141360118,Baking Goods,197.311,OUT019,1985,Small,Tier 1,Grocery Store,392.822,192.311
FDR02,16.7,Low Fat,0.036933417,Dairy,109.1886,OUT010,1998,,Tier 3,Grocery Store,222.3772,104.1886
FDK48,,Low Fat,0.037449987,Baking Goods,76.7354,OUT027,1985,Medium,Tier 3,Supermarket Type3,2783.7098,71.7354
FDO24,11.1,Low Fat,0.294948897,Baking Goods,159.0604,OUT010,1998,,Tier 3,Grocery Store,792.302,154.0604
FDE20,11.35,Regular,0.005525913,Fruits and Vegetables,168.279,OUT013,1987,High,Tier 3,Supermarket Type1,2376.906,163.279
FDM04,9.195,Regular,0.04712061,Frozen Foods,53.1666,OUT046,1997,Small,Tier 1,Supermarket Type1,768.999,48.1666
NCH07,,Low Fat,0.162248011,Household,160.4604,OUT019,1985,Small,Tier 1,Grocery Store,316.9208,155.4604
DRP35,18.85,Low Fat,0.090867297,Hard Drinks,127.3336,OUT046,1997,Small,Tier 1,Supermarket Type1,3962.8416,122.3336
FDO11,8,Regular,0.030264897,Breads,250.3092,OUT046,1997,Small,Tier 1,Supermarket Type1,6723.2484,245.3092
NCM30,19.1,Low Fat,0.067295406,Household,41.9796,OUT046,1997,Small,Tier 1,Supermarket Type1,701.7532,36.9796
DRF27,,Low Fat,0.02827966,Dairy,152.234,OUT027,1985,Medium,Tier 3,Supermarket Type3,1071.938,147.234
NCR18,,Low Fat,0.020388413,Household,44.4112,OUT027,1985,Medium,Tier 3,Supermarket Type3,767.0016,39.4112
FDS48,,Low Fat,0.027644732,Baking Goods,149.4708,OUT027,1985,Medium,Tier 3,Supermarket Type3,3159.8868,144.4708
FDO32,6.36,Low Fat,0.120731024,Fruits and Vegetables,46.506,OUT049,1999,Medium,Tier 1,Supermarket Type1,652.484,41.506
NCP05,19.6,Low Fat,0.025429614,Health and Hygiene,151.7024,OUT017,2007,,Tier 2,Supermarket Type1,2884.2456,146.7024
FDF44,,Regular,0.059438787,Fruits and Vegetables,130.9968,OUT027,1985,Medium,Tier 3,Supermarket Type3,4828.3816,125.9968
FDX56,17.1,Regular,0.074059474,Fruits and Vegetables,209.0638,OUT046,1997,Small,Tier 1,Supermarket Type1,3520.0846,204.0638
FDE46,,Low Fat,0.015693328,Snack Foods,150.7366,OUT027,1985,Medium,Tier 3,Supermarket Type3,906.8196,145.7366
FDQ09,,Low Fat,0.057850699,Snack Foods,113.2834,OUT027,1985,Medium,Tier 3,Supermarket Type3,4376.9692,108.2834
NCB54,8.76,Low Fat,0.050011058,Health and Hygiene,126.7336,OUT013,1987,High,Tier 3,Supermarket Type1,639.168,121.7336
NCV18,6.775,Low Fat,0.105225964,Household,84.225,OUT035,2004,Small,Tier 2,Supermarket Type1,3162.55,79.225
NCG55,16.25,Low Fat,0.039207025,Household,116.1176,OUT049,1999,Medium,Tier 1,Supermarket Type1,2633.9048,111.1176
FDV14,19.85,Low Fat,0.044489064,Dairy,89.4856,OUT035,2004,Small,Tier 2,Supermarket Type1,1054.6272,84.4856
FDT31,19.75,Low Fat,0.012437935,Fruits and Vegetables,189.9872,OUT013,1987,High,Tier 3,Supermarket Type1,3781.744,184.9872
DRD12,6.96,Low Fat,0.077350112,Soft Drinks,91.4146,OUT045,2002,,Tier 2,Supermarket Type1,638.5022,86.4146
FDZ40,8.935,Low Fat,0.040346436,Frozen Foods,53.7298,OUT018,2009,Medium,Tier 3,Supermarket Type2,593.2278,48.7298
DRI11,8.26,Low Fat,0.057585723,Hard Drinks,113.7834,OUT010,1998,,Tier 3,Grocery Store,115.1834,108.7834
FDP23,6.71,Low Fat,0.03565903,Breads,218.3166,OUT045,2002,,Tier 2,Supermarket Type1,1959.4494,213.3166
FDY02,8.945,Regular,0.087629354,Dairy,263.491,OUT035,2004,Small,Tier 2,Supermarket Type1,1840.937,258.491
FDM03,12.65,Low Fat,0,Meat,107.8938,OUT046,1997,Small,Tier 1,Supermarket Type1,750.3566,102.8938
FDF35,15,Low Fat,0.154228739,Starchy Foods,107.3938,OUT049,1999,Medium,Tier 1,Supermarket Type1,750.3566,102.3938
DRM37,15.35,Low Fat,0.096943078,Soft Drinks,196.5768,OUT017,2007,,Tier 2,Supermarket Type1,7685.9952,191.5768
NCV41,14.35,Low Fat,0.017065268,Health and Hygiene,109.5228,OUT049,1999,Medium,Tier 1,Supermarket Type1,1768.3648,104.5228
NCK53,,Low Fat,0,Health and Hygiene,100.8042,OUT027,1985,Medium,Tier 3,Supermarket Type3,3472.147,95.8042
FDW23,5.765,Low Fat,0.082178616,Baking Goods,37.0164,OUT045,2002,,Tier 2,Supermarket Type1,540.6296,32.0164
FDW12,8.315,Regular,0.035542581,Baking Goods,143.3444,OUT013,1987,High,Tier 3,Supermarket Type1,1596.5884,138.3444
FDG44,6.13,Low Fat,0.102171627,Fruits and Vegetables,53.8298,OUT035,2004,Small,Tier 2,Supermarket Type1,1024.6662,48.8298
FDJ36,14.5,Regular,0.128235818,Baking Goods,104.1332,OUT035,2004,Small,Tier 2,Supermarket Type1,205.0664,99.1332
FDX55,15.1,low fat,0.0552059,Fruits and Vegetables,219.4166,OUT046,1997,Small,Tier 1,Supermarket Type1,6096.0648,214.4166
DRG13,17.25,Low Fat,0.037337632,Soft Drinks,163.7526,OUT018,2009,Medium,Tier 3,Supermarket Type2,3289.052,158.7526
NCD06,13,low fat,0.099242622,Household,46.306,OUT013,1987,High,Tier 3,Supermarket Type1,699.09,41.306
FDW22,,Regular,0.030143704,Snack Foods,222.0114,OUT027,1985,Medium,Tier 3,Supermarket Type3,6207.9192,217.0114
FDD33,12.85,Low Fat,0.108412059,Fruits and Vegetables,233.2642,OUT045,2002,,Tier 2,Supermarket Type1,3950.1914,228.2642
FDG24,7.975,Low Fat,0.014628382,Baking Goods,82.325,OUT035,2004,Small,Tier 2,Supermarket Type1,1331.6,77.325
FDE05,10.895,Regular,0.032454046,Frozen Foods,144.8102,OUT046,1997,Small,Tier 1,Supermarket Type1,3062.0142,139.8102
FDZ12,9.17,Low Fat,0.102978817,Baking Goods,144.947,OUT046,1997,Small,Tier 1,Supermarket Type1,4294.41,139.947
FDX37,16.2,Low Fat,0.105498192,Canned,101.47,OUT010,1998,,Tier 3,Grocery Store,399.48,96.47
FDE44,14.65,Low Fat,0.171355643,Fruits and Vegetables,47.6692,OUT035,2004,Small,Tier 2,Supermarket Type1,739.038,42.6692
FDS52,,Low Fat,0.009585169,Frozen Foods,102.5016,OUT019,1985,Small,Tier 1,Grocery Store,101.2016,97.5016
FDO39,6.985,Regular,0.137926458,Meat,184.7608,OUT018,2009,Medium,Tier 3,Supermarket Type2,4042.7376,179.7608
FDI32,17.7,Low Fat,0,Fruits and Vegetables,115.0834,OUT045,2002,,Tier 2,Supermarket Type1,2764.4016,110.0834
FDV28,16.1,Regular,0,Frozen Foods,35.1558,OUT017,2007,,Tier 2,Supermarket Type1,339.558,30.1558
NCP53,14.75,Low Fat,0.033076388,Health and Hygiene,237.2906,OUT017,2007,,Tier 2,Supermarket Type1,3089.9778,232.2906
NCN43,12.15,Low Fat,0.006770252,Others,124.473,OUT049,1999,Medium,Tier 1,Supermarket Type1,1231.73,119.473
NCI31,,Low Fat,0.142393355,Others,36.419,OUT019,1985,Small,Tier 1,Grocery Store,109.857,31.419
FDK55,18.5,Low Fat,0.025813943,Meat,89.1172,OUT045,2002,,Tier 2,Supermarket Type1,892.172,84.1172
FDC17,12.15,Low Fat,0.015548178,Frozen Foods,211.2928,OUT017,2007,,Tier 2,Supermarket Type1,5049.4272,206.2928
FDV28,16.1,Regular,0.159698192,Frozen Foods,32.0558,OUT035,2004,Small,Tier 2,Supermarket Type1,1018.674,27.0558
FDY26,20.6,Regular,0.030634813,Dairy,212.9244,OUT018,2009,Medium,Tier 3,Supermarket Type2,2540.6928,207.9244
NCU06,17.6,Low Fat,0.074522745,Household,228.801,OUT049,1999,Medium,Tier 1,Supermarket Type1,3215.814,223.801
FDV16,,Regular,0.145200948,Frozen Foods,35.4558,OUT019,1985,Small,Tier 1,Grocery Store,135.8232,30.4558
FDY31,5.98,Low Fat,0.043651198,Fruits and Vegetables,146.1418,OUT045,2002,,Tier 2,Supermarket Type1,3089.9778,141.1418
DRE37,13.5,Low Fat,0.094366079,Soft Drinks,190.9872,OUT049,1999,Medium,Tier 1,Supermarket Type1,2836.308,185.9872
FDH33,12.85,Low Fat,0.121702394,Snack Foods,42.7428,OUT035,2004,Small,Tier 2,Supermarket Type1,703.0848,37.7428
FDA46,13.6,Low Fat,0.117613212,Snack Foods,194.2136,OUT035,2004,Small,Tier 2,Supermarket Type1,2527.3768,189.2136
FDP12,9.8,Regular,0.045258247,Baking Goods,35.9874,OUT035,2004,Small,Tier 2,Supermarket Type1,282.2992,30.9874
FDJ09,15,Low Fat,0.058485617,Snack Foods,44.7744,OUT049,1999,Medium,Tier 1,Supermarket Type1,679.116,39.7744
NCS54,,Low Fat,0.00994477,Household,177.837,OUT027,1985,Medium,Tier 3,Supermarket Type3,6528.169,172.837
FDJ33,,Regular,0.087894475,Snack Foods,121.173,OUT027,1985,Medium,Tier 3,Supermarket Type3,2586.633,116.173
FDF32,16.35,Low Fat,0.113953562,Fruits and Vegetables,198.2426,OUT010,1998,,Tier 3,Grocery Store,790.9704,193.2426
FDN24,,Low Fat,0.198316649,Baking Goods,54.3956,OUT019,1985,Small,Tier 1,Grocery Store,272.978,49.3956
FDX21,7.05,LF,0.084949955,Snack Foods,109.7912,OUT035,2004,Small,Tier 2,Supermarket Type1,1091.912,104.7912
FDC57,20.1,Regular,0.054549098,Fruits and Vegetables,193.782,OUT013,1987,High,Tier 3,Supermarket Type1,1158.492,188.782
NCZ06,19.6,Low Fat,0.094545236,Household,254.7698,OUT018,2009,Medium,Tier 3,Supermarket Type2,5327.0658,249.7698
FDY56,16.35,Regular,0.062359467,Fruits and Vegetables,224.0062,OUT013,1987,High,Tier 3,Supermarket Type1,4288.4178,219.0062
NCH07,13.15,Low Fat,0.092811105,Household,159.7604,OUT049,1999,Medium,Tier 1,Supermarket Type1,4119.9704,154.7604
FDS44,12.65,Regular,0.156679617,Fruits and Vegetables,238.8538,OUT018,2009,Medium,Tier 3,Supermarket Type2,4566.7222,233.8538
FDY33,14.5,Regular,0.09735225,Snack Foods,160.7262,OUT049,1999,Medium,Tier 1,Supermarket Type1,1750.3882,155.7262
FDZ48,17.75,Low Fat,0.076113671,Baking Goods,111.4544,OUT045,2002,,Tier 2,Supermarket Type1,1006.6896,106.4544
FDY48,14,Low Fat,0.023783007,Baking Goods,104.0332,OUT045,2002,,Tier 2,Supermarket Type1,1435.4648,99.0332
FDK16,,Low Fat,0.114771298,Frozen Foods,93.9094,OUT027,1985,Medium,Tier 3,Supermarket Type3,3903.5854,88.9094
FDT16,9.895,Regular,0.048662357,Frozen Foods,261.7278,OUT046,1997,Small,Tier 1,Supermarket Type1,4685.9004,256.7278
FDC26,10.195,Low Fat,0.211539389,Canned,110.9886,OUT010,1998,,Tier 3,Grocery Store,111.1886,105.9886
DRJ47,18.25,Low Fat,0.044430561,Hard Drinks,174.208,OUT018,2009,Medium,Tier 3,Supermarket Type2,2596.62,169.208
FDQ04,6.4,Low Fat,0.141860161,Frozen Foods,41.0796,OUT010,1998,,Tier 3,Grocery Store,41.2796,36.0796
FDN40,5.88,Low Fat,0,Frozen Foods,154.2998,OUT046,1997,Small,Tier 1,Supermarket Type1,1999.3974,149.2998
FDS39,6.895,Low Fat,0.022441883,Meat,143.8812,OUT013,1987,High,Tier 3,Supermarket Type1,2707.1428,138.8812
FDC11,20.5,Low Fat,0.142370445,Starchy Foods,90.6172,OUT018,2009,Medium,Tier 3,Supermarket Type2,1427.4752,85.6172
FDQ39,14.8,Low Fat,0.13564792,Meat,190.8846,OUT010,1998,,Tier 3,Grocery Store,191.0846,185.8846
FDB33,17.75,Low Fat,0.014602837,Fruits and Vegetables,158.6262,OUT049,1999,Medium,Tier 1,Supermarket Type1,3819.0288,153.6262
FDU27,18.6,Regular,0.28701714,Meat,48.8376,OUT010,1998,,Tier 3,Grocery Store,47.9376,43.8376
FDM44,12.5,low fat,0.031112643,Fruits and Vegetables,104.999,OUT045,2002,,Tier 2,Supermarket Type1,1444.786,99.999
FDT32,19,Regular,0.065621523,Fruits and Vegetables,186.5214,OUT035,2004,Small,Tier 2,Supermarket Type1,5275.7992,181.5214
DRC13,8.26,Regular,0.032573725,Soft Drinks,125.073,OUT018,2009,Medium,Tier 3,Supermarket Type2,985.384,120.073
NCO07,9.06,Low Fat,0.009776268,Others,213.756,OUT046,1997,Small,Tier 1,Supermarket Type1,1065.28,208.756
FDJ16,9.195,Low Fat,0.115353642,Frozen Foods,58.9246,OUT018,2009,Medium,Tier 3,Supermarket Type2,926.7936,53.9246
FDB22,,Low Fat,0.110901004,Snack Foods,155.0998,OUT027,1985,Medium,Tier 3,Supermarket Type3,2768.3964,150.0998
NCS30,5.945,Low Fat,0.093214866,Household,129.1652,OUT045,2002,,Tier 2,Supermarket Type1,2841.6344,124.1652
FDQ59,,Regular,0,Breads,84.5908,OUT027,1985,Medium,Tier 3,Supermarket Type3,3020.0688,79.5908
FDI38,13.35,Regular,0.014649641,Canned,207.3638,OUT049,1999,Medium,Tier 1,Supermarket Type1,5797.7864,202.3638
FDR52,12.65,Regular,0.07603021,Frozen Foods,189.0846,OUT035,2004,Small,Tier 2,Supermarket Type1,4012.7766,184.0846
FDT15,12.15,Regular,0.042855388,Meat,181.695,OUT018,2009,Medium,Tier 3,Supermarket Type2,2929.52,176.695
FDR52,,Regular,0.133144259,Frozen Foods,190.8846,OUT019,1985,Small,Tier 1,Grocery Store,191.0846,185.8846
FDS60,20.85,Low Fat,0.032580705,Baking Goods,180.066,OUT018,2009,Medium,Tier 3,Supermarket Type2,2157.192,175.066
FDK52,18.25,Low Fat,0,Frozen Foods,224.1062,OUT018,2009,Medium,Tier 3,Supermarket Type2,4965.5364,219.1062
FDA04,11.3,Regular,0.066865326,Frozen Foods,260.1962,OUT045,2002,,Tier 2,Supermarket Type1,2848.9582,255.1962
NCQ53,17.6,Low Fat,0.018943666,Health and Hygiene,237.359,OUT045,2002,,Tier 2,Supermarket Type1,6145.334,232.359
FDN28,5.88,Regular,0.030371121,Frozen Foods,101.799,OUT018,2009,Medium,Tier 3,Supermarket Type2,1960.781,96.799
FDU12,,Regular,0.132630345,Baking Goods,263.8568,OUT019,1985,Small,Tier 1,Grocery Store,790.9704,258.8568
FDT03,21.25,Low Fat,0.01001904,Meat,184.6608,OUT045,2002,,Tier 2,Supermarket Type1,367.5216,179.6608
FDY57,20.2,Regular,0.121254236,Snack Foods,94.5752,OUT046,1997,Small,Tier 1,Supermarket Type1,1821.6288,89.5752
FDH56,9.8,Regular,0.063764099,Fruits and Vegetables,113.8492,OUT013,1987,High,Tier 3,Supermarket Type1,1737.738,108.8492
DRM23,16.6,Low Fat,0.136286138,Hard Drinks,171.4422,OUT018,2009,Medium,Tier 3,Supermarket Type2,2241.7486,166.4422
FDZ07,,Regular,0.164391573,Fruits and Vegetables,62.8194,OUT019,1985,Small,Tier 1,Grocery Store,61.9194,57.8194
FDK40,7.035,Low Fat,0.02189371,Frozen Foods,262.791,OUT045,2002,,Tier 2,Supermarket Type1,3681.874,257.791
FDU04,7.93,Low Fat,0,Frozen Foods,121.8414,OUT046,1997,Small,Tier 1,Supermarket Type1,2802.3522,116.8414
DRL37,15.5,Low Fat,0,Soft Drinks,41.377,OUT017,2007,,Tier 2,Supermarket Type1,649.155,36.377
FDT26,,reg,0.067624438,Dairy,120.944,OUT027,1985,Medium,Tier 3,Supermarket Type3,1078.596,115.944
FDT24,12.35,Regular,0.186236236,Baking Goods,78.7328,OUT045,2002,,Tier 2,Supermarket Type1,1390.1904,73.7328
FDX57,,Regular,0.047037323,Snack Foods,96.4068,OUT027,1985,Medium,Tier 3,Supermarket Type3,2624.5836,91.4068
FDA55,,Regular,0.099780431,Fruits and Vegetables,225.2088,OUT019,1985,Small,Tier 1,Grocery Store,447.4176,220.2088
NCN05,8.235,Low Fat,0.014488997,Health and Hygiene,183.795,OUT045,2002,,Tier 2,Supermarket Type1,2929.52,178.795
FDR58,6.675,Low Fat,0.04200648,Snack Foods,92.6462,OUT045,2002,,Tier 2,Supermarket Type1,1665.8316,87.6462
FDX47,6.55,Regular,0.034575546,Breads,156.5288,OUT013,1987,High,Tier 3,Supermarket Type1,1571.288,151.5288
NCH54,13.5,Low Fat,0.072965144,Household,160.692,OUT018,2009,Medium,Tier 3,Supermarket Type2,1917.504,155.692
NCH42,6.86,Low Fat,0.036530411,Household,227.801,OUT035,2004,Small,Tier 2,Supermarket Type1,3904.917,222.801
FDH56,9.8,Regular,0.063946629,Fruits and Vegetables,116.6492,OUT045,2002,,Tier 2,Supermarket Type1,2316.984,111.6492
FDQ48,14.3,Regular,0.034551415,Baking Goods,98.1726,OUT018,2009,Medium,Tier 3,Supermarket Type2,685.1082,93.1726
FDN20,19.35,Low Fat,0.026329989,Fruits and Vegetables,169.2474,OUT017,2007,,Tier 2,Supermarket Type1,3705.8428,164.2474
FDA15,9.3,Low Fat,0.016009057,Dairy,250.6092,OUT013,1987,High,Tier 3,Supermarket Type1,6474.2392,245.6092
FDS48,,Low Fat,0.048637888,Baking Goods,149.7708,OUT019,1985,Small,Tier 1,Grocery Store,150.4708,144.7708
FDW02,4.805,Regular,0.037852995,Dairy,126.2704,OUT018,2009,Medium,Tier 3,Supermarket Type2,3629.9416,121.2704
FDN03,,Regular,0.015016891,Meat,248.6408,OUT027,1985,Medium,Tier 3,Supermarket Type3,6759.2016,243.6408
FDF57,14.5,reg,0.059160135,Fruits and Vegetables,170.7448,OUT017,2007,,Tier 2,Supermarket Type1,2045.3376,165.7448
DRM37,15.35,Low Fat,0.096379585,Soft Drinks,196.5768,OUT035,2004,Small,Tier 2,Supermarket Type1,4729.8432,191.5768
NCD54,21.1,Low Fat,0.029008944,Household,143.3786,OUT046,1997,Small,Tier 1,Supermarket Type1,866.8716,138.3786
NCQ42,,Low Fat,0.039078047,Household,128.3678,OUT027,1985,Medium,Tier 3,Supermarket Type3,3179.195,123.3678
FDW49,19.5,Low Fat,0.082536604,Canned,177.2002,OUT035,2004,Small,Tier 2,Supermarket Type1,2149.2024,172.2002
DRI03,6.03,Low Fat,0.0226848,Dairy,178.1028,OUT013,1987,High,Tier 3,Supermarket Type1,4604.6728,173.1028
FDD14,20.7,Low Fat,0.170152831,Canned,182.6266,OUT045,2002,,Tier 2,Supermarket Type1,2581.9724,177.6266
FDN02,16.5,Low Fat,0.073827748,Canned,208.8638,OUT046,1997,Small,Tier 1,Supermarket Type1,2484.7656,203.8638
FDQ45,,Regular,0.010864186,Snack Foods,185.3608,OUT027,1985,Medium,Tier 3,Supermarket Type3,5329.0632,180.3608
FDX56,17.1,Regular,0.07436116,Fruits and Vegetables,206.1638,OUT018,2009,Medium,Tier 3,Supermarket Type2,4141.276,201.1638
FDE51,,Regular,0.168901843,Dairy,43.4086,OUT019,1985,Small,Tier 1,Grocery Store,44.6086,38.4086
FDT47,5.26,Regular,0.02455854,Breads,95.6068,OUT045,2002,,Tier 2,Supermarket Type1,2332.9632,90.6068
FDM22,14,Regular,0.041949832,Snack Foods,54.064,OUT035,2004,Small,Tier 2,Supermarket Type1,1118.544,49.064
FDB27,7.575,Low Fat,0.055502454,Dairy,196.5768,OUT045,2002,,Tier 2,Supermarket Type1,1576.6144,191.5768
FDE02,,Low Fat,0.120663214,Canned,95.6778,OUT027,1985,Medium,Tier 3,Supermarket Type3,2910.2118,90.6778
FDD38,16.75,Regular,0.00819018,Canned,103.7674,OUT035,2004,Small,Tier 2,Supermarket Type1,2852.2872,98.7674
FDF34,9.3,Regular,0.014098693,Snack Foods,197.7084,OUT017,2007,,Tier 2,Supermarket Type1,3372.9428,192.7084
FDP15,15.2,Low Fat,0,Meat,256.033,OUT010,1998,,Tier 3,Grocery Store,1281.665,251.033
NCI29,8.6,Low Fat,0.032806066,Health and Hygiene,143.6154,OUT017,2007,,Tier 2,Supermarket Type1,2127.231,138.6154
FDU27,18.6,Regular,0.172446822,Meat,47.1376,OUT017,2007,,Tier 2,Supermarket Type1,767.0016,42.1376
NCD55,,Low Fat,0.024213354,Household,42.4454,OUT027,1985,Medium,Tier 3,Supermarket Type3,293.6178,37.4454
FDU37,9.5,Regular,0,Canned,79.596,OUT046,1997,Small,Tier 1,Supermarket Type1,1038.648,74.596
FDA01,15,Regular,0.054685839,Canned,60.2904,OUT017,2007,,Tier 2,Supermarket Type1,1581.9408,55.2904
FDS13,6.465,Low Fat,0.124758619,Canned,264.1884,OUT045,2002,,Tier 2,Supermarket Type1,3444.8492,259.1884
FDK55,18.5,Low Fat,0.02586664,Meat,88.9172,OUT018,2009,Medium,Tier 3,Supermarket Type2,1695.1268,83.9172
FDR36,6.715,Regular,0.121563385,Baking Goods,43.7454,OUT035,2004,Small,Tier 2,Supermarket Type1,545.2902,38.7454
DRK49,14.15,Low Fat,0.035999599,Soft Drinks,41.5138,OUT049,1999,Medium,Tier 1,Supermarket Type1,162.4552,36.5138
DRM23,,Low Fat,0,Hard Drinks,171.7422,OUT027,1985,Medium,Tier 3,Supermarket Type3,6207.9192,166.7422
FDH47,13.5,Regular,0.21561193,Starchy Foods,98.6068,OUT010,1998,,Tier 3,Grocery Store,97.2068,93.6068
FDZ21,17.6,Regular,0.039381633,Snack Foods,98.041,OUT018,2009,Medium,Tier 3,Supermarket Type2,675.787,93.041
FDI57,19.85,Low Fat,0.054331235,Seafood,198.7768,OUT017,2007,,Tier 2,Supermarket Type1,4532.7664,193.7768
FDK26,,Regular,0.056338482,Canned,184.624,OUT019,1985,Small,Tier 1,Grocery Store,1304.968,179.624
FDQ36,7.855,Regular,0.161516894,Baking Goods,37.0848,OUT035,2004,Small,Tier 2,Supermarket Type1,447.4176,32.0848
FDJ58,,Regular,0.184359831,Snack Foods,172.6764,OUT019,1985,Small,Tier 1,Grocery Store,858.882,167.6764
FDD45,8.615,Low Fat,0.116484721,Fruits and Vegetables,94.1436,OUT045,2002,,Tier 2,Supermarket Type1,1134.5232,89.1436
FDG50,7.405,Low Fat,0.015302764,Canned,89.9146,OUT045,2002,,Tier 2,Supermarket Type1,2189.1504,84.9146
FDO36,,Low Fat,0.136417078,Baking Goods,179.766,OUT019,1985,Small,Tier 1,Grocery Store,179.766,174.766
NCW42,18.2,Low Fat,0.058707159,Household,220.5456,OUT018,2009,Medium,Tier 3,Supermarket Type2,3094.6384,215.5456
NCH18,9.3,Low Fat,0.074753743,Household,246.4802,OUT010,1998,,Tier 3,Grocery Store,982.7208,241.4802
FDY59,,Low Fat,0.031251369,Baking Goods,93.3462,OUT027,1985,Medium,Tier 3,Supermarket Type3,1018.0082,88.3462
NCO42,21.25,Low Fat,0.024705597,Household,145.1102,OUT045,2002,,Tier 2,Supermarket Type1,1603.9122,140.1102
FDM45,8.655,Regular,0.088693595,Snack Foods,122.5756,OUT017,2007,,Tier 2,Supermarket Type1,2181.1608,117.5756
NCV29,11.8,Low Fat,0.038235337,Health and Hygiene,177.5686,OUT010,1998,,Tier 3,Grocery Store,711.0744,172.5686
FDT08,,LF,0.048980156,Fruits and Vegetables,148.705,OUT027,1985,Medium,Tier 3,Supermarket Type3,2996.1,143.705
NCQ43,,Low Fat,0.194874778,Others,110.2912,OUT019,1985,Small,Tier 1,Grocery Store,218.3824,105.2912
NCA54,16.5,Low Fat,0.036611104,Household,180.9318,OUT013,1987,High,Tier 3,Supermarket Type1,3247.7724,175.9318
FDW55,12.6,Regular,0,Fruits and Vegetables,248.8092,OUT035,2004,Small,Tier 2,Supermarket Type1,6723.2484,243.8092
FDI10,,Regular,0.07802465,Snack Foods,171.4422,OUT027,1985,Medium,Tier 3,Supermarket Type3,3448.844,166.4422
NCS53,,Low Fat,0.157190017,Health and Hygiene,156.8604,OUT019,1985,Small,Tier 1,Grocery Store,316.9208,151.8604
FDZ35,,Regular,0.022170592,Breads,105.199,OUT027,1985,Medium,Tier 3,Supermarket Type3,3199.169,100.199
FDF10,15.5,reg,0.156797787,Snack Foods,148.6418,OUT013,1987,High,Tier 3,Supermarket Type1,3972.8286,143.6418
FDO38,17.25,Low Fat,0.07325106,Canned,76.4986,OUT017,2007,,Tier 2,Supermarket Type1,778.986,71.4986
FDY45,17.5,Low Fat,0.026289984,Snack Foods,253.7356,OUT017,2007,,Tier 2,Supermarket Type1,3815.034,248.7356
FDC40,16,Regular,0.065328932,Dairy,78.4986,OUT018,2009,Medium,Tier 3,Supermarket Type2,1791.6678,73.4986
NCO54,19.5,Low Fat,0.014296484,Household,53.7614,OUT049,1999,Medium,Tier 1,Supermarket Type1,1436.7964,48.7614
FDQ14,9.27,Low Fat,0.062038986,Dairy,148.005,OUT018,2009,Medium,Tier 3,Supermarket Type2,1797.66,143.005
FDM10,18.25,Low Fat,0.075908374,Snack Foods,213.4218,OUT013,1987,High,Tier 3,Supermarket Type1,3846.9924,208.4218
DRK23,8.395,Low Fat,0.072383777,Hard Drinks,251.504,OUT017,2007,,Tier 2,Supermarket Type1,7084.112,246.504
NCR17,9.8,Low Fat,0.024363026,Health and Hygiene,114.0492,OUT013,1987,High,Tier 3,Supermarket Type1,2085.2856,109.0492
FDG31,,Low Fat,0.066351687,Meat,65.0826,OUT019,1985,Small,Tier 1,Grocery Store,193.7478,60.0826
FDH02,7.27,Regular,0.020823289,Canned,92.4488,OUT045,2002,,Tier 2,Supermarket Type1,996.0368,87.4488
DRH37,17.6,Low Fat,0.041851756,Soft Drinks,162.7526,OUT017,2007,,Tier 2,Supermarket Type1,3124.5994,157.7526
DRC36,13,Regular,0.045239326,Soft Drinks,174.1054,OUT017,2007,,Tier 2,Supermarket Type1,4377.635,169.1054
FDB56,8.75,Regular,0.074778547,Fruits and Vegetables,186.3556,OUT045,2002,,Tier 2,Supermarket Type1,3567.3564,181.3556
NCK54,12.15,Low Fat,0.029583249,Household,114.715,OUT045,2002,,Tier 2,Supermarket Type1,1048.635,109.715
NCQ17,10.3,Low Fat,0,Health and Hygiene,154.663,OUT013,1987,High,Tier 3,Supermarket Type1,2816.334,149.663
FDM13,6.425,Low Fat,0.063432676,Breakfast,132.8626,OUT018,2009,Medium,Tier 3,Supermarket Type2,524.6504,127.8626
FDT44,16.6,Low Fat,0.103406065,Fruits and Vegetables,116.4466,OUT018,2009,Medium,Tier 3,Supermarket Type2,1178.466,111.4466
FDO28,,Low Fat,0.126585095,Frozen Foods,122.4098,OUT019,1985,Small,Tier 1,Grocery Store,120.5098,117.4098
NCK07,10.65,Low Fat,0.04896208,Others,165.8526,OUT017,2007,,Tier 2,Supermarket Type1,3946.8624,160.8526
NCP05,19.6,Low Fat,0.025286583,Health and Hygiene,151.8024,OUT046,1997,Small,Tier 1,Supermarket Type1,1366.2216,146.8024
FDX11,16,Regular,0.106752081,Baking Goods,181.4634,OUT046,1997,Small,Tier 1,Supermarket Type1,1090.5804,176.4634
FDS52,8.89,Low Fat,0.005485618,Frozen Foods,99.3016,OUT045,2002,,Tier 2,Supermarket Type1,607.2096,94.3016
FDB14,20.25,Regular,0.102932246,Canned,93.212,OUT045,2002,,Tier 2,Supermarket Type1,1304.968,88.212
NCY06,,LF,0.060888514,Household,130.1968,OUT027,1985,Medium,Tier 3,Supermarket Type3,1565.9616,125.1968
FDS45,5.175,Regular,0.029662795,Snack Foods,105.2622,OUT017,2007,,Tier 2,Supermarket Type1,2328.9684,100.2622
DRF23,4.61,Low Fat,0,Hard Drinks,173.8396,OUT046,1997,Small,Tier 1,Supermarket Type1,1221.0772,168.8396
FDD33,,Low Fat,0,Fruits and Vegetables,231.9642,OUT027,1985,Medium,Tier 3,Supermarket Type3,6970.926,226.9642
NCA53,11.395,Low Fat,0.009918699,Health and Hygiene,49.4034,OUT018,2009,Medium,Tier 3,Supermarket Type2,777.6544,44.4034
FDC46,17.7,Low Fat,0.116520447,Snack Foods,186.0266,OUT035,2004,Small,Tier 2,Supermarket Type1,2950.8256,181.0266
NCW41,18,Low Fat,0.015447454,Health and Hygiene,159.2604,OUT035,2004,Small,Tier 2,Supermarket Type1,3961.51,154.2604
FDZ39,19.7,Regular,0.018098194,Meat,104.599,OUT018,2009,Medium,Tier 3,Supermarket Type2,309.597,99.599
FDE51,5.925,Regular,0.097012989,Dairy,42.9086,OUT017,2007,,Tier 2,Supermarket Type1,758.3462,37.9086
FDG32,,low fat,0.17514326,Fruits and Vegetables,222.3772,OUT027,1985,Medium,Tier 3,Supermarket Type3,9562.2196,217.3772
NCK07,10.65,Low Fat,0.048785427,Others,163.9526,OUT045,2002,,Tier 2,Supermarket Type1,1644.526,158.9526
NCQ41,14.8,Low Fat,0.019476708,Health and Hygiene,193.0794,OUT035,2004,Small,Tier 2,Supermarket Type1,3901.588,188.0794
FDL36,15.1,Low Fat,0.076229769,Baking Goods,90.483,OUT045,2002,,Tier 2,Supermarket Type1,1617.894,85.483
FDQ26,13.5,Regular,0,Dairy,57.8562,OUT049,1999,Medium,Tier 1,Supermarket Type1,711.0744,52.8562
FDR02,16.7,LF,0.022190488,Dairy,113.1886,OUT017,2007,,Tier 2,Supermarket Type1,3335.658,108.1886
FDV59,13.35,LF,0,Breads,217.6166,OUT018,2009,Medium,Tier 3,Supermarket Type2,3265.749,212.6166
FDZ33,10.195,Low Fat,0,Snack Foods,147.2076,OUT010,1998,,Tier 3,Grocery Store,739.038,142.2076
NCT41,15.7,Low Fat,0.05610384,Health and Hygiene,153.5024,OUT045,2002,,Tier 2,Supermarket Type1,2580.6408,148.5024
FDB17,13.15,Low Fat,0.061381589,Frozen Foods,179.9976,OUT010,1998,,Tier 3,Grocery Store,181.0976,174.9976
FDN44,13.15,Low Fat,0.022795611,Fruits and Vegetables,160.192,OUT046,1997,Small,Tier 1,Supermarket Type1,1597.92,155.192
FDE45,12.1,Low Fat,0.040323731,Fruits and Vegetables,180.0002,OUT013,1987,High,Tier 3,Supermarket Type1,4656.6052,175.0002
FDG47,12.8,Low Fat,0.070012633,Starchy Foods,262.8252,OUT017,2007,,Tier 2,Supermarket Type1,2885.5772,257.8252
NCP02,,Low Fat,0.044591774,Household,59.6562,OUT027,1985,Medium,Tier 3,Supermarket Type3,2192.4794,54.6562
FDW02,4.805,Regular,0.037699423,Dairy,125.5704,OUT046,1997,Small,Tier 1,Supermarket Type1,3880.2824,120.5704
NCM53,18.75,Low Fat,0.052040915,Health and Hygiene,105.728,OUT046,1997,Small,Tier 1,Supermarket Type1,2024.032,100.728
FDD47,7.6,Regular,0.142292265,Starchy Foods,171.3448,OUT013,1987,High,Tier 3,Supermarket Type1,3238.4512,166.3448
FDE28,9.5,Regular,0.132521929,Frozen Foods,228.6668,OUT035,2004,Small,Tier 2,Supermarket Type1,4146.6024,223.6668
FDV12,16.7,Regular,0.061122656,Baking Goods,100.0384,OUT018,2009,Medium,Tier 3,Supermarket Type2,2463.46,95.0384
FDE36,5.26,Regular,0.041942549,Baking Goods,165.4868,OUT018,2009,Medium,Tier 3,Supermarket Type2,2293.0152,160.4868
FDU45,15.6,Regular,0.035506142,Snack Foods,112.4518,OUT046,1997,Small,Tier 1,Supermarket Type1,3301.7022,107.4518
FDP28,13.65,Regular,0.080573371,Frozen Foods,260.1936,OUT013,1987,High,Tier 3,Supermarket Type1,3914.904,255.1936
FDH33,12.85,Low Fat,0.121972274,Snack Foods,43.1428,OUT045,2002,,Tier 2,Supermarket Type1,703.0848,38.1428
FDO44,12.6,Low Fat,0.087436672,Fruits and Vegetables,109.9228,OUT035,2004,Small,Tier 2,Supermarket Type1,663.1368,104.9228
FDR07,,Low Fat,0.136119549,Fruits and Vegetables,94.1094,OUT019,1985,Small,Tier 1,Grocery Store,190.4188,89.1094
FDJ45,17.75,Low Fat,0.073396761,Seafood,35.1216,OUT035,2004,Small,Tier 2,Supermarket Type1,830.9184,30.1216
FDS59,14.8,Regular,0.073468631,Breads,110.857,OUT010,1998,,Tier 3,Grocery Store,329.571,105.857
FDU34,18.25,Low Fat,0.075132353,Snack Foods,125.9046,OUT013,1987,High,Tier 3,Supermarket Type1,2365.5874,120.9046
NCL06,14.65,Low Fat,0.120624771,Household,261.7594,OUT010,1998,,Tier 3,Grocery Store,523.3188,256.7594
FDR37,16.5,Regular,0.110888167,Breakfast,181.6292,OUT010,1998,,Tier 3,Grocery Store,1094.5752,176.6292
NCM53,18.75,Low Fat,0.052252908,Health and Hygiene,105.728,OUT018,2009,Medium,Tier 3,Supermarket Type2,1704.448,100.728
DRG25,10.5,Low Fat,0.019046089,Soft Drinks,188.424,OUT035,2004,Small,Tier 2,Supermarket Type1,2237.088,183.424
DRE25,15.35,Low Fat,0.073397129,Soft Drinks,91.912,OUT049,1999,Medium,Tier 1,Supermarket Type1,2609.936,86.912
FDZ45,14.1,Low Fat,0.067011609,Snack Foods,197.1084,OUT045,2002,,Tier 2,Supermarket Type1,2182.4924,192.1084
NCV53,8.27,Low Fat,0.031490111,Health and Hygiene,239.088,OUT010,1998,,Tier 3,Grocery Store,719.064,234.088
FDR55,12.15,Regular,0.132621594,Fruits and Vegetables,190.1872,OUT018,2009,Medium,Tier 3,Supermarket Type2,3781.744,185.1872
FDS47,,LF,0,Breads,87.6856,OUT027,1985,Medium,Tier 3,Supermarket Type3,1845.5976,82.6856
DRG27,8.895,Low Fat,0.105110692,Dairy,41.1138,OUT046,1997,Small,Tier 1,Supermarket Type1,690.4346,36.1138
FDA02,14,Regular,0.02976887,Dairy,145.4786,OUT049,1999,Medium,Tier 1,Supermarket Type1,1300.3074,140.4786
FDF45,18.2,reg,0.012229464,Fruits and Vegetables,56.8904,OUT045,2002,,Tier 2,Supermarket Type1,1406.1696,51.8904
FDZ58,17.85,Low Fat,0.052176861,Snack Foods,122.8072,OUT046,1997,Small,Tier 1,Supermarket Type1,857.5504,117.8072
NCH30,17.1,Low Fat,0.06725846,Household,115.186,OUT049,1999,Medium,Tier 1,Supermarket Type1,2490.092,110.186
FDN03,9.8,Regular,0.025257508,Meat,248.5408,OUT010,1998,,Tier 3,Grocery Store,751.0224,243.5408
FDH12,9.6,Low Fat,0.085085743,Baking Goods,105.128,OUT049,1999,Medium,Tier 1,Supermarket Type1,1065.28,100.128
NCH54,13.5,Low Fat,0.12163321,Household,161.692,OUT010,1998,,Tier 3,Grocery Store,159.792,156.692
DRH01,17.5,Low Fat,0.098102581,Soft Drinks,172.9738,OUT045,2002,,Tier 2,Supermarket Type1,4344.345,167.9738
FDX01,,Low Fat,0.024047319,Canned,115.515,OUT027,1985,Medium,Tier 3,Supermarket Type3,1980.755,110.515
FDD34,7.945,Low Fat,0.01596609,Snack Foods,163.521,OUT017,2007,,Tier 2,Supermarket Type1,1794.331,158.521
FDC53,,Low Fat,0.008792907,Frozen Foods,96.7384,OUT027,1985,Medium,Tier 3,Supermarket Type3,2956.152,91.7384
FDO28,5.765,Low Fat,0.072238195,Frozen Foods,120.0098,OUT013,1987,High,Tier 3,Supermarket Type1,1687.1372,115.0098
DRJ51,14.1,Low Fat,0.08849163,Dairy,231.1668,OUT017,2007,,Tier 2,Supermarket Type1,7602.1044,226.1668
FDD14,20.7,Low Fat,0.170500183,Canned,184.1266,OUT018,2009,Medium,Tier 3,Supermarket Type2,1659.8394,179.1266
FDW35,10.6,LF,0.011134397,Breads,42.8454,OUT018,2009,Medium,Tier 3,Supermarket Type2,167.7816,37.8454
NCH18,9.3,Low Fat,0.044730667,Household,245.1802,OUT049,1999,Medium,Tier 1,Supermarket Type1,2456.802,240.1802
FDK20,12.6,Regular,0.04179272,Fruits and Vegetables,122.0072,OUT017,2007,,Tier 2,Supermarket Type1,1347.5792,117.0072
FDY47,8.6,Regular,0.054484461,Breads,130.131,OUT046,1997,Small,Tier 1,Supermarket Type1,1557.972,125.131
FDG32,19.85,Low Fat,0.175849067,Fruits and Vegetables,222.0772,OUT013,1987,High,Tier 3,Supermarket Type1,2001.3948,217.0772
FDC20,10.65,Low Fat,0.024069113,Fruits and Vegetables,56.2272,OUT018,2009,Medium,Tier 3,Supermarket Type2,559.272,51.2272
NCS29,9,Low Fat,0.06953231,Health and Hygiene,266.5884,OUT035,2004,Small,Tier 2,Supermarket Type1,6624.71,261.5884
FDG53,10,Low Fat,0.045848263,Frozen Foods,138.518,OUT035,2004,Small,Tier 2,Supermarket Type1,2237.088,133.518
FDV26,20.25,Regular,0.076160451,Dairy,196.2794,OUT046,1997,Small,Tier 1,Supermarket Type1,2731.1116,191.2794
FDE40,15.6,Regular,0.099704558,Dairy,63.1194,OUT017,2007,,Tier 2,Supermarket Type1,1300.3074,58.1194
FDM02,12.5,Regular,0.073735058,Canned,87.1198,OUT046,1997,Small,Tier 1,Supermarket Type1,1657.1762,82.1198
FDU11,4.785,Low Fat,0.0931174,Breads,118.6098,OUT017,2007,,Tier 2,Supermarket Type1,361.5294,113.6098
FDB51,6.92,Low Fat,0.038446805,Dairy,63.5852,OUT035,2004,Small,Tier 2,Supermarket Type1,751.0224,58.5852
FDQ03,15,Regular,0.078172471,Meat,238.8248,OUT045,2002,,Tier 2,Supermarket Type1,3555.372,233.8248
DRK35,8.365,Low Fat,0.071992202,Hard Drinks,38.3506,OUT045,2002,,Tier 2,Supermarket Type1,986.7156,33.3506
FDZ32,7.785,Regular,0.038210084,Fruits and Vegetables,103.8964,OUT045,2002,,Tier 2,Supermarket Type1,946.7676,98.8964
FDU38,10.8,Low Fat,0.0824812,Dairy,191.6504,OUT013,1987,High,Tier 3,Supermarket Type1,2492.7552,186.6504
DRM11,6.57,Low Fat,0.066069578,Hard Drinks,261.0278,OUT046,1997,Small,Tier 1,Supermarket Type1,4165.2448,256.0278
FDS36,8.38,Regular,0.046848322,Baking Goods,110.557,OUT013,1987,High,Tier 3,Supermarket Type1,3844.995,105.557
FDO52,11.6,Regular,0.077164595,Frozen Foods,172.5106,OUT046,1997,Small,Tier 1,Supermarket Type1,2566.659,167.5106
FDA04,11.3,Regular,0.066833743,Frozen Foods,257.2962,OUT049,1999,Medium,Tier 1,Supermarket Type1,2330.9658,252.2962
NCE31,7.67,Low Fat,0.185596553,Household,35.7216,OUT018,2009,Medium,Tier 3,Supermarket Type2,69.2432,30.7216
FDC33,8.96,Regular,0.068925304,Fruits and Vegetables,196.9768,OUT035,2004,Small,Tier 2,Supermarket Type1,2759.0752,191.9768
FDS33,6.67,Regular,0.12367891,Snack Foods,88.9514,OUT045,2002,,Tier 2,Supermarket Type1,885.514,83.9514
NCJ05,18.7,Low Fat,0.046348967,Health and Hygiene,153.6682,OUT017,2007,,Tier 2,Supermarket Type1,1677.1502,148.6682
FDN51,17.85,reg,0.021065311,Meat,261.5936,OUT017,2007,,Tier 2,Supermarket Type1,6002.8528,256.5936
FDZ10,,Low Fat,0.077849833,Snack Foods,127.202,OUT019,1985,Small,Tier 1,Grocery Store,506.008,122.202
NCQ30,7.725,Low Fat,0.029236727,Household,123.8414,OUT017,2007,,Tier 2,Supermarket Type1,1340.2554,118.8414
FDL09,19.6,Regular,0.127929521,Snack Foods,167.4816,OUT013,1987,High,Tier 3,Supermarket Type1,3691.1952,162.4816
FDU03,18.7,Regular,0.091560606,Meat,182.3292,OUT035,2004,Small,Tier 2,Supermarket Type1,3831.0132,177.3292
FDQ32,,Regular,0.081605462,Fruits and Vegetables,122.3388,OUT019,1985,Small,Tier 1,Grocery Store,371.5164,117.3388
FDI38,13.35,Regular,0.014626901,Canned,207.7638,OUT046,1997,Small,Tier 1,Supermarket Type1,3520.0846,202.7638
FDE36,5.26,Regular,0.041837331,Baking Goods,161.8868,OUT049,1999,Medium,Tier 1,Supermarket Type1,5077.3908,156.8868
FDY02,8.945,Regular,0.088002959,Dairy,261.391,OUT018,2009,Medium,Tier 3,Supermarket Type2,1840.937,256.391
NCA17,20.6,Low Fat,0.04551031,Health and Hygiene,149.6392,OUT045,2002,,Tier 2,Supermarket Type1,894.8352,144.6392
DRJ25,14.6,Low Fat,0.150801606,Soft Drinks,48.7692,OUT049,1999,Medium,Tier 1,Supermarket Type1,1231.73,43.7692
FDI26,5.94,Low Fat,0.03495749,Canned,177.1344,OUT045,2002,,Tier 2,Supermarket Type1,2854.9504,172.1344
FDT50,6.75,Regular,0.108458498,Dairy,96.9752,OUT045,2002,,Tier 2,Supermarket Type1,958.752,91.9752
FDR02,16.7,LF,0.022155562,Dairy,109.5886,OUT018,2009,Medium,Tier 3,Supermarket Type2,1000.6974,104.5886
NCY05,13.5,LF,0.055301055,Health and Hygiene,34.6874,OUT017,2007,,Tier 2,Supermarket Type1,317.5866,29.6874
FDI50,8.42,Regular,0.030816999,Canned,230.8352,OUT013,1987,High,Tier 3,Supermarket Type1,3435.528,225.8352
FDW56,7.68,LF,0.0711891,Fruits and Vegetables,193.3162,OUT018,2009,Medium,Tier 3,Supermarket Type2,5772.486,188.3162
FDS32,17.75,Regular,0.029821648,Fruits and Vegetables,139.9838,OUT017,2007,,Tier 2,Supermarket Type1,1123.8704,134.9838
FDT48,4.92,Low Fat,0.046142232,Baking Goods,199.1084,OUT018,2009,Medium,Tier 3,Supermarket Type2,4761.8016,194.1084
FDU57,8.27,Regular,0.089735804,Snack Foods,148.7708,OUT045,2002,,Tier 2,Supermarket Type1,2708.4744,143.7708
FDL51,20.7,Regular,0.04745185,Dairy,214.6876,OUT013,1987,High,Tier 3,Supermarket Type1,3001.4264,209.6876
FDO52,11.6,Regular,0.077150004,Frozen Foods,170.2106,OUT035,2004,Small,Tier 2,Supermarket Type1,1882.2166,165.2106
FDS57,,Low Fat,0.181114059,Snack Foods,141.647,OUT019,1985,Small,Tier 1,Grocery Store,429.441,136.647
FDR22,19.35,Regular,0.018562604,Snack Foods,110.5544,OUT046,1997,Small,Tier 1,Supermarket Type1,1565.9616,105.5544
FDB57,20.25,Regular,0.018789455,Fruits and Vegetables,222.0772,OUT013,1987,High,Tier 3,Supermarket Type1,3113.2808,217.0772
FDA04,11.3,Regular,0.066674465,Frozen Foods,259.1962,OUT013,1987,High,Tier 3,Supermarket Type1,5179.924,254.1962
FDM09,11.15,Regular,0.143831787,Snack Foods,169.979,OUT010,1998,,Tier 3,Grocery Store,169.779,164.979
NCQ38,,LF,0.023402893,Others,108.228,OUT019,1985,Small,Tier 1,Grocery Store,213.056,103.228
FDP52,18.7,Regular,0.070979698,Frozen Foods,229.501,OUT018,2009,Medium,Tier 3,Supermarket Type2,1607.907,224.501
DRK11,,Low Fat,0.018847114,Hard Drinks,148.0392,OUT019,1985,Small,Tier 1,Grocery Store,447.4176,143.0392
FDN40,5.88,Low Fat,0.086945823,Frozen Foods,152.9998,OUT017,2007,,Tier 2,Supermarket Type1,3691.1952,147.9998
FDV58,20.85,Low Fat,0.121438886,Snack Foods,196.1452,OUT049,1999,Medium,Tier 1,Supermarket Type1,1565.9616,191.1452
DRA59,8.27,Regular,0,Soft Drinks,183.2924,OUT017,2007,,Tier 2,Supermarket Type1,2406.2012,178.2924
FDE23,17.6,Regular,0.053288857,Starchy Foods,47.306,OUT045,2002,,Tier 2,Supermarket Type1,605.878,42.306
FDI08,18.2,reg,0.066431507,Fruits and Vegetables,250.1092,OUT045,2002,,Tier 2,Supermarket Type1,4233.1564,245.1092
FDE09,,Low Fat,0.037824735,Fruits and Vegetables,109.7228,OUT019,1985,Small,Tier 1,Grocery Store,331.5684,104.7228
FDG09,20.6,Regular,0.047936284,Fruits and Vegetables,185.7556,OUT046,1997,Small,Tier 1,Supermarket Type1,3942.8676,180.7556
FDS57,15.5,Low Fat,0.103356186,Snack Foods,142.847,OUT013,1987,High,Tier 3,Supermarket Type1,1574.617,137.847
FDW15,15.35,Regular,0.055067732,Meat,146.5734,OUT013,1987,High,Tier 3,Supermarket Type1,2375.5744,141.5734
FDH56,9.8,Regular,0.063916425,Fruits and Vegetables,117.1492,OUT049,1999,Medium,Tier 1,Supermarket Type1,2780.3808,112.1492
FDM36,11.65,Regular,0.059063036,Baking Goods,172.0422,OUT017,2007,,Tier 2,Supermarket Type1,1379.5376,167.0422
NCQ38,16.35,Low Fat,0.013442036,Others,104.528,OUT017,2007,,Tier 2,Supermarket Type1,1065.28,99.528
DRE48,,Low Fat,0.01724183,Soft Drinks,197.0768,OUT027,1985,Medium,Tier 3,Supermarket Type3,8868.456,192.0768
FDP33,18.7,LF,0.089777214,Snack Foods,256.4672,OUT017,2007,,Tier 2,Supermarket Type1,5369.0112,251.4672
FDI33,16.5,Low Fat,0.028418817,Snack Foods,92.8146,OUT046,1997,Small,Tier 1,Supermarket Type1,2097.9358,87.8146
FDO16,5.48,Low Fat,0.015108194,Frozen Foods,83.725,OUT046,1997,Small,Tier 1,Supermarket Type1,1165.15,78.725
FDW34,9.6,Low Fat,0.035780385,Snack Foods,241.317,OUT017,2007,,Tier 2,Supermarket Type1,3645.255,236.317
FDM22,,Regular,0.073462632,Snack Foods,52.364,OUT019,1985,Small,Tier 1,Grocery Store,53.264,47.364
NCO07,9.06,Low Fat,0.009816092,Others,211.856,OUT018,2009,Medium,Tier 3,Supermarket Type2,3621.952,206.856
FDC44,15.6,Low Fat,0.172946916,Fruits and Vegetables,114.1518,OUT045,2002,,Tier 2,Supermarket Type1,1821.6288,109.1518
DRB48,16.75,Regular,0.024892129,Soft Drinks,37.8822,OUT049,1999,Medium,Tier 1,Supermarket Type1,589.233,32.8822
NCV29,11.8,LF,0.022824491,Health and Hygiene,177.0686,OUT013,1987,High,Tier 3,Supermarket Type1,3022.0662,172.0686
FDE28,9.5,Regular,0,Frozen Foods,231.3668,OUT013,1987,High,Tier 3,Supermarket Type1,5759.17,226.3668
FDP49,9,Regular,0.069229076,Breakfast,55.9614,OUT045,2002,,Tier 2,Supermarket Type1,386.8298,50.9614
FDX59,10.195,Low Fat,0.051766042,Breads,34.5558,OUT045,2002,,Tier 2,Supermarket Type1,441.4254,29.5558
FDN60,15.1,Low Fat,0.095140088,Baking Goods,159.9604,OUT035,2004,Small,Tier 2,Supermarket Type1,2852.2872,154.9604
DRC36,13,reg,0.044976367,Soft Drinks,176.2054,OUT035,2004,Small,Tier 2,Supermarket Type1,1225.7378,171.2054
FDE02,,Low Fat,0.212293753,Canned,92.2778,OUT019,1985,Small,Tier 1,Grocery Store,469.389,87.2778
NCU29,,Low Fat,0.025354072,Health and Hygiene,144.476,OUT027,1985,Medium,Tier 3,Supermarket Type3,3661.9,139.476
NCQ17,10.3,Low Fat,0.195721125,Health and Hygiene,156.463,OUT010,1998,,Tier 3,Grocery Store,312.926,151.463
DRD12,6.96,LF,0.077508015,Soft Drinks,92.3146,OUT018,2009,Medium,Tier 3,Supermarket Type2,1094.5752,87.3146
FDV45,16.75,Low Fat,0.045009952,Snack Foods,186.8556,OUT013,1987,High,Tier 3,Supermarket Type1,2440.8228,181.8556
FDZ02,,Regular,0.037962696,Dairy,97.5726,OUT027,1985,Medium,Tier 3,Supermarket Type3,978.726,92.5726
FDW26,,Regular,0.187443314,Dairy,220.4772,OUT019,1985,Small,Tier 1,Grocery Store,444.7544,215.4772
FDN40,5.88,Low Fat,0.086384841,Frozen Foods,153.2998,OUT013,1987,High,Tier 3,Supermarket Type1,2153.1972,148.2998
FDR19,,Regular,0.158947217,Fruits and Vegetables,145.5102,OUT027,1985,Medium,Tier 3,Supermarket Type3,5978.2182,140.5102
FDD50,18.85,Low Fat,0.141615436,Canned,169.0132,OUT035,2004,Small,Tier 2,Supermarket Type1,1860.2452,164.0132
NCD18,16,Low Fat,0,Household,228.8668,OUT046,1997,Small,Tier 1,Supermarket Type1,1612.5676,223.8668
FDA34,11.5,Low Fat,0.01484819,Starchy Foods,172.108,OUT013,1987,High,Tier 3,Supermarket Type1,2077.296,167.108
FDR33,7.31,Low Fat,0.026843265,Snack Foods,109.757,OUT045,2002,,Tier 2,Supermarket Type1,1208.427,104.757
FDD39,16.7,Low Fat,0.070154899,Dairy,218.185,OUT046,1997,Small,Tier 1,Supermarket Type1,5193.24,213.185
FDR13,9.895,Regular,0.028765486,Canned,115.3492,OUT049,1999,Medium,Tier 1,Supermarket Type1,1274.3412,110.3492
FDA39,,LF,0.012656359,Meat,37.8822,OUT027,1985,Medium,Tier 3,Supermarket Type3,1021.3372,32.8822
FDN01,8.895,Low Fat,0,Breakfast,178.437,OUT046,1997,Small,Tier 1,Supermarket Type1,1235.059,173.437
FDU04,7.93,Low Fat,0.005547386,Frozen Foods,121.5414,OUT035,2004,Small,Tier 2,Supermarket Type1,1340.2554,116.5414
FDV10,7.645,Regular,0,Snack Foods,41.7112,OUT045,2002,,Tier 2,Supermarket Type1,852.224,36.7112
NCB30,14.6,Low Fat,0.02575512,Household,199.6084,OUT045,2002,,Tier 2,Supermarket Type1,3769.7596,194.6084
FDB38,,Regular,0.027214272,Canned,159.692,OUT027,1985,Medium,Tier 3,Supermarket Type3,3515.424,154.692
FDB22,8.02,Low Fat,0.111666665,Snack Foods,155.2998,OUT045,2002,,Tier 2,Supermarket Type1,1230.3984,150.2998
NCS30,5.945,Low Fat,0.093026207,Household,128.7652,OUT046,1997,Small,Tier 1,Supermarket Type1,516.6608,123.7652
FDK14,6.98,Low Fat,0.041189152,Canned,82.8934,OUT045,2002,,Tier 2,Supermarket Type1,818.934,77.8934
DRJ35,10.1,Low Fat,0.046584552,Hard Drinks,61.2878,OUT046,1997,Small,Tier 1,Supermarket Type1,1272.3438,56.2878
FDX19,19.1,Low Fat,0.097280981,Fruits and Vegetables,232.6958,OUT017,2007,,Tier 2,Supermarket Type1,5375.0034,227.6958
FDX60,14.35,Low Fat,0.080922439,Baking Goods,80.096,OUT018,2009,Medium,Tier 3,Supermarket Type2,1278.336,75.096
FDS01,11.6,Low Fat,0.017780986,Canned,177.3686,OUT045,2002,,Tier 2,Supermarket Type1,1777.686,172.3686
NCT41,15.7,Low Fat,0.055979703,Health and Hygiene,151.9024,OUT035,2004,Small,Tier 2,Supermarket Type1,1062.6168,146.9024
DRE27,11.85,Low Fat,0.132645493,Dairy,96.9726,OUT035,2004,Small,Tier 2,Supermarket Type1,1174.4712,91.9726
FDY45,17.5,Low Fat,0.026182758,Snack Foods,253.6356,OUT049,1999,Medium,Tier 1,Supermarket Type1,5086.712,248.6356
FDB56,,Regular,0,Fruits and Vegetables,188.2556,OUT027,1985,Medium,Tier 3,Supermarket Type3,4693.89,183.2556
FDS36,8.38,Regular,0.04688734,Baking Goods,107.957,OUT046,1997,Small,Tier 1,Supermarket Type1,2966.139,102.957
FDF59,12.5,Low Fat,0.071354774,Starchy Foods,125.702,OUT049,1999,Medium,Tier 1,Supermarket Type1,2530.04,120.702
FDD11,12.85,LF,0,Starchy Foods,254.704,OUT035,2004,Small,Tier 2,Supermarket Type1,2530.04,249.704
FDY40,15.5,Regular,0.086320509,Frozen Foods,48.1692,OUT017,2007,,Tier 2,Supermarket Type1,985.384,43.1692
FDA13,,Low Fat,0.137539574,Canned,38.8506,OUT019,1985,Small,Tier 1,Grocery Store,37.9506,33.8506
NCX42,,Low Fat,0.010467749,Household,162.9526,OUT019,1985,Small,Tier 1,Grocery Store,822.263,157.9526
FDJ46,11.1,Low Fat,0.044814962,Snack Foods,174.4054,OUT035,2004,Small,Tier 2,Supermarket Type1,4027.4242,169.4054
FDH05,14.35,Regular,0.090913642,Frozen Foods,231.2984,OUT046,1997,Small,Tier 1,Supermarket Type1,3243.7776,226.2984
NCP50,17.35,Low Fat,0.020559846,Others,78.7618,OUT046,1997,Small,Tier 1,Supermarket Type1,1288.9888,73.7618
FDF28,,Regular,0.037681359,Frozen Foods,125.1046,OUT027,1985,Medium,Tier 3,Supermarket Type3,3859.6426,120.1046
FDN60,15.1,Low Fat,0.095545715,Baking Goods,157.3604,OUT018,2009,Medium,Tier 3,Supermarket Type2,4436.8912,152.3604
FDD29,12.15,Low Fat,0.018395194,Frozen Foods,251.6698,OUT013,1987,High,Tier 3,Supermarket Type1,6088.0752,246.6698
FDG58,10.695,Regular,0.087272074,Snack Foods,153.7972,OUT017,2007,,Tier 2,Supermarket Type1,2025.3636,148.7972
FDV15,,Low Fat,0.145464606,Meat,105.7648,OUT027,1985,Medium,Tier 3,Supermarket Type3,2596.62,100.7648
FDV04,7.825,Regular,0.149890395,Frozen Foods,159.0288,OUT013,1987,High,Tier 3,Supermarket Type1,1257.0304,154.0288
DRJ23,18.35,Low Fat,0.041634206,Hard Drinks,188.1872,OUT013,1987,High,Tier 3,Supermarket Type1,3781.744,183.1872
FDA11,,low fat,0.043029436,Baking Goods,94.7436,OUT027,1985,Medium,Tier 3,Supermarket Type3,1701.7848,89.7436
FDX16,17.85,Low Fat,0.06594351,Frozen Foods,149.105,OUT045,2002,,Tier 2,Supermarket Type1,4643.955,144.105
NCA41,16.75,Low Fat,0.032637373,Health and Hygiene,191.6162,OUT049,1999,Medium,Tier 1,Supermarket Type1,3463.4916,186.6162
FDP36,10.395,Regular,0.091096531,Baking Goods,52.3008,OUT013,1987,High,Tier 3,Supermarket Type1,2226.4352,47.3008
FDK16,9.065,Low Fat,0.115307979,Frozen Foods,97.0094,OUT035,2004,Small,Tier 2,Supermarket Type1,856.8846,92.0094
FDD34,7.945,Low Fat,0.015873285,Snack Foods,161.321,OUT035,2004,Small,Tier 2,Supermarket Type1,2773.057,156.321
FDI56,7.325,Low Fat,0.156307983,Fruits and Vegetables,92.2146,OUT010,1998,,Tier 3,Grocery Store,91.2146,87.2146
NCO18,13.15,Low Fat,0.024790707,Household,177.5686,OUT017,2007,,Tier 2,Supermarket Type1,3910.9092,172.5686
FDB46,10.5,Regular,0.093746136,Snack Foods,211.9244,OUT035,2004,Small,Tier 2,Supermarket Type1,4869.6612,206.9244
FDN38,6.615,Regular,0.092158377,Canned,251.1408,OUT045,2002,,Tier 2,Supermarket Type1,3254.4304,246.1408
FDW47,15,Low Fat,0.046469277,Breads,123.8414,OUT045,2002,,Tier 2,Supermarket Type1,1340.2554,118.8414
FDQ08,,Regular,0.033144603,Fruits and Vegetables,62.7536,OUT019,1985,Small,Tier 1,Grocery Store,61.2536,57.7536
FDR44,6.11,Regular,0.102901425,Fruits and Vegetables,128.4968,OUT035,2004,Small,Tier 2,Supermarket Type1,1435.4648,123.4968
DRH23,14.65,Low Fat,0.170663661,Hard Drinks,56.4614,OUT045,2002,,Tier 2,Supermarket Type1,1436.7964,51.4614
FDX01,10.1,Low Fat,0.024213342,Canned,116.715,OUT045,2002,,Tier 2,Supermarket Type1,1281.665,111.715
FDB05,,Low Fat,0.08279545,Frozen Foods,245.8776,OUT027,1985,Medium,Tier 3,Supermarket Type3,4705.8744,240.8776
FDR08,18.7,Low Fat,0.037622954,Fruits and Vegetables,110.7886,OUT046,1997,Small,Tier 1,Supermarket Type1,1334.2632,105.7886
FDZ36,6.035,Regular,0.066155883,Baking Goods,184.424,OUT017,2007,,Tier 2,Supermarket Type1,4660.6,179.424
FDI05,8.35,Regular,0.126869718,Frozen Foods,74.4354,OUT046,1997,Small,Tier 1,Supermarket Type1,1128.531,69.4354
FDF24,15.5,Regular,0.025409912,Baking Goods,83.2934,OUT049,1999,Medium,Tier 1,Supermarket Type1,1883.5482,78.2934
FDZ48,17.75,Low Fat,0.076389281,Baking Goods,111.1544,OUT017,2007,,Tier 2,Supermarket Type1,1118.544,106.1544
DRL37,,Low Fat,0.053113721,Soft Drinks,44.377,OUT027,1985,Medium,Tier 3,Supermarket Type3,1211.756,39.377
FDM10,18.25,Low Fat,0.07595723,Snack Foods,214.1218,OUT035,2004,Small,Tier 2,Supermarket Type1,1282.3308,209.1218
FDP11,,Low Fat,0.120986139,Breads,216.1166,OUT019,1985,Small,Tier 1,Grocery Store,435.4332,211.1166
FDQ04,6.4,Low Fat,0.084885375,Frozen Foods,39.2796,OUT049,1999,Medium,Tier 1,Supermarket Type1,701.7532,34.2796
FDR49,8.71,Low Fat,0.139795569,Canned,47.2376,OUT018,2009,Medium,Tier 3,Supermarket Type2,910.8144,42.2376
FDD35,,Low Fat,0.02573918,Starchy Foods,120.744,OUT027,1985,Medium,Tier 3,Supermarket Type3,3954.852,115.744
FDH41,,LF,0.143591586,Frozen Foods,213.5534,OUT019,1985,Small,Tier 1,Grocery Store,430.1068,208.5534
FDO34,17.7,Low Fat,0.029999653,Snack Foods,169.7816,OUT045,2002,,Tier 2,Supermarket Type1,2013.3792,164.7816
FDL45,15.6,Low Fat,0.037901015,Snack Foods,124.1704,OUT017,2007,,Tier 2,Supermarket Type1,1877.556,119.1704
NCC19,6.57,Low Fat,0.096799953,Household,192.382,OUT013,1987,High,Tier 3,Supermarket Type1,4247.804,187.382
FDY10,,Low Fat,0.048830264,Snack Foods,113.1176,OUT027,1985,Medium,Tier 3,Supermarket Type3,2404.8696,108.1176
NCV29,11.8,Low Fat,0.022879017,Health and Hygiene,176.0686,OUT049,1999,Medium,Tier 1,Supermarket Type1,533.3058,171.0686
FDC22,6.89,Regular,0.136314863,Snack Foods,195.082,OUT013,1987,High,Tier 3,Supermarket Type1,2703.148,190.082
NCP42,8.51,Low Fat,0.016143389,Household,194.2478,OUT045,2002,,Tier 2,Supermarket Type1,2324.9736,189.2478
NCX17,21.25,Low Fat,0.114246019,Health and Hygiene,231.23,OUT017,2007,,Tier 2,Supermarket Type1,3029.39,226.23
NCO26,7.235,Low Fat,0.076975118,Household,116.6492,OUT049,1999,Medium,Tier 1,Supermarket Type1,2664.5316,111.6492
FDU45,,Regular,0.06216667,Snack Foods,112.3518,OUT019,1985,Small,Tier 1,Grocery Store,683.1108,107.3518
FDR34,17,Regular,0.01599013,Snack Foods,228.8352,OUT049,1999,Medium,Tier 1,Supermarket Type1,4351.6688,223.8352
FDV35,19.5,Low Fat,0.128728258,Breads,155.3314,OUT018,2009,Medium,Tier 3,Supermarket Type2,3412.8908,150.3314
FDS55,,Low Fat,0.080771137,Fruits and Vegetables,146.4734,OUT027,1985,Medium,Tier 3,Supermarket Type3,4157.2552,141.4734
FDS28,8.18,Regular,0.082568705,Frozen Foods,56.1588,OUT045,2002,,Tier 2,Supermarket Type1,458.0704,51.1588
FDK15,10.8,Low Fat,0.098395216,Meat,100.8042,OUT035,2004,Small,Tier 2,Supermarket Type1,1488.063,95.8042
NCP17,19.35,Low Fat,0.027714371,Health and Hygiene,65.6168,OUT046,1997,Small,Tier 1,Supermarket Type1,830.9184,60.6168
NCE42,21.1,low fat,0,Household,233.2958,OUT018,2009,Medium,Tier 3,Supermarket Type2,2103.2622,228.2958
FDA14,16.1,Low Fat,0.06528457,Dairy,145.076,OUT049,1999,Medium,Tier 1,Supermarket Type1,1904.188,140.076
FDF57,,Regular,0.102999154,Fruits and Vegetables,169.9448,OUT019,1985,Small,Tier 1,Grocery Store,170.4448,164.9448
NCV54,,Low Fat,0.057969482,Household,119.3124,OUT019,1985,Small,Tier 1,Grocery Store,474.0496,114.3124
FDR10,17.6,Low Fat,0.016804724,Snack Foods,163.4552,OUT010,1998,,Tier 3,Grocery Store,649.8208,158.4552
FDT58,9,Low Fat,0.086440911,Snack Foods,167.0816,OUT017,2007,,Tier 2,Supermarket Type1,1342.2528,162.0816
FDC34,,Regular,0.302478871,Snack Foods,155.4972,OUT019,1985,Small,Tier 1,Grocery Store,311.5944,150.4972
FDU44,12.15,Regular,0.058663727,Fruits and Vegetables,164.1552,OUT018,2009,Medium,Tier 3,Supermarket Type2,3249.104,159.1552
FDY08,9.395,Regular,0.286344848,Fruits and Vegetables,139.1838,OUT010,1998,,Tier 3,Grocery Store,280.9676,134.1838
FDK20,,Regular,0.072762086,Fruits and Vegetables,120.9072,OUT019,1985,Small,Tier 1,Grocery Store,122.5072,115.9072
FDV50,14.3,Low Fat,0.123264522,Dairy,123.273,OUT017,2007,,Tier 2,Supermarket Type1,1108.557,118.273
FDO25,6.3,Low Fat,0.127647181,Canned,207.927,OUT049,1999,Medium,Tier 1,Supermarket Type1,2097.27,202.927
FDR14,,Low Fat,0.173206192,Dairy,53.3298,OUT027,1985,Medium,Tier 3,Supermarket Type3,1078.596,48.3298
FDP27,8.155,Low Fat,0.119937231,Meat,189.153,OUT018,2009,Medium,Tier 3,Supermarket Type2,2087.283,184.153
FDB27,7.575,Low Fat,0.055379648,Dairy,198.1768,OUT035,2004,Small,Tier 2,Supermarket Type1,5321.0736,193.1768
FDW26,11.8,Regular,0.107223632,Dairy,223.5772,OUT049,1999,Medium,Tier 1,Supermarket Type1,2668.5264,218.5772
NCQ50,18.75,Low Fat,0,Household,213.3218,OUT035,2004,Small,Tier 2,Supermarket Type1,3419.5488,208.3218
NCL55,12.15,Low Fat,0.06464846,Others,253.404,OUT035,2004,Small,Tier 2,Supermarket Type1,4807.076,248.404
FDG28,9.285,Regular,0.049280292,Frozen Foods,245.6144,OUT046,1997,Small,Tier 1,Supermarket Type1,3920.2304,240.6144
FDO31,,Regular,0.028842332,Fruits and Vegetables,81.496,OUT027,1985,Medium,Tier 3,Supermarket Type3,1997.4,76.496
FDP27,,Low Fat,0.118872194,Meat,188.353,OUT027,1985,Medium,Tier 3,Supermarket Type3,5313.084,183.353
FDR01,5.405,Regular,0.053924587,Canned,198.2742,OUT017,2007,,Tier 2,Supermarket Type1,4379.6324,193.2742
FDI08,18.2,Regular,0.066297055,Fruits and Vegetables,247.1092,OUT046,1997,Small,Tier 1,Supermarket Type1,2241.0828,242.1092
DRE03,19.6,Low Fat,0.024264569,Dairy,46.5718,OUT049,1999,Medium,Tier 1,Supermarket Type1,1607.2412,41.5718
FDV26,20.25,Regular,0.076470697,Dairy,196.1794,OUT018,2009,Medium,Tier 3,Supermarket Type2,2731.1116,191.1794
DRM49,6.11,Regular,0.151827552,Soft Drinks,43.0086,OUT013,1987,High,Tier 3,Supermarket Type1,490.6946,38.0086
FDI15,13.8,Low Fat,0.141325834,Dairy,265.0884,OUT035,2004,Small,Tier 2,Supermarket Type1,8479.6288,260.0884
FDM15,11.8,Regular,0.057538034,Meat,149.8366,OUT045,2002,,Tier 2,Supermarket Type1,1662.5026,144.8366
FDH47,13.5,Regular,0.128791854,Starchy Foods,95.4068,OUT035,2004,Small,Tier 2,Supermarket Type1,1944.136,90.4068
NCT54,8.695,Low Fat,0.119436131,Household,94.7094,OUT013,1987,High,Tier 3,Supermarket Type1,1047.3034,89.7094
DRN11,7.85,Low Fat,0.163310805,Hard Drinks,143.5444,OUT045,2002,,Tier 2,Supermarket Type1,3628.61,138.5444
FDU10,10.1,Regular,0.045878153,Snack Foods,38.5848,OUT018,2009,Medium,Tier 3,Supermarket Type2,484.7024,33.5848
FDU50,5.75,Regular,0.075322658,Dairy,116.3176,OUT045,2002,,Tier 2,Supermarket Type1,2519.3872,111.3176
FDS26,20.35,Low Fat,0.149753132,Dairy,259.7594,OUT010,1998,,Tier 3,Grocery Store,784.9782,254.7594
FDC14,14.5,Regular,0,Canned,41.0454,OUT018,2009,Medium,Tier 3,Supermarket Type2,545.2902,36.0454
FDB17,,Low Fat,0.036494521,Frozen Foods,179.0976,OUT027,1985,Medium,Tier 3,Supermarket Type3,5976.2208,174.0976
DRD25,6.135,Low Fat,0.132183029,Soft Drinks,115.086,OUT010,1998,,Tier 3,Grocery Store,452.744,110.086
DRI39,,Low Fat,0.096592065,Dairy,54.893,OUT027,1985,Medium,Tier 3,Supermarket Type3,3112.615,49.893
NCQ06,13,Low Fat,0.04188955,Household,255.9014,OUT049,1999,Medium,Tier 1,Supermarket Type1,3315.0182,250.9014
FDX11,16,Regular,0.106663245,Baking Goods,179.7634,OUT013,1987,High,Tier 3,Supermarket Type1,4180.5582,174.7634
NCT29,,Low Fat,0.112249603,Health and Hygiene,123.3414,OUT019,1985,Small,Tier 1,Grocery Store,243.6828,118.3414
FDS07,12.35,Low Fat,0.100322104,Fruits and Vegetables,113.7518,OUT017,2007,,Tier 2,Supermarket Type1,2049.3324,108.7518
NCQ05,11.395,LF,0.021602001,Health and Hygiene,149.1708,OUT035,2004,Small,Tier 2,Supermarket Type1,2708.4744,144.1708
FDC35,7.435,Low Fat,0.123338082,Starchy Foods,206.1638,OUT018,2009,Medium,Tier 3,Supermarket Type2,1656.5104,201.1638
FDU47,12.8,Regular,0.114085368,Breads,141.3838,OUT045,2002,,Tier 2,Supermarket Type1,2388.2246,136.3838
FDE22,9.695,Low Fat,0.049498821,Snack Foods,158.792,OUT010,1998,,Tier 3,Grocery Store,319.584,153.792
FDA03,18.5,Regular,0.045425939,Dairy,144.9102,OUT013,1987,High,Tier 3,Supermarket Type1,1895.5326,139.9102
FDY26,20.6,Regular,0.051068365,Dairy,213.0244,OUT010,1998,,Tier 3,Grocery Store,423.4488,208.0244
FDZ26,11.6,Regular,0.144241314,Dairy,239.4222,OUT049,1999,Medium,Tier 1,Supermarket Type1,3346.3108,234.4222
FDQ24,15.7,Low Fat,0.073605395,Baking Goods,249.6724,OUT013,1987,High,Tier 3,Supermarket Type1,6543.4824,244.6724
FDT14,10.695,Regular,0.12770295,Dairy,120.444,OUT035,2004,Small,Tier 2,Supermarket Type1,2516.724,115.444
FDX04,19.6,Regular,0.041655865,Frozen Foods,48.5376,OUT045,2002,,Tier 2,Supermarket Type1,335.5632,43.5376
FDC48,9.195,Low Fat,0.015859294,Baking Goods,84.5592,OUT046,1997,Small,Tier 1,Supermarket Type1,2559.3352,79.5592
FDC56,7.72,Low Fat,0.121497742,Fruits and Vegetables,119.744,OUT035,2004,Small,Tier 2,Supermarket Type1,3355.632,114.744
FDU19,8.77,Regular,0.046844194,Fruits and Vegetables,174.2422,OUT049,1999,Medium,Tier 1,Supermarket Type1,1379.5376,169.2422
FDT55,13.6,Regular,0,Fruits and Vegetables,156.4946,OUT049,1999,Medium,Tier 1,Supermarket Type1,2998.0974,151.4946
FDA45,21.25,Low Fat,0.155250377,Snack Foods,175.737,OUT013,1987,High,Tier 3,Supermarket Type1,2117.244,170.737
FDR51,9.035,Regular,0.174450933,Meat,151.0708,OUT017,2007,,Tier 2,Supermarket Type1,2708.4744,146.0708
FDF56,16.7,reg,0.199955274,Fruits and Vegetables,182.3976,OUT010,1998,,Tier 3,Grocery Store,724.3904,177.3976
FDK45,11.65,Low Fat,0.033830011,Seafood,111.686,OUT013,1987,High,Tier 3,Supermarket Type1,1584.604,106.686
DRN37,9.6,Low Fat,0.096217262,Soft Drinks,168.5158,OUT013,1987,High,Tier 3,Supermarket Type1,3342.316,163.5158
NCN26,10.85,LF,0.028674471,Household,115.1808,OUT035,2004,Small,Tier 2,Supermarket Type1,3866.9664,110.1808
FDA19,7.52,Low Fat,0.055213208,Fruits and Vegetables,129.5994,OUT049,1999,Medium,Tier 1,Supermarket Type1,642.497,124.5994
NCR06,12.5,Low Fat,0.00676387,Household,40.8112,OUT035,2004,Small,Tier 2,Supermarket Type1,553.9456,35.8112
FDJ48,11.3,Low Fat,0.094460314,Baking Goods,245.3118,OUT010,1998,,Tier 3,Grocery Store,247.0118,240.3118
NCA05,20.75,Low Fat,0.025130632,Health and Hygiene,150.0734,OUT046,1997,Small,Tier 1,Supermarket Type1,2524.0478,145.0734
FDP04,15.35,Low Fat,0.013812772,Frozen Foods,64.7168,OUT046,1997,Small,Tier 1,Supermarket Type1,1022.6688,59.7168
FDA47,10.5,Regular,0.116673795,Baking Goods,161.721,OUT046,1997,Small,Tier 1,Supermarket Type1,3588.662,156.721
FDI09,20.75,Regular,0,Seafood,239.988,OUT045,2002,,Tier 2,Supermarket Type1,2636.568,234.988
FDU24,,Regular,0.245407386,Baking Goods,92.812,OUT019,1985,Small,Tier 1,Grocery Store,93.212,87.812
FDI36,12.5,Regular,0.062597392,Baking Goods,196.9426,OUT018,2009,Medium,Tier 3,Supermarket Type2,5339.0502,191.9426
FDC11,20.5,Low Fat,0.141674844,Starchy Foods,90.7172,OUT013,1987,High,Tier 3,Supermarket Type1,1605.9096,85.7172
FDY38,13.6,Regular,0.119361718,Dairy,231.63,OUT049,1999,Medium,Tier 1,Supermarket Type1,2563.33,226.63
FDF56,,Regular,0.118883724,Fruits and Vegetables,180.3976,OUT027,1985,Medium,Tier 3,Supermarket Type3,7425.0016,175.3976
FDB44,,Low Fat,0.016876708,Fruits and Vegetables,210.0586,OUT027,1985,Medium,Tier 3,Supermarket Type3,6964.9338,205.0586
FDI15,13.8,Low Fat,0.141352562,Dairy,264.1884,OUT046,1997,Small,Tier 1,Supermarket Type1,3179.8608,259.1884
FDY59,8.195,Low Fat,0.031397503,Baking Goods,91.3462,OUT035,2004,Small,Tier 2,Supermarket Type1,1388.193,86.3462
FDX34,6.195,Low Fat,0.072278769,Snack Foods,120.6098,OUT018,2009,Medium,Tier 3,Supermarket Type2,1807.647,115.6098
FDC52,,Regular,0.014497036,Dairy,150.8708,OUT019,1985,Small,Tier 1,Grocery Store,150.4708,145.8708
NCW29,14,Low Fat,0.028838938,Health and Hygiene,129.331,OUT013,1987,High,Tier 3,Supermarket Type1,259.662,124.331
FDS40,,Low Fat,0.013951504,Frozen Foods,36.719,OUT027,1985,Medium,Tier 3,Supermarket Type3,622.523,31.719
FDI40,11.5,Regular,0.126114605,Frozen Foods,99.3358,OUT018,2009,Medium,Tier 3,Supermarket Type2,804.2864,94.3358
FDN48,13.35,Low Fat,0.064938448,Baking Goods,90.0804,OUT035,2004,Small,Tier 2,Supermarket Type1,1561.9668,85.0804
FDN46,7.21,Regular,0.144511119,Snack Foods,100.5332,OUT013,1987,High,Tier 3,Supermarket Type1,2460.7968,95.5332
FDB41,19,Regular,0.097294728,Frozen Foods,47.7718,OUT035,2004,Small,Tier 2,Supermarket Type1,1039.9796,42.7718
FDT55,13.6,Regular,0.043646901,Fruits and Vegetables,155.7946,OUT035,2004,Small,Tier 2,Supermarket Type1,3471.4812,150.7946
FDI22,,Low Fat,0.095746519,Snack Foods,208.6612,OUT027,1985,Medium,Tier 3,Supermarket Type3,7317.142,203.6612
FDY16,18.35,Regular,0.092413792,Frozen Foods,183.6266,OUT045,2002,,Tier 2,Supermarket Type1,1844.266,178.6266
FDN33,6.305,Regular,0.123307177,Snack Foods,93.5436,OUT049,1999,Medium,Tier 1,Supermarket Type1,283.6308,88.5436
FDT57,15.2,Low Fat,0.019031184,Snack Foods,235.5248,OUT035,2004,Small,Tier 2,Supermarket Type1,4740.496,230.5248
FDZ31,,Regular,0.112668963,Fruits and Vegetables,191.0504,OUT027,1985,Medium,Tier 3,Supermarket Type3,5752.512,186.0504
DRM48,15.2,Low Fat,0.113072194,Soft Drinks,35.8848,OUT049,1999,Medium,Tier 1,Supermarket Type1,596.5568,30.8848
NCL19,15.35,Low Fat,0.015708023,Others,143.447,OUT045,2002,,Tier 2,Supermarket Type1,2576.646,138.447
FDG50,7.405,Low Fat,0.015259084,Canned,91.0146,OUT013,1987,High,Tier 3,Supermarket Type1,729.7168,86.0146
DRH25,18.7,Low Fat,0.014622625,Soft Drinks,52.0324,OUT045,2002,,Tier 2,Supermarket Type1,1090.5804,47.0324
FDB37,,Regular,0.022829734,Baking Goods,241.0538,OUT027,1985,Medium,Tier 3,Supermarket Type3,4566.7222,236.0538
FDW59,13.15,Low Fat,0.020833091,Breads,86.5566,OUT017,2007,,Tier 2,Supermarket Type1,1860.2452,81.5566
NCR30,20.6,Low Fat,0.071103348,Household,75.4696,OUT049,1999,Medium,Tier 1,Supermarket Type1,1416.8224,70.4696
FDY22,16.5,Regular,0.159720671,Snack Foods,144.5128,OUT046,1997,Small,Tier 1,Supermarket Type1,3595.32,139.5128
FDB45,,Low Fat,0.037345714,Fruits and Vegetables,106.5306,OUT019,1985,Small,Tier 1,Grocery Store,104.5306,101.5306
FDC08,,Regular,0.102949031,Fruits and Vegetables,225.272,OUT027,1985,Medium,Tier 3,Supermarket Type3,4753.812,220.272
NCK53,11.6,Low Fat,0.062903297,Health and Hygiene,100.4042,OUT010,1998,,Tier 3,Grocery Store,595.2252,95.4042
FDM27,12.35,Regular,0.158715731,Meat,157.2946,OUT049,1999,Medium,Tier 1,Supermarket Type1,1577.946,152.2946
FDG17,6.865,Regular,0.03598621,Frozen Foods,244.1486,OUT018,2009,Medium,Tier 3,Supermarket Type2,2687.8346,239.1486
NCT17,10.8,Low Fat,0.042102658,Health and Hygiene,189.7214,OUT017,2007,,Tier 2,Supermarket Type1,1695.7926,184.7214
FDZ14,7.71,Regular,0.047857877,Dairy,119.7756,OUT017,2007,,Tier 2,Supermarket Type1,3029.39,114.7756
FDJ28,12.3,Low Fat,0.036590807,Frozen Foods,193.3162,OUT010,1998,,Tier 3,Grocery Store,192.4162,188.3162
FDV21,11.5,LF,0.171779865,Snack Foods,126.0704,OUT018,2009,Medium,Tier 3,Supermarket Type2,1627.2152,121.0704
DRD24,13.85,Low Fat,0.051544658,Soft Drinks,142.5154,OUT010,1998,,Tier 3,Grocery Store,141.8154,137.5154
DRF25,9,Low Fat,0.03898577,Soft Drinks,34.619,OUT049,1999,Medium,Tier 1,Supermarket Type1,732.38,29.619
FDN22,18.85,Regular,0.138868769,Snack Foods,251.8724,OUT018,2009,Medium,Tier 3,Supermarket Type2,3271.7412,246.8724
FDV04,7.825,Regular,0.251094747,Frozen Foods,156.6288,OUT010,1998,,Tier 3,Grocery Store,628.5152,151.6288
FDL34,16,Low Fat,0.041112694,Snack Foods,139.9496,OUT018,2009,Medium,Tier 3,Supermarket Type2,3105.2912,134.9496
FDX58,13.15,Low Fat,0.043755405,Snack Foods,182.895,OUT035,2004,Small,Tier 2,Supermarket Type1,3112.615,177.895
FDG12,6.635,Regular,0.006351876,Baking Goods,120.3098,OUT018,2009,Medium,Tier 3,Supermarket Type2,1446.1176,115.3098
NCL53,7.5,Low Fat,0.036308404,Health and Hygiene,175.4028,OUT045,2002,,Tier 2,Supermarket Type1,2833.6448,170.4028
FDV47,17.1,Low Fat,0.054428368,Breads,84.9566,OUT018,2009,Medium,Tier 3,Supermarket Type2,1014.6792,79.9566
FDA43,,Low Fat,0.064362554,Fruits and Vegetables,193.7794,OUT027,1985,Medium,Tier 3,Supermarket Type3,4876.985,188.7794
NCM17,7.93,Low Fat,0.071538243,Health and Hygiene,44.5086,OUT017,2007,,Tier 2,Supermarket Type1,1249.0408,39.5086
NCQ02,12.6,Low Fat,0.007468056,Household,186.9556,OUT049,1999,Medium,Tier 1,Supermarket Type1,3379.6008,181.9556
FDN12,15.6,Low Fat,0.081562686,Baking Goods,112.7544,OUT017,2007,,Tier 2,Supermarket Type1,1118.544,107.7544
NCX06,,LF,0.02746599,Household,181.5976,OUT019,1985,Small,Tier 1,Grocery Store,543.2928,176.5976
FDE24,14.85,Low Fat,0.093652168,Baking Goods,141.5812,OUT045,2002,,Tier 2,Supermarket Type1,427.4436,136.5812
FDQ58,7.315,Low Fat,0.015364173,Snack Foods,154.334,OUT018,2009,Medium,Tier 3,Supermarket Type2,4287.752,149.334
FDH31,12,Regular,0.020442889,Meat,98.0042,OUT049,1999,Medium,Tier 1,Supermarket Type1,1587.2672,93.0042
NCH55,16.35,Low Fat,0.034813556,Household,128.402,OUT018,2009,Medium,Tier 3,Supermarket Type2,1265.02,123.402
NCC54,17.75,Low Fat,0.097862839,Health and Hygiene,239.3196,OUT049,1999,Medium,Tier 1,Supermarket Type1,3615.294,234.3196
NCT06,,Low Fat,0.067824456,Household,167.7842,OUT019,1985,Small,Tier 1,Grocery Store,165.7842,162.7842
FDH56,,Regular,0.11173569,Fruits and Vegetables,115.9492,OUT019,1985,Small,Tier 1,Grocery Store,115.8492,110.9492
FDY46,18.6,Low Fat,0.048160824,Snack Foods,188.9898,OUT017,2007,,Tier 2,Supermarket Type1,3554.7062,183.9898
NCM19,12.65,Low Fat,0.047197936,Others,114.1202,OUT013,1987,High,Tier 3,Supermarket Type1,3488.1262,109.1202
FDB04,,Regular,0.06292013,Dairy,88.9856,OUT027,1985,Medium,Tier 3,Supermarket Type3,3515.424,83.9856
FDB09,16.25,Low Fat,0.057385239,Fruits and Vegetables,126.2046,OUT035,2004,Small,Tier 2,Supermarket Type1,1369.5506,121.2046
FDK51,,Low Fat,0.005209791,Dairy,265.2884,OUT027,1985,Medium,Tier 3,Supermarket Type3,3179.8608,260.2884
FDB33,,Low Fat,0.025527994,Fruits and Vegetables,157.5262,OUT019,1985,Small,Tier 1,Grocery Store,477.3786,152.5262
FDU51,20.2,Regular,0.096495426,Meat,175.6028,OUT035,2004,Small,Tier 2,Supermarket Type1,3364.9532,170.6028
NCE30,,Low Fat,0.173574402,Household,214.0902,OUT019,1985,Small,Tier 1,Grocery Store,1061.951,209.0902
DRI13,15.35,Low Fat,0.020409765,Soft Drinks,218.3508,OUT018,2009,Medium,Tier 3,Supermarket Type2,2387.5588,213.3508
FDV32,7.785,LF,0.088888291,Fruits and Vegetables,64.751,OUT045,2002,,Tier 2,Supermarket Type1,1201.769,59.751
DRH51,17.6,Low Fat,0.097367722,Dairy,89.3856,OUT049,1999,Medium,Tier 1,Supermarket Type1,878.856,84.3856
NCW18,15.1,Low Fat,0.059275452,Household,238.9248,OUT013,1987,High,Tier 3,Supermarket Type1,6636.6944,233.9248
FDI12,9.395,Regular,0.100555034,Baking Goods,88.8856,OUT049,1999,Medium,Tier 1,Supermarket Type1,439.428,83.8856
FDQ14,9.27,LF,0.061775607,Dairy,150.105,OUT035,2004,Small,Tier 2,Supermarket Type1,2696.49,145.105
FDQ55,,Regular,0.012974937,Fruits and Vegetables,115.9834,OUT027,1985,Medium,Tier 3,Supermarket Type3,2994.7684,110.9834
FDG26,18.85,Low Fat,0.042614361,Canned,255.333,OUT013,1987,High,Tier 3,Supermarket Type1,1794.331,250.333
NCW29,,Low Fat,0.050535312,Health and Hygiene,130.031,OUT019,1985,Small,Tier 1,Grocery Store,129.831,125.031
FDK27,11,Low Fat,0.008944844,Meat,122.3756,OUT035,2004,Small,Tier 2,Supermarket Type1,2059.9852,117.3756
DRL49,13.15,Low Fat,0.056418354,Soft Drinks,142.4812,OUT035,2004,Small,Tier 2,Supermarket Type1,2422.1804,137.4812
FDK26,5.46,Regular,0.032227432,Canned,186.824,OUT049,1999,Medium,Tier 1,Supermarket Type1,1864.24,181.824
FDT14,,Regular,0.127108578,Dairy,120.744,OUT027,1985,Medium,Tier 3,Supermarket Type3,2756.412,115.744
FDW19,12.35,Regular,0.064441812,Fruits and Vegetables,110.957,OUT010,1998,,Tier 3,Grocery Store,219.714,105.957
FDF22,6.865,Low Fat,0.057152139,Snack Foods,211.8218,OUT017,2007,,Tier 2,Supermarket Type1,4915.6014,206.8218
NCQ43,17.75,Low Fat,0.11147467,Others,108.0912,OUT049,1999,Medium,Tier 1,Supermarket Type1,1637.868,103.0912
NCA42,,Low Fat,0.028410335,Household,158.0604,OUT027,1985,Medium,Tier 3,Supermarket Type3,4595.3516,153.0604
FDG08,,Regular,0.289522833,Fruits and Vegetables,172.0764,OUT019,1985,Small,Tier 1,Grocery Store,171.7764,167.0764
NCP17,19.35,Low Fat,0,Health and Hygiene,65.3168,OUT010,1998,,Tier 3,Grocery Store,191.7504,60.3168
FDS19,13.8,Regular,0.064207277,Fruits and Vegetables,76.0012,OUT046,1997,Small,Tier 1,Supermarket Type1,1214.4192,71.0012
DRQ35,9.3,Low Fat,0.042463728,Hard Drinks,121.9388,OUT018,2009,Medium,Tier 3,Supermarket Type2,1114.5492,116.9388
FDR25,17,Regular,0.139521931,Canned,266.8884,OUT046,1997,Small,Tier 1,Supermarket Type1,5034.7796,261.8884
NCB43,20.2,Low Fat,0,Household,187.1898,OUT013,1987,High,Tier 3,Supermarket Type1,2993.4368,182.1898
FDQ28,14,Regular,0.060768862,Frozen Foods,154.8656,OUT017,2007,,Tier 2,Supermarket Type1,1390.1904,149.8656
FDK24,9.195,Low Fat,0.101294945,Baking Goods,46.2744,OUT046,1997,Small,Tier 1,Supermarket Type1,1086.5856,41.2744
NCN06,8.39,Low Fat,0.120474481,Household,165.5868,OUT035,2004,Small,Tier 2,Supermarket Type1,1965.4416,160.5868
FDS08,5.735,Low Fat,0.05695045,Fruits and Vegetables,177.937,OUT035,2004,Small,Tier 2,Supermarket Type1,1587.933,172.937
FDP27,8.155,LF,0.119351235,Meat,190.153,OUT013,1987,High,Tier 3,Supermarket Type1,4933.578,185.153
FDE11,17.7,Regular,0.226122963,Starchy Foods,185.7924,OUT010,1998,,Tier 3,Grocery Store,370.1848,180.7924
NCX30,16.7,Low Fat,0.026620627,Household,249.2776,OUT046,1997,Small,Tier 1,Supermarket Type1,4210.5192,244.2776
DRI51,17.25,Low Fat,0.042480566,Dairy,173.4764,OUT017,2007,,Tier 2,Supermarket Type1,2404.8696,168.4764
FDH31,,Regular,0,Meat,98.2042,OUT019,1985,Small,Tier 1,Grocery Store,198.4084,93.2042
FDR19,13.5,Regular,0.159720671,Fruits and Vegetables,147.6102,OUT046,1997,Small,Tier 1,Supermarket Type1,4082.6856,142.6102
FDJ04,18,Low Fat,0.124348482,Frozen Foods,118.3124,OUT013,1987,High,Tier 3,Supermarket Type1,948.0992,113.3124
FDP01,20.75,Regular,0.063684145,Breakfast,151.7682,OUT017,2007,,Tier 2,Supermarket Type1,1372.2138,146.7682
FDY35,17.6,Regular,0.016092971,Breads,45.8402,OUT018,2009,Medium,Tier 3,Supermarket Type2,1102.5648,40.8402
DRC36,13,Regular,0,Soft Drinks,173.6054,OUT013,1987,High,Tier 3,Supermarket Type1,1751.054,168.6054
FDZ55,6.055,Low Fat,0.025552424,Fruits and Vegetables,158.492,OUT017,2007,,Tier 2,Supermarket Type1,3994.8,153.492
FDD11,12.85,Low Fat,0.030591255,Starchy Foods,251.404,OUT013,1987,High,Tier 3,Supermarket Type1,2277.036,246.404
NCJ29,10.6,Low Fat,0.035336287,Health and Hygiene,87.0224,OUT018,2009,Medium,Tier 3,Supermarket Type2,1193.1136,82.0224
FDI52,18.7,Low Fat,0.104658344,Frozen Foods,121.2072,OUT035,2004,Small,Tier 2,Supermarket Type1,1470.0864,116.2072
NCF06,6.235,Low Fat,0.020198354,Household,257.9962,OUT046,1997,Small,Tier 1,Supermarket Type1,517.9924,252.9962
FDG16,15.25,Low Fat,0.089816808,Frozen Foods,217.3192,OUT046,1997,Small,Tier 1,Supermarket Type1,5608.6992,212.3192
FDX07,19.2,Regular,0.022954444,Fruits and Vegetables,184.495,OUT049,1999,Medium,Tier 1,Supermarket Type1,4028.09,179.495
FDR14,11.65,Low Fat,0.174049032,Dairy,52.9298,OUT046,1997,Small,Tier 1,Supermarket Type1,647.1576,47.9298
FDV36,18.7,Low Fat,0.044024163,Baking Goods,125.902,OUT010,1998,,Tier 3,Grocery Store,126.502,120.902
NCP14,8.275,Low Fat,0.110739031,Household,103.3306,OUT018,2009,Medium,Tier 3,Supermarket Type2,2404.2038,98.3306
FDJ12,8.895,Regular,0.039008625,Baking Goods,209.0296,OUT013,1987,High,Tier 3,Supermarket Type1,2285.0256,204.0296
FDL46,20.35,Low Fat,0.054277132,Snack Foods,117.3466,OUT018,2009,Medium,Tier 3,Supermarket Type2,824.9262,112.3466
FDL21,15.85,Regular,0.007160908,Snack Foods,39.348,OUT045,2002,,Tier 2,Supermarket Type1,719.064,34.348
NCA30,19,Low Fat,0.129226104,Household,190.5872,OUT013,1987,High,Tier 3,Supermarket Type1,1890.872,185.5872
NCN26,10.85,Low Fat,0,Household,119.0808,OUT013,1987,High,Tier 3,Supermarket Type1,2343.616,114.0808
FDJ10,5.095,Regular,0.129479176,Snack Foods,139.7838,OUT035,2004,Small,Tier 2,Supermarket Type1,1264.3542,134.7838
NCE18,10,Low Fat,0.021512619,Household,247.775,OUT018,2009,Medium,Tier 3,Supermarket Type2,3745.125,242.775
FDW21,5.34,Regular,0.005958918,Snack Foods,101.6358,OUT013,1987,High,Tier 3,Supermarket Type1,1709.1086,96.6358
FDA55,17.2,Regular,0.056941603,Fruits and Vegetables,222.5088,OUT013,1987,High,Tier 3,Supermarket Type1,5369.0112,217.5088
NCX30,,Low Fat,0.026491715,Household,247.2776,OUT027,1985,Medium,Tier 3,Supermarket Type3,6191.94,242.2776
FDA20,,Low Fat,0.066298469,Fruits and Vegetables,186.824,OUT027,1985,Medium,Tier 3,Supermarket Type3,6338.416,181.824
FDT20,10.5,Low Fat,0.041360997,Fruits and Vegetables,39.5164,OUT013,1987,High,Tier 3,Supermarket Type1,926.7936,34.5164
FDR11,10.5,Regular,0.142759833,Breads,159.3578,OUT049,1999,Medium,Tier 1,Supermarket Type1,3048.6982,154.3578
FDU26,16.7,Regular,0.042792568,Dairy,118.6782,OUT018,2009,Medium,Tier 3,Supermarket Type2,1549.3166,113.6782
NCY54,8.43,Low Fat,0.177694846,Household,171.1422,OUT046,1997,Small,Tier 1,Supermarket Type1,2586.633,166.1422
FDP26,7.785,Low Fat,0.139552827,Dairy,105.6306,OUT046,1997,Small,Tier 1,Supermarket Type1,418.1224,100.6306
FDK58,11.35,Regular,0.045052492,Snack Foods,102.6016,OUT049,1999,Medium,Tier 1,Supermarket Type1,3137.2496,97.6016
NCK53,11.6,Low Fat,0.037581243,Health and Hygiene,98.9042,OUT046,1997,Small,Tier 1,Supermarket Type1,1488.063,93.9042
FDY52,6.365,Low Fat,0.007342171,Frozen Foods,59.9536,OUT013,1987,High,Tier 3,Supermarket Type1,980.0576,54.9536
NCU30,5.11,Low Fat,0.034945416,Household,161.121,OUT045,2002,,Tier 2,Supermarket Type1,2609.936,156.121
NCA18,10.1,Low Fat,0.056030907,Household,115.1492,OUT013,1987,High,Tier 3,Supermarket Type1,1737.738,110.1492
FDX40,12.85,Low Fat,0.099553084,Frozen Foods,40.0164,OUT017,2007,,Tier 2,Supermarket Type1,1312.9576,35.0164
FDX13,7.725,Low Fat,0.047782959,Canned,249.1092,OUT046,1997,Small,Tier 1,Supermarket Type1,2490.092,244.1092
FDK36,,Low Fat,0.007180374,Baking Goods,47.4034,OUT027,1985,Medium,Tier 3,Supermarket Type3,631.8442,42.4034
NCP55,,low fat,0.019592289,Others,56.9614,OUT019,1985,Small,Tier 1,Grocery Store,221.0456,51.9614
FDO56,,Regular,0.078758649,Fruits and Vegetables,116.3808,OUT019,1985,Small,Tier 1,Grocery Store,234.3616,111.3808
NCT06,17.1,Low Fat,0,Household,167.0842,OUT018,2009,Medium,Tier 3,Supermarket Type2,1326.2736,162.0842
FDX45,,Low Fat,0.18358896,Snack Foods,154.663,OUT019,1985,Small,Tier 1,Grocery Store,312.926,149.663
NCJ06,20.1,Low Fat,0.034623782,Household,118.9782,OUT013,1987,High,Tier 3,Supermarket Type1,1549.3166,113.9782
NCA41,16.75,Low Fat,0.032586709,Health and Hygiene,191.9162,OUT046,1997,Small,Tier 1,Supermarket Type1,4040.7402,186.9162
NCB42,,Low Fat,0.008519718,Health and Hygiene,116.9492,OUT027,1985,Medium,Tier 3,Supermarket Type3,2780.3808,111.9492
FDE29,8.905,Low Fat,0.143010016,Frozen Foods,61.6878,OUT013,1987,High,Tier 3,Supermarket Type1,1029.9926,56.6878
FDU24,6.78,Regular,0,Baking Goods,94.012,OUT013,1987,High,Tier 3,Supermarket Type1,1211.756,89.012
FDM58,16.85,Regular,0.079624087,Snack Foods,111.6544,OUT013,1987,High,Tier 3,Supermarket Type1,2125.2336,106.6544
FDE44,14.65,Low Fat,0.17138805,Fruits and Vegetables,50.7692,OUT046,1997,Small,Tier 1,Supermarket Type1,1034.6532,45.7692
DRH39,20.7,Low Fat,0,Dairy,78.467,OUT046,1997,Small,Tier 1,Supermarket Type1,1607.907,73.467
FDU33,,Regular,0.235859408,Snack Foods,46.1402,OUT019,1985,Small,Tier 1,Grocery Store,45.9402,41.1402
FDW08,12.1,Low Fat,0.148612263,Fruits and Vegetables,104.528,OUT049,1999,Medium,Tier 1,Supermarket Type1,1384.864,99.528
NCT30,9.1,Low Fat,0.134393836,Household,48.0718,OUT010,1998,,Tier 3,Grocery Store,47.2718,43.0718
NCI54,15.2,Low Fat,0.033599041,Household,107.7912,OUT046,1997,Small,Tier 1,Supermarket Type1,1091.912,102.7912
FDS16,15.15,Regular,0.066311153,Frozen Foods,145.776,OUT045,2002,,Tier 2,Supermarket Type1,3954.852,140.776
DRK39,,Low Fat,0.049623924,Dairy,83.225,OUT027,1985,Medium,Tier 3,Supermarket Type3,1498.05,78.225
FDP24,20.6,Low Fat,0.13893181,Baking Goods,119.5756,OUT010,1998,,Tier 3,Grocery Store,121.1756,114.5756
NCG18,15.3,Low Fat,0,Household,103.5332,OUT035,2004,Small,Tier 2,Supermarket Type1,3383.5956,98.5332
DRI59,,Low Fat,0.040636926,Hard Drinks,224.6088,OUT027,1985,Medium,Tier 3,Supermarket Type3,4474.176,219.6088
NCO06,19.25,Low Fat,0.107940533,Household,35.5558,OUT013,1987,High,Tier 3,Supermarket Type1,305.6022,30.5558
FDR15,9.3,Regular,0.03362713,Meat,156.1314,OUT017,2007,,Tier 2,Supermarket Type1,620.5256,151.1314
FDE29,,Low Fat,0.142436015,Frozen Foods,62.3878,OUT027,1985,Medium,Tier 3,Supermarket Type3,1514.695,57.3878
FDN49,17.25,Regular,0.125200788,Breakfast,41.648,OUT035,2004,Small,Tier 2,Supermarket Type1,679.116,36.648
FDQ21,21.25,low fat,0.019407069,Snack Foods,119.3756,OUT013,1987,High,Tier 3,Supermarket Type1,3271.7412,114.3756
FDE17,20.1,Regular,0.054445198,Frozen Foods,151.7366,OUT035,2004,Small,Tier 2,Supermarket Type1,4836.3712,146.7366
NCI42,18.75,Low Fat,0.01040777,Household,209.4954,OUT018,2009,Medium,Tier 3,Supermarket Type2,2500.7448,204.4954
FDZ21,17.6,Regular,0.039443715,Snack Foods,95.841,OUT017,2007,,Tier 2,Supermarket Type1,1641.197,90.841
FDX48,17.75,Regular,0.038042233,Baking Goods,154.2656,OUT018,2009,Medium,Tier 3,Supermarket Type2,3398.2432,149.2656
FDH26,19.25,Regular,0.034770109,Canned,141.9496,OUT045,2002,,Tier 2,Supermarket Type1,988.0472,136.9496
FDD50,18.85,Low Fat,0.141862435,Canned,171.0132,OUT049,1999,Medium,Tier 1,Supermarket Type1,4396.9432,166.0132
FDL40,17.7,Low Fat,0.019438042,Frozen Foods,95.541,OUT010,1998,,Tier 3,Grocery Store,96.541,90.541
NCO02,,Low Fat,0.073012871,Others,67.5142,OUT027,1985,Medium,Tier 3,Supermarket Type3,2306.997,62.5142
FDF05,17.5,Low Fat,0.026848529,Frozen Foods,264.891,OUT013,1987,High,Tier 3,Supermarket Type1,4996.829,259.891
DRG25,10.5,Low Fat,0.019033838,Soft Drinks,185.624,OUT013,1987,High,Tier 3,Supermarket Type1,6897.688,180.624
NCA41,16.75,Low Fat,0.032771033,Health and Hygiene,192.3162,OUT017,2007,,Tier 2,Supermarket Type1,2308.9944,187.3162
FDZ40,8.935,Low Fat,0.04026424,Frozen Foods,52.6298,OUT045,2002,,Tier 2,Supermarket Type1,808.947,47.6298
FDT15,,Regular,0.074729835,Meat,183.795,OUT019,1985,Small,Tier 1,Grocery Store,549.285,178.795
FDP46,15.35,Low Fat,0.074601506,Snack Foods,90.983,OUT035,2004,Small,Tier 2,Supermarket Type1,1348.245,85.983
DRG01,,Low Fat,0.078576075,Soft Drinks,78.467,OUT019,1985,Small,Tier 1,Grocery Store,229.701,73.467
FDR23,15.85,Low Fat,0.081719458,Breads,178.037,OUT013,1987,High,Tier 3,Supermarket Type1,2646.555,173.037
FDF09,6.215,Low Fat,0.012173543,Fruits and Vegetables,36.4848,OUT045,2002,,Tier 2,Supermarket Type1,447.4176,31.4848
FDK09,,Low Fat,0.091318935,Snack Foods,230.7352,OUT027,1985,Medium,Tier 3,Supermarket Type3,8474.3024,225.7352
DRJ11,9.5,Low Fat,0.085075063,Hard Drinks,189.0872,OUT035,2004,Small,Tier 2,Supermarket Type1,3970.8312,184.0872
FDI32,17.7,Low Fat,0.174644552,Fruits and Vegetables,113.2834,OUT049,1999,Medium,Tier 1,Supermarket Type1,1727.751,108.2834
NCG42,19.2,Low Fat,0.041395775,Household,129.731,OUT018,2009,Medium,Tier 3,Supermarket Type2,1298.31,124.731
FDA51,8.05,Regular,0.164679597,Dairy,112.1518,OUT046,1997,Small,Tier 1,Supermarket Type1,1252.3698,107.1518
FDG57,14.7,Low Fat,0.121012632,Fruits and Vegetables,49.4034,OUT010,1998,,Tier 3,Grocery Store,194.4136,44.4034
FDG34,11.5,Regular,0.037563325,Snack Foods,109.5254,OUT035,2004,Small,Tier 2,Supermarket Type1,1627.881,104.5254
NCI43,19.85,Low Fat,0.026115595,Household,49.0376,OUT017,2007,,Tier 2,Supermarket Type1,143.8128,44.0376
NCY53,20,Low Fat,0.05848134,Health and Hygiene,113.3544,OUT046,1997,Small,Tier 1,Supermarket Type1,2572.6512,108.3544
FDC33,8.96,Regular,0.068880971,Fruits and Vegetables,195.3768,OUT013,1987,High,Tier 3,Supermarket Type1,2759.0752,190.3768
NCK29,5.615,Low Fat,0.125964559,Health and Hygiene,124.773,OUT049,1999,Medium,Tier 1,Supermarket Type1,2956.152,119.773
FDS50,17,Low Fat,0.055746931,Dairy,220.0114,OUT017,2007,,Tier 2,Supermarket Type1,2217.114,215.0114
NCJ30,5.82,Low Fat,0.080804019,Household,171.479,OUT045,2002,,Tier 2,Supermarket Type1,4074.696,166.479
FDQ07,,Regular,0.086983591,Fruits and Vegetables,219.8456,OUT027,1985,Medium,Tier 3,Supermarket Type3,1547.3192,214.8456
FDI20,19.1,Low Fat,0.064547828,Fruits and Vegetables,212.8586,OUT010,1998,,Tier 3,Grocery Store,422.1172,207.8586
NCM06,,Low Fat,0.075361182,Household,155.6656,OUT027,1985,Medium,Tier 3,Supermarket Type3,3243.7776,150.6656
FDL15,,Low Fat,0.081651443,Meat,152.5682,OUT019,1985,Small,Tier 1,Grocery Store,152.4682,147.5682
NCL29,9.695,Low Fat,0.190711254,Health and Hygiene,159.1604,OUT010,1998,,Tier 3,Grocery Store,633.8416,154.1604
FDB32,20.6,Low Fat,0.023585598,Fruits and Vegetables,94.7778,OUT017,2007,,Tier 2,Supermarket Type1,1314.2892,89.7778
FDJ16,9.195,Low Fat,0.115064263,Frozen Foods,58.6246,OUT049,1999,Medium,Tier 1,Supermarket Type1,868.869,53.6246
FDJ32,10.695,Low Fat,0.057909547,Fruits and Vegetables,60.4536,OUT045,2002,,Tier 2,Supermarket Type1,183.7608,55.4536
FDO12,15.75,Low Fat,0.054920146,Baking Goods,195.8452,OUT035,2004,Small,Tier 2,Supermarket Type1,4893.63,190.8452
NCB18,19.6,Low Fat,0.041291169,Household,86.9514,OUT046,1997,Small,Tier 1,Supermarket Type1,1416.8224,81.9514
FDO37,,Low Fat,0.021273161,Breakfast,229.1326,OUT027,1985,Medium,Tier 3,Supermarket Type3,7393.0432,224.1326
FDV13,17.35,Regular,0.02758789,Canned,86.1856,OUT013,1987,High,Tier 3,Supermarket Type1,703.0848,81.1856
FDF52,9.3,Low Fat,0.11178154,Frozen Foods,182.3292,OUT010,1998,,Tier 3,Grocery Store,182.4292,177.3292
FDY11,6.71,Regular,0.02960641,Baking Goods,65.4142,OUT049,1999,Medium,Tier 1,Supermarket Type1,1516.0266,60.4142
FDL20,17.1,Low Fat,0.129140919,Fruits and Vegetables,109.4886,OUT017,2007,,Tier 2,Supermarket Type1,1667.829,104.4886
FDS45,5.175,Regular,0.029555773,Snack Foods,105.9622,OUT045,2002,,Tier 2,Supermarket Type1,1693.7952,100.9622
DRJ13,12.65,Low Fat,0.063146492,Soft Drinks,159.6578,OUT018,2009,Medium,Tier 3,Supermarket Type2,962.7468,154.6578
FDR37,16.5,Regular,0.066352552,Breakfast,181.2292,OUT049,1999,Medium,Tier 1,Supermarket Type1,4195.8716,176.2292
FDS23,,Low Fat,0.246678647,Breads,129.7994,OUT019,1985,Small,Tier 1,Grocery Store,385.4982,124.7994
FDX13,7.725,Low Fat,0.047977607,Canned,249.5092,OUT018,2009,Medium,Tier 3,Supermarket Type2,2241.0828,244.5092
FDT49,7,Low Fat,0.151712642,Canned,104.828,OUT045,2002,,Tier 2,Supermarket Type1,1278.336,99.828
FDY13,12.1,LF,0.030174246,Canned,76.667,OUT049,1999,Medium,Tier 1,Supermarket Type1,1531.34,71.667
FDD47,7.6,Regular,0.238366442,Starchy Foods,171.8448,OUT010,1998,,Tier 3,Grocery Store,852.224,166.8448
FDF20,12.85,Low Fat,0.055603753,Fruits and Vegetables,195.6768,OUT010,1998,,Tier 3,Grocery Store,394.1536,190.6768
FDS32,17.75,Regular,0.029648306,Fruits and Vegetables,142.4838,OUT035,2004,Small,Tier 2,Supermarket Type1,1264.3542,137.4838
FDJ44,,Regular,0.105812357,Fruits and Vegetables,175.0396,OUT027,1985,Medium,Tier 3,Supermarket Type3,4012.1108,170.0396
NCY30,20.25,Low Fat,0.02593166,Household,182.5976,OUT013,1987,High,Tier 3,Supermarket Type1,3078.6592,177.5976
FDK33,,Low Fat,0.019671473,Snack Foods,214.756,OUT019,1985,Small,Tier 1,Grocery Store,213.056,209.756
FDO31,6.76,Regular,0.028982682,Fruits and Vegetables,79.596,OUT046,1997,Small,Tier 1,Supermarket Type1,1438.128,74.596
FDG10,,Regular,0.019153299,Snack Foods,57.6588,OUT019,1985,Small,Tier 1,Grocery Store,400.8116,52.6588
DRI49,14.15,Low Fat,0.184254826,Soft Drinks,82.4276,OUT018,2009,Medium,Tier 3,Supermarket Type2,1218.414,77.4276
NCA05,20.75,Low Fat,0.025169703,Health and Hygiene,150.4734,OUT049,1999,Medium,Tier 1,Supermarket Type1,1187.7872,145.4734
FDZ13,7.84,Regular,0.153494979,Canned,48.935,OUT046,1997,Small,Tier 1,Supermarket Type1,798.96,43.935
DRI25,19.6,LF,0.034093203,Soft Drinks,56.6614,OUT017,2007,,Tier 2,Supermarket Type1,1492.0578,51.6614
NCA29,10.5,LF,0.045655118,Household,169.8106,OUT010,1998,,Tier 3,Grocery Store,171.1106,164.8106
FDX43,5.655,LF,0.142732848,Fruits and Vegetables,167.95,OUT010,1998,,Tier 3,Grocery Store,166.45,162.95
FDZ08,12.5,Regular,0.110163385,Fruits and Vegetables,83.6592,OUT049,1999,Medium,Tier 1,Supermarket Type1,1320.9472,78.6592
FDC58,10.195,Low Fat,0.041934387,Snack Foods,44.6428,OUT035,2004,Small,Tier 2,Supermarket Type1,615.1992,39.6428
NCD54,,Low Fat,0.028868467,Household,146.3786,OUT027,1985,Medium,Tier 3,Supermarket Type3,5056.751,141.3786
FDM24,6.135,Regular,0.079312367,Baking Goods,151.7366,OUT035,2004,Small,Tier 2,Supermarket Type1,3325.0052,146.7366
FDS12,9.1,Low Fat,0.174085625,Baking Goods,124.6362,OUT035,2004,Small,Tier 2,Supermarket Type1,2390.8878,119.6362
NCN55,14.6,Low Fat,0.059732844,Others,241.2538,OUT018,2009,Medium,Tier 3,Supermarket Type2,5287.7836,236.2538
NCP06,20.7,Low Fat,0.039245805,Household,151.4366,OUT046,1997,Small,Tier 1,Supermarket Type1,1511.366,146.4366
FDB41,19,Regular,0.097510482,Frozen Foods,48.1718,OUT045,2002,,Tier 2,Supermarket Type1,709.077,43.1718
FDJ16,9.195,Low Fat,0.114885647,Frozen Foods,59.6246,OUT046,1997,Small,Tier 1,Supermarket Type1,1100.5674,54.6246
NCB18,,Low Fat,0.072295507,Household,89.7514,OUT019,1985,Small,Tier 1,Grocery Store,88.5514,84.7514
FDH38,6.425,Low Fat,0.010436256,Canned,115.5808,OUT035,2004,Small,Tier 2,Supermarket Type1,3749.7856,110.5808
FDE59,12.15,LF,0.104257037,Starchy Foods,34.0532,OUT010,1998,,Tier 3,Grocery Store,179.766,29.0532
NCF30,17,Low Fat,0.126440335,Household,125.2362,OUT049,1999,Medium,Tier 1,Supermarket Type1,1384.1982,120.2362
FDE35,,Regular,0,Starchy Foods,59.8904,OUT027,1985,Medium,Tier 3,Supermarket Type3,1757.712,54.8904
FDP49,,Regular,0.120965853,Breakfast,55.8614,OUT019,1985,Small,Tier 1,Grocery Store,110.5228,50.8614
NCQ05,,Low Fat,0,Health and Hygiene,152.0708,OUT027,1985,Medium,Tier 3,Supermarket Type3,2106.5912,147.0708
FDP49,9,Regular,0.069031467,Breakfast,55.0614,OUT013,1987,High,Tier 3,Supermarket Type1,442.0912,50.0614
FDT12,6.215,Regular,0.049823839,Baking Goods,226.6062,OUT018,2009,Medium,Tier 3,Supermarket Type2,677.1186,221.6062
NCM06,7.475,Low Fat,0.126752975,Household,154.2656,OUT010,1998,,Tier 3,Grocery Store,308.9312,149.2656
FDV23,11,LF,0.1062679,Breads,123.2046,OUT018,2009,Medium,Tier 3,Supermarket Type2,3237.1196,118.2046
FDA44,19.7,Low Fat,0.053305463,Fruits and Vegetables,58.193,OUT049,1999,Medium,Tier 1,Supermarket Type1,848.895,53.193
DRD27,18.75,Low Fat,0.023820082,Dairy,97.6042,OUT013,1987,High,Tier 3,Supermarket Type1,1488.063,92.6042
NCK53,11.6,Low Fat,0.037549969,Health and Hygiene,101.2042,OUT013,1987,High,Tier 3,Supermarket Type1,2281.6966,96.2042
NCF19,13,Low Fat,0.03525175,Household,48.0034,OUT018,2009,Medium,Tier 3,Supermarket Type2,923.4646,43.0034
NCY18,7.285,Low Fat,0.031200065,Household,174.7054,OUT049,1999,Medium,Tier 1,Supermarket Type1,6303.7944,169.7054
FDN56,,Regular,0.106538757,Fruits and Vegetables,145.4786,OUT027,1985,Medium,Tier 3,Supermarket Type3,5779.144,140.4786
NCI55,18.6,Low Fat,0.012673238,Household,121.5414,OUT049,1999,Medium,Tier 1,Supermarket Type1,4020.7662,116.5414
FDB28,6.615,Low Fat,0.093307668,Dairy,195.9426,OUT013,1987,High,Tier 3,Supermarket Type1,2570.6538,190.9426
NCA18,10.1,Low Fat,0.056191301,Household,115.7492,OUT045,2002,,Tier 2,Supermarket Type1,579.246,110.7492
FDC46,17.7,Low Fat,0.116542484,Snack Foods,182.6266,OUT046,1997,Small,Tier 1,Supermarket Type1,3504.1054,177.6266
NCZ42,10.5,Low Fat,0.011285795,Household,235.8248,OUT035,2004,Small,Tier 2,Supermarket Type1,4266.4464,230.8248
DRA59,,Regular,0.127308434,Soft Drinks,186.6924,OUT027,1985,Medium,Tier 3,Supermarket Type3,7033.5112,181.6924
DRB25,12.3,Low Fat,0.069742672,Soft Drinks,106.2938,OUT018,2009,Medium,Tier 3,Supermarket Type2,1715.1008,101.2938
FDE24,,Low Fat,0.093010026,Baking Goods,143.0812,OUT027,1985,Medium,Tier 3,Supermarket Type3,3704.5112,138.0812
FDA57,18.85,Low Fat,0.03961061,Snack Foods,41.648,OUT013,1987,High,Tier 3,Supermarket Type1,759.012,36.648
FDZ46,7.485,Low Fat,0.069514712,Snack Foods,108.7228,OUT017,2007,,Tier 2,Supermarket Type1,1326.2736,103.7228
FDX39,14.3,Regular,0.083147702,Meat,210.1586,OUT010,1998,,Tier 3,Grocery Store,422.1172,205.1586
FDW35,10.6,Low Fat,0.011106465,Breads,42.7454,OUT049,1999,Medium,Tier 1,Supermarket Type1,419.454,37.7454
FDZ55,,Low Fat,0.02528566,Fruits and Vegetables,158.792,OUT027,1985,Medium,Tier 3,Supermarket Type3,4474.176,153.792
FDI04,13.65,Regular,0.072851756,Frozen Foods,197.1426,OUT013,1987,High,Tier 3,Supermarket Type1,3954.852,192.1426
FDU46,,Regular,0.011072421,Snack Foods,85.354,OUT027,1985,Medium,Tier 3,Supermarket Type3,2077.296,80.354
FDE14,13.65,Regular,0.031494041,Canned,98.87,OUT049,1999,Medium,Tier 1,Supermarket Type1,2197.14,93.87
FDX23,6.445,Low Fat,0.029667053,Baking Goods,94.4436,OUT013,1987,High,Tier 3,Supermarket Type1,1134.5232,89.4436
NCN18,8.895,Low Fat,0,Household,111.9544,OUT035,2004,Small,Tier 2,Supermarket Type1,1565.9616,106.9544
FDR02,16.7,Low Fat,0.022099982,Dairy,110.1886,OUT049,1999,Medium,Tier 1,Supermarket Type1,1334.2632,105.1886
FDH04,6.115,Regular,0.011372972,Frozen Foods,89.6488,OUT046,1997,Small,Tier 1,Supermarket Type1,1267.6832,84.6488
FDZ51,11.3,Regular,0.091310237,Meat,96.9094,OUT010,1998,,Tier 3,Grocery Store,190.4188,91.9094
FDR15,9.3,Regular,0.033437991,Meat,153.2314,OUT046,1997,Small,Tier 1,Supermarket Type1,2326.971,148.2314
NCQ30,7.725,Low Fat,0.029117482,Household,123.0414,OUT049,1999,Medium,Tier 1,Supermarket Type1,1583.9382,118.0414
FDW45,18,Low Fat,0.039071642,Snack Foods,145.3418,OUT049,1999,Medium,Tier 1,Supermarket Type1,882.8508,140.3418
FDQ52,17,Low Fat,0.119362409,Frozen Foods,249.4434,OUT035,2004,Small,Tier 2,Supermarket Type1,5960.2416,244.4434
FDM01,,Regular,0.094109236,Breakfast,102.9332,OUT027,1985,Medium,Tier 3,Supermarket Type3,3691.1952,97.9332
FDE21,12.8,Low Fat,0.02299122,Fruits and Vegetables,114.9492,OUT045,2002,,Tier 2,Supermarket Type1,1737.738,109.9492
FDH28,15.85,Regular,0.110010191,Frozen Foods,38.8506,OUT035,2004,Small,Tier 2,Supermarket Type1,341.5554,33.8506
FDQ56,6.59,Low Fat,0.176748258,Fruits and Vegetables,82.7908,OUT010,1998,,Tier 3,Grocery Store,83.8908,77.7908
DRM49,6.11,Regular,0,Soft Drinks,43.0086,OUT049,1999,Medium,Tier 1,Supermarket Type1,713.7376,38.0086
NCI29,,Low Fat,0.032463574,Health and Hygiene,139.9154,OUT027,1985,Medium,Tier 3,Supermarket Type3,4963.539,134.9154
FDW44,9.5,Regular,0.035222503,Fruits and Vegetables,170.1448,OUT045,2002,,Tier 2,Supermarket Type1,1874.8928,165.1448
FDR10,17.6,Low Fat,0.010055503,Snack Foods,163.7552,OUT049,1999,Medium,Tier 1,Supermarket Type1,1787.0072,158.7552
FDO60,20,Low Fat,0.034363029,Baking Goods,43.5086,OUT035,2004,Small,Tier 2,Supermarket Type1,401.4774,38.5086
FDG08,13.15,Regular,0,Fruits and Vegetables,171.9764,OUT017,2007,,Tier 2,Supermarket Type1,2404.8696,166.9764
FDP10,19,Low Fat,0.128349909,Snack Foods,106.5622,OUT045,2002,,Tier 2,Supermarket Type1,1482.0708,101.5622
FDG45,8.1,Low Fat,0.128760294,Fruits and Vegetables,213.7902,OUT017,2007,,Tier 2,Supermarket Type1,5946.9256,208.7902
DRM47,9.3,Low Fat,0.043964058,Hard Drinks,192.3846,OUT018,2009,Medium,Tier 3,Supermarket Type2,4586.0304,187.3846
FDO40,,Low Fat,0.032470108,Frozen Foods,148.9392,OUT027,1985,Medium,Tier 3,Supermarket Type3,3728.48,143.9392
DRE37,13.5,LF,0.094603404,Soft Drinks,187.0872,OUT018,2009,Medium,Tier 3,Supermarket Type2,3214.4824,182.0872
FDX13,7.725,Low Fat,0.047743195,Canned,248.3092,OUT013,1987,High,Tier 3,Supermarket Type1,6474.2392,243.3092
FDE21,,Low Fat,0,Fruits and Vegetables,115.3492,OUT027,1985,Medium,Tier 3,Supermarket Type3,3823.0236,110.3492
NCU53,5.485,Low Fat,0.071557769,Health and Hygiene,165.7842,OUT010,1998,,Tier 3,Grocery Store,165.7842,160.7842
NCH07,13.15,Low Fat,0.155105614,Household,157.2604,OUT010,1998,,Tier 3,Grocery Store,316.9208,152.2604
FDJ07,7.26,Low Fat,0.014505108,Meat,118.415,OUT017,2007,,Tier 2,Supermarket Type1,1747.725,113.415
FDB46,10.5,Regular,0.093909644,Snack Foods,213.7244,OUT049,1999,Medium,Tier 1,Supermarket Type1,4022.7636,208.7244
DRL01,19.5,Regular,0.077157727,Soft Drinks,232.4958,OUT035,2004,Small,Tier 2,Supermarket Type1,2804.3496,227.4958
FDN57,,Low Fat,0.094957079,Snack Foods,143.5154,OUT019,1985,Small,Tier 1,Grocery Store,567.2616,138.5154
FDO38,,low fat,0.072486326,Canned,78.9986,OUT027,1985,Medium,Tier 3,Supermarket Type3,2259.0594,73.9986
FDA45,21.25,Low Fat,0.155694794,Snack Foods,177.637,OUT045,2002,,Tier 2,Supermarket Type1,2999.429,172.637
FDP27,,Low Fat,0.20914265,Meat,190.953,OUT019,1985,Small,Tier 1,Grocery Store,379.506,185.953
DRG36,14.15,Low Fat,0.095298849,Soft Drinks,171.8106,OUT013,1987,High,Tier 3,Supermarket Type1,3935.5438,166.8106
DRL47,19.7,Low Fat,0.038736781,Hard Drinks,127.4362,OUT046,1997,Small,Tier 1,Supermarket Type1,1510.0344,122.4362
NCA05,,Low Fat,0.044000492,Health and Hygiene,148.2734,OUT019,1985,Small,Tier 1,Grocery Store,296.9468,143.2734
FDL38,13.8,Regular,0.014720848,Canned,89.9172,OUT013,1987,High,Tier 3,Supermarket Type1,1516.6924,84.9172
FDC32,18.35,Low Fat,0.099090261,Fruits and Vegetables,94.0462,OUT035,2004,Small,Tier 2,Supermarket Type1,555.2772,89.0462
NCI06,11.3,Low Fat,0.047814463,Household,179.266,OUT045,2002,,Tier 2,Supermarket Type1,5033.448,174.266
FDI05,8.35,Regular,0.127066966,Frozen Foods,76.5354,OUT049,1999,Medium,Tier 1,Supermarket Type1,1655.1788,71.5354
FDR52,12.65,Regular,0.076474728,Frozen Foods,191.8846,OUT017,2007,,Tier 2,Supermarket Type1,1146.5076,186.8846
FDU26,16.7,Regular,0.042860026,Dairy,120.3782,OUT017,2007,,Tier 2,Supermarket Type1,1668.4948,115.3782
FDG33,5.365,Regular,0.141033536,Seafood,173.6764,OUT017,2007,,Tier 2,Supermarket Type1,858.882,168.6764
FDE38,6.52,Low Fat,0.044607161,Canned,164.2842,OUT046,1997,Small,Tier 1,Supermarket Type1,2818.3314,159.2842
FDI35,14,Low Fat,0.041283361,Starchy Foods,182.4634,OUT035,2004,Small,Tier 2,Supermarket Type1,5452.902,177.4634
FDN23,6.575,Regular,0.075444922,Breads,146.0444,OUT013,1987,High,Tier 3,Supermarket Type1,2612.5992,141.0444
NCP54,15.35,Low Fat,0.035143024,Household,124.373,OUT035,2004,Small,Tier 2,Supermarket Type1,2093.941,119.373
FDO39,6.985,Regular,0.13725257,Meat,183.7608,OUT013,1987,High,Tier 3,Supermarket Type1,2940.1728,178.7608
NCT17,10.8,LF,0.041831008,Health and Hygiene,186.6214,OUT013,1987,High,Tier 3,Supermarket Type1,2261.0568,181.6214
NCK30,14.85,Low Fat,0.060967038,Household,254.3698,OUT035,2004,Small,Tier 2,Supermarket Type1,4566.0564,249.3698
FDM24,,Regular,0.078943221,Baking Goods,152.7366,OUT027,1985,Medium,Tier 3,Supermarket Type3,1813.6392,147.7366
FDA35,14.85,Regular,0.053837561,Baking Goods,120.8072,OUT046,1997,Small,Tier 1,Supermarket Type1,4287.752,115.8072
NCM07,9.395,Low Fat,0.039928582,Others,83.2908,OUT013,1987,High,Tier 3,Supermarket Type1,1258.362,78.2908
FDD09,13.5,low fat,0.021617996,Fruits and Vegetables,179.6976,OUT017,2007,,Tier 2,Supermarket Type1,1810.976,174.6976
FDW07,18,Regular,0.143495952,Fruits and Vegetables,88.7514,OUT017,2007,,Tier 2,Supermarket Type1,1062.6168,83.7514
FDM27,,Regular,0.157701958,Meat,158.7946,OUT027,1985,Medium,Tier 3,Supermarket Type3,5522.811,153.7946
NCY53,20,Low Fat,0.058719568,Health and Hygiene,111.0544,OUT018,2009,Medium,Tier 3,Supermarket Type2,894.8352,106.0544
FDA10,20.35,Low Fat,0.142618182,Snack Foods,123.2072,OUT017,2007,,Tier 2,Supermarket Type1,1225.072,118.2072
DRB24,8.785,Low Fat,0.020573334,Soft Drinks,156.4656,OUT035,2004,Small,Tier 2,Supermarket Type1,2162.5184,151.4656
NCN53,,Low Fat,0.030208465,Health and Hygiene,35.4874,OUT027,1985,Medium,Tier 3,Supermarket Type3,1693.7952,30.4874
FDA31,7.1,Low Fat,0.110234793,Fruits and Vegetables,171.708,OUT045,2002,,Tier 2,Supermarket Type1,3115.944,166.708
FDE24,14.85,Low Fat,0.093991286,Baking Goods,140.9812,OUT017,2007,,Tier 2,Supermarket Type1,3277.0676,135.9812
FDA04,11.3,reg,0.067001825,Frozen Foods,259.1962,OUT018,2009,Medium,Tier 3,Supermarket Type2,5438.9202,254.1962
FDV26,20.25,Regular,0.076314907,Dairy,196.7794,OUT045,2002,,Tier 2,Supermarket Type1,2731.1116,191.7794
FDF40,,Regular,0.022403117,Dairy,250.9092,OUT027,1985,Medium,Tier 3,Supermarket Type3,8217.3036,245.9092
FDH34,,Low Fat,0.030944666,Snack Foods,186.6582,OUT027,1985,Medium,Tier 3,Supermarket Type3,3715.164,181.6582
FDO16,5.48,Low Fat,0.02528802,Frozen Foods,83.325,OUT010,1998,,Tier 3,Grocery Store,416.125,78.325
FDZ43,11,Regular,0.057058545,Fruits and Vegetables,241.7512,OUT046,1997,Small,Tier 1,Supermarket Type1,3635.268,236.7512
DRJ51,14.1,Low Fat,0,Dairy,231.9668,OUT049,1999,Medium,Tier 1,Supermarket Type1,1842.9344,226.9668
NCL07,,Low Fat,0.05486977,Others,40.548,OUT019,1985,Small,Tier 1,Grocery Store,39.948,35.548
FDU58,6.61,Regular,0.029006239,Snack Foods,186.0898,OUT035,2004,Small,Tier 2,Supermarket Type1,2619.2572,181.0898
FDI26,5.94,Low Fat,0.034880143,Canned,177.9344,OUT035,2004,Small,Tier 2,Supermarket Type1,4460.86,172.9344
FDG24,7.975,LF,0.014713909,Baking Goods,83.125,OUT017,2007,,Tier 2,Supermarket Type1,2579.975,78.125
NCM19,12.65,Low Fat,0.047237246,Others,112.5202,OUT046,1997,Small,Tier 1,Supermarket Type1,787.6414,107.5202
NCO29,11.15,Low Fat,0.032306341,Health and Hygiene,166.3526,OUT049,1999,Medium,Tier 1,Supermarket Type1,986.7156,161.3526
NCM05,6.825,Low Fat,0.100171568,Health and Hygiene,262.7226,OUT010,1998,,Tier 3,Grocery Store,264.3226,257.7226
NCE07,8.18,Low Fat,0.013130031,Household,142.6154,OUT046,1997,Small,Tier 1,Supermarket Type1,709.077,137.6154
FDR10,17.6,LF,0.010096684,Snack Foods,160.4552,OUT017,2007,,Tier 2,Supermarket Type1,2599.2832,155.4552
FDO12,15.75,Low Fat,0.055015935,Baking Goods,194.3452,OUT049,1999,Medium,Tier 1,Supermarket Type1,2740.4328,189.3452
FDC17,12.15,Low Fat,0.015460726,Frozen Foods,211.8928,OUT046,1997,Small,Tier 1,Supermarket Type1,5890.9984,206.8928
FDF34,9.3,Regular,0.02346559,Snack Foods,197.6084,OUT010,1998,,Tier 3,Grocery Store,595.2252,192.6084
FDO22,13.5,Regular,0.017932223,Snack Foods,78.796,OUT018,2009,Medium,Tier 3,Supermarket Type2,239.688,73.796
FDT52,9.695,Regular,0.047420609,Frozen Foods,246.0144,OUT035,2004,Small,Tier 2,Supermarket Type1,4165.2448,241.0144
FDR24,,Regular,0.062547321,Baking Goods,88.383,OUT027,1985,Medium,Tier 3,Supermarket Type3,2067.309,83.383
FDP08,20.5,Regular,0.112410046,Fruits and Vegetables,192.2478,OUT046,1997,Small,Tier 1,Supermarket Type1,3874.956,187.2478
FDF39,14.85,Regular,0.019511288,Dairy,262.591,OUT046,1997,Small,Tier 1,Supermarket Type1,4996.829,257.591
NCQ06,13,Low Fat,0.041789718,Household,256.1014,OUT013,1987,High,Tier 3,Supermarket Type1,2550.014,251.1014
FDR04,7.075,Low Fat,0.022548195,Frozen Foods,95.7068,OUT013,1987,High,Tier 3,Supermarket Type1,583.2408,90.7068
FDQ32,17.85,Regular,0.046599684,Fruits and Vegetables,125.1388,OUT035,2004,Small,Tier 2,Supermarket Type1,1981.4208,120.1388
DRD15,10.6,Low Fat,0.095064731,Dairy,232.4642,OUT010,1998,,Tier 3,Grocery Store,697.0926,227.4642
FDB02,9.695,Regular,0.029283081,Canned,175.137,OUT018,2009,Medium,Tier 3,Supermarket Type2,3705.177,170.137
NCS18,12.65,Low Fat,0.042383069,Household,108.0938,OUT018,2009,Medium,Tier 3,Supermarket Type2,1607.907,103.0938
NCS30,5.945,Low Fat,0.155706798,Household,127.9652,OUT010,1998,,Tier 3,Grocery Store,645.826,122.9652
FDN15,17.5,Low Fat,0.016767995,Meat,141.418,OUT045,2002,,Tier 2,Supermarket Type1,1957.452,136.418
NCL31,7.39,Low Fat,0.120961347,Others,143.847,OUT017,2007,,Tier 2,Supermarket Type1,4866.998,138.847
FDV31,9.8,Low Fat,0.178622919,Fruits and Vegetables,177.937,OUT010,1998,,Tier 3,Grocery Store,176.437,172.937
FDF38,11.8,Regular,0.02633607,Canned,40.6138,OUT013,1987,High,Tier 3,Supermarket Type1,406.138,35.6138
DRK59,8.895,low fat,0.126287542,Hard Drinks,235.5616,OUT010,1998,,Tier 3,Grocery Store,468.7232,230.5616
DRJ24,11.8,Low Fat,0.11350542,Soft Drinks,186.8924,OUT049,1999,Medium,Tier 1,Supermarket Type1,2961.4784,181.8924
FDW51,,Regular,0.094201477,Meat,213.356,OUT027,1985,Medium,Tier 3,Supermarket Type3,6817.792,208.356
FDN49,17.25,Regular,0.125224466,Breakfast,41.248,OUT046,1997,Small,Tier 1,Supermarket Type1,679.116,36.248
FDE20,11.35,Regular,0.005561798,Fruits and Vegetables,168.379,OUT017,2007,,Tier 2,Supermarket Type1,3225.801,163.379
FDV38,19.25,LF,0.101980245,Dairy,54.3956,OUT045,2002,,Tier 2,Supermarket Type1,873.5296,49.3956
FDH60,19.7,Regular,0.081193712,Baking Goods,198.411,OUT017,2007,,Tier 2,Supermarket Type1,2553.343,193.411
NCD55,14,Low Fat,0.024369007,Household,40.2454,OUT049,1999,Medium,Tier 1,Supermarket Type1,922.7988,35.2454
FDU13,8.355,Low Fat,0.188619537,Canned,146.4418,OUT017,2007,,Tier 2,Supermarket Type1,3089.9778,141.4418
FDZ07,15.1,reg,0.094037291,Fruits and Vegetables,62.3194,OUT049,1999,Medium,Tier 1,Supermarket Type1,495.3552,57.3194
FDY13,12.1,Low Fat,0.030188505,Canned,77.367,OUT045,2002,,Tier 2,Supermarket Type1,612.536,72.367
FDP56,8.185,low fat,0.046578409,Fruits and Vegetables,48.6692,OUT045,2002,,Tier 2,Supermarket Type1,1182.4608,43.6692
DRA59,,Regular,0.223985293,Soft Drinks,186.2924,OUT019,1985,Small,Tier 1,Grocery Store,555.2772,181.2924
FDY40,15.5,Regular,0.085763562,Frozen Foods,49.0692,OUT013,1987,High,Tier 3,Supermarket Type1,295.6152,44.0692
FDW40,14,Regular,0.105145451,Frozen Foods,144.2812,OUT046,1997,Small,Tier 1,Supermarket Type1,4844.3608,139.2812
NCW17,18,Low Fat,0.019382568,Health and Hygiene,129.3994,OUT035,2004,Small,Tier 2,Supermarket Type1,3340.9844,124.3994
DRN37,9.6,Low Fat,0,Soft Drinks,166.5158,OUT049,1999,Medium,Tier 1,Supermarket Type1,3509.4318,161.5158
FDZ19,,Low Fat,0.093002339,Fruits and Vegetables,177.7712,OUT027,1985,Medium,Tier 3,Supermarket Type3,4921.5936,172.7712
FDW34,9.6,Low Fat,0.035549527,Snack Foods,244.117,OUT013,1987,High,Tier 3,Supermarket Type1,5346.374,239.117
FDC28,,Low Fat,0.054720642,Frozen Foods,107.8254,OUT027,1985,Medium,Tier 3,Supermarket Type3,2387.5588,102.8254
FDB29,16.7,Regular,0.052708138,Frozen Foods,114.7176,OUT017,2007,,Tier 2,Supermarket Type1,2404.8696,109.7176
FDE26,9.3,Low Fat,0.089144149,Canned,144.9786,OUT049,1999,Medium,Tier 1,Supermarket Type1,1011.3502,139.9786
FDG45,8.1,Low Fat,0.128011859,Fruits and Vegetables,210.9902,OUT035,2004,Small,Tier 2,Supermarket Type1,6371.706,205.9902
NCC18,19.1,Low Fat,0.178272728,Household,172.4422,OUT017,2007,,Tier 2,Supermarket Type1,1551.9798,167.4422
NCU54,8.88,Low Fat,0.099024124,Household,208.527,OUT018,2009,Medium,Tier 3,Supermarket Type2,3145.905,203.527
FDF26,6.825,Regular,0.046898544,Canned,153.7998,OUT017,2007,,Tier 2,Supermarket Type1,922.7988,148.7998
FDX52,11.5,Regular,0.041994624,Frozen Foods,194.782,OUT035,2004,Small,Tier 2,Supermarket Type1,3475.476,189.782
FDR04,7.075,Low Fat,0.022694623,Frozen Foods,98.8068,OUT017,2007,,Tier 2,Supermarket Type1,2527.3768,93.8068
NCP06,20.7,Low Fat,0.039467795,Household,151.7366,OUT017,2007,,Tier 2,Supermarket Type1,604.5464,146.7366
FDN25,7.895,Regular,0.061270647,Breakfast,56.7588,OUT049,1999,Medium,Tier 1,Supermarket Type1,343.5528,51.7588
NCH42,6.86,Low Fat,0.036686158,Household,229.601,OUT018,2009,Medium,Tier 3,Supermarket Type2,2526.711,224.601
FDO46,9.6,Regular,0.014200671,Snack Foods,187.1872,OUT013,1987,High,Tier 3,Supermarket Type1,3214.4824,182.1872
NCG54,12.1,Low Fat,0.079806266,Household,172.1106,OUT046,1997,Small,Tier 1,Supermarket Type1,3422.212,167.1106
FDU07,11.1,Low Fat,0.059797172,Fruits and Vegetables,151.8366,OUT013,1987,High,Tier 3,Supermarket Type1,1057.9562,146.8366
DRJ11,9.5,Low Fat,0,Hard Drinks,190.9872,OUT045,2002,,Tier 2,Supermarket Type1,3025.3952,185.9872
FDH10,21,Low Fat,0.049381666,Snack Foods,193.0478,OUT049,1999,Medium,Tier 1,Supermarket Type1,1549.9824,188.0478
FDN56,5.46,Regular,0.107057186,Fruits and Vegetables,144.9786,OUT046,1997,Small,Tier 1,Supermarket Type1,2022.7004,139.9786
FDY56,,Regular,0.109274313,Fruits and Vegetables,225.3062,OUT019,1985,Small,Tier 1,Grocery Store,677.1186,220.3062
NCQ53,17.6,Low Fat,0.018889593,Health and Hygiene,236.259,OUT013,1987,High,Tier 3,Supermarket Type1,4727.18,231.259
NCN54,20.35,Low Fat,0.021369722,Household,75.8328,OUT045,2002,,Tier 2,Supermarket Type1,154.4656,70.8328
NCC43,7.39,Low Fat,0.092927148,Household,249.5066,OUT049,1999,Medium,Tier 1,Supermarket Type1,4267.1122,244.5066
FDB35,,Regular,0.113139486,Starchy Foods,92.9804,OUT019,1985,Small,Tier 1,Grocery Store,183.7608,87.9804
FDX33,9.195,Regular,0.117387066,Snack Foods,160.2578,OUT013,1987,High,Tier 3,Supermarket Type1,4492.8184,155.2578
NCT06,17.1,Low Fat,0.038730229,Household,166.2842,OUT035,2004,Small,Tier 2,Supermarket Type1,4807.7418,161.2842
FDM50,13,Regular,0.030211742,Canned,59.322,OUT018,2009,Medium,Tier 3,Supermarket Type2,539.298,54.322
FDC37,15.5,Low Fat,0.032924463,Baking Goods,107.2938,OUT049,1999,Medium,Tier 1,Supermarket Type1,2143.876,102.2938
NCT54,8.695,Low Fat,0.120022543,Household,94.8094,OUT018,2009,Medium,Tier 3,Supermarket Type2,1428.141,89.8094
FDG34,,Regular,0.037388493,Snack Foods,107.8254,OUT027,1985,Medium,Tier 3,Supermarket Type3,1410.8302,102.8254
NCW54,7.5,low fat,0.096413261,Household,55.3588,OUT046,1997,Small,Tier 1,Supermarket Type1,1030.6584,50.3588
FDZ46,7.485,Low Fat,0.069405301,Snack Foods,112.1228,OUT018,2009,Medium,Tier 3,Supermarket Type2,1105.228,107.1228
NCK19,9.8,Low Fat,0.090649107,Others,194.3478,OUT045,2002,,Tier 2,Supermarket Type1,4649.9472,189.3478
NCQ05,11.395,Low Fat,0.021649904,Health and Hygiene,150.8708,OUT045,2002,,Tier 2,Supermarket Type1,4363.6532,145.8708
NCE54,20.7,Low Fat,0.02689477,Household,76.7354,OUT035,2004,Small,Tier 2,Supermarket Type1,2482.7682,71.7354
FDH17,16.2,Regular,0.016679232,Frozen Foods,96.3726,OUT049,1999,Medium,Tier 1,Supermarket Type1,2740.4328,91.3726
FDB23,,Regular,0.00978492,Starchy Foods,225.9062,OUT019,1985,Small,Tier 1,Grocery Store,451.4124,220.9062
DRL49,13.15,Low Fat,0.056429024,Soft Drinks,144.2812,OUT046,1997,Small,Tier 1,Supermarket Type1,1282.3308,139.2812
FDT03,21.25,Low Fat,0.009998763,Meat,182.3608,OUT046,1997,Small,Tier 1,Supermarket Type1,551.2824,177.3608
FDW59,13.15,Low Fat,0.020757926,Breads,84.3566,OUT045,2002,,Tier 2,Supermarket Type1,761.0094,79.3566
NCB18,19.6,LF,0.041374909,Household,89.2514,OUT045,2002,,Tier 2,Supermarket Type1,1416.8224,84.2514
FDI22,12.6,Low Fat,0.096756649,Snack Foods,208.7612,OUT017,2007,,Tier 2,Supermarket Type1,5226.53,203.7612
FDZ50,12.8,Regular,0.079523619,Dairy,181.7608,OUT017,2007,,Tier 2,Supermarket Type1,4961.5416,176.7608
FDS14,7.285,Low Fat,0,Dairy,155.1288,OUT017,2007,,Tier 2,Supermarket Type1,1414.1592,150.1288
NCN19,13.1,Low Fat,0.012167988,Others,190.253,OUT017,2007,,Tier 2,Supermarket Type1,4174.566,185.253
FDG46,8.63,Regular,0.032976399,Snack Foods,114.6518,OUT045,2002,,Tier 2,Supermarket Type1,2846.295,109.6518
FDS04,10.195,Regular,0.147492524,Frozen Foods,141.5838,OUT017,2007,,Tier 2,Supermarket Type1,1685.8056,136.5838
FDM58,16.85,Regular,0,Snack Foods,110.0544,OUT049,1999,Medium,Tier 1,Supermarket Type1,2572.6512,105.0544
FDB60,9.3,Low Fat,0.028566433,Baking Goods,193.0136,OUT049,1999,Medium,Tier 1,Supermarket Type1,4860.34,188.0136
FDH28,15.85,Regular,0.110479217,Frozen Foods,36.7506,OUT018,2009,Medium,Tier 3,Supermarket Type2,531.3084,31.7506
NCU53,5.485,Low Fat,0.042838514,Health and Hygiene,163.7842,OUT045,2002,,Tier 2,Supermarket Type1,1657.842,158.7842
FDL44,18.25,Low Fat,0.012264903,Fruits and Vegetables,162.8894,OUT013,1987,High,Tier 3,Supermarket Type1,3397.5774,157.8894
FDI22,12.6,Low Fat,0.096132367,Snack Foods,208.9612,OUT013,1987,High,Tier 3,Supermarket Type1,4181.224,203.9612
DRM37,,LF,0.168780127,Soft Drinks,197.8768,OUT019,1985,Small,Tier 1,Grocery Store,197.0768,192.8768
FDX40,12.85,Low Fat,0.099193899,Frozen Foods,38.1164,OUT045,2002,,Tier 2,Supermarket Type1,656.4788,33.1164
DRG15,6.13,Low Fat,0.076721393,Dairy,59.4536,OUT035,2004,Small,Tier 2,Supermarket Type1,2021.3688,54.4536
FDV19,,Regular,0.06173052,Fruits and Vegetables,159.1578,OUT019,1985,Small,Tier 1,Grocery Store,160.4578,154.1578
DRF01,5.655,Low Fat,0.174934513,Soft Drinks,145.0102,OUT013,1987,High,Tier 3,Supermarket Type1,1895.5326,140.0102
NCV54,11.1,Low Fat,0,Household,119.1124,OUT046,1997,Small,Tier 1,Supermarket Type1,1303.6364,114.1124
FDO21,11.6,Regular,0.009802791,Snack Foods,223.0404,OUT018,2009,Medium,Tier 3,Supermarket Type2,1125.202,218.0404
FDA40,16,Regular,0.09942555,Frozen Foods,87.0856,OUT049,1999,Medium,Tier 1,Supermarket Type1,527.3136,82.0856
FDE59,12.15,Low Fat,0.062384659,Starchy Foods,34.6532,OUT049,1999,Medium,Tier 1,Supermarket Type1,719.064,29.6532
FDX47,6.55,Regular,0.034745307,Breads,158.8288,OUT018,2009,Medium,Tier 3,Supermarket Type2,4399.6064,153.8288
FDW34,9.6,Low Fat,0.035579135,Snack Foods,244.417,OUT046,1997,Small,Tier 1,Supermarket Type1,1944.136,239.417
NCM30,19.1,Low Fat,0.067569539,Household,43.0796,OUT018,2009,Medium,Tier 3,Supermarket Type2,619.194,38.0796
FDA02,14,Regular,0.029697925,Dairy,143.0786,OUT013,1987,High,Tier 3,Supermarket Type1,3178.5292,138.0786
FDV19,14.85,Regular,0.03525037,Fruits and Vegetables,160.9578,OUT035,2004,Small,Tier 2,Supermarket Type1,2246.4092,155.9578
FDT48,4.92,LF,0.045916788,Baking Goods,198.8084,OUT013,1987,High,Tier 3,Supermarket Type1,2976.126,193.8084
FDD09,13.5,Low Fat,0.021539999,Fruits and Vegetables,182.4976,OUT045,2002,,Tier 2,Supermarket Type1,1629.8784,177.4976
FDZ25,15.7,Regular,0.027673055,Canned,169.279,OUT045,2002,,Tier 2,Supermarket Type1,3735.138,164.279
NCE19,8.97,Low Fat,0.092997032,Household,55.2956,OUT035,2004,Small,Tier 2,Supermarket Type1,873.5296,50.2956
DRE25,15.35,Low Fat,0.073283193,Soft Drinks,91.812,OUT046,1997,Small,Tier 1,Supermarket Type1,1771.028,86.812
FDC14,,Regular,0.041049322,Canned,41.2454,OUT027,1985,Medium,Tier 3,Supermarket Type3,1342.2528,36.2454
FDO15,,Regular,0.008525061,Meat,72.5038,OUT027,1985,Medium,Tier 3,Supermarket Type3,2512.7292,67.5038
FDC46,17.7,Low Fat,0.117201696,Snack Foods,184.0266,OUT017,2007,,Tier 2,Supermarket Type1,2397.5458,179.0266
NCX42,6.36,Low Fat,0.005977465,Household,163.3526,OUT035,2004,Small,Tier 2,Supermarket Type1,2631.2416,158.3526
FDK52,,Low Fat,0,Frozen Foods,225.3062,OUT027,1985,Medium,Tier 3,Supermarket Type3,4288.4178,220.3062
FDD04,,Low Fat,0.157528118,Dairy,142.9154,OUT019,1985,Small,Tier 1,Grocery Store,141.8154,137.9154
FDF12,8.235,Low Fat,0.082427854,Baking Goods,149.3076,OUT046,1997,Small,Tier 1,Supermarket Type1,2808.3444,144.3076
NCL41,12.35,Low Fat,0.041802518,Health and Hygiene,34.8216,OUT049,1999,Medium,Tier 1,Supermarket Type1,311.5944,29.8216
NCW41,18,Low Fat,0.015450376,Health and Hygiene,158.9604,OUT046,1997,Small,Tier 1,Supermarket Type1,1584.604,153.9604
FDO60,20,Low Fat,0.057527544,Baking Goods,43.1086,OUT010,1998,,Tier 3,Grocery Store,89.2172,38.1086
FDZ55,6.055,Low Fat,0.025512207,Fruits and Vegetables,159.692,OUT018,2009,Medium,Tier 3,Supermarket Type2,5592.72,154.692
FDZ59,6.63,reg,0.174110803,Baking Goods,166.85,OUT010,1998,,Tier 3,Grocery Store,499.35,161.85
FDO24,,Low Fat,0.175362333,Baking Goods,158.9604,OUT027,1985,Medium,Tier 3,Supermarket Type3,4436.8912,153.9604
FDW14,8.3,Regular,0.038367194,Dairy,87.1198,OUT018,2009,Medium,Tier 3,Supermarket Type2,959.4178,82.1198
FDD40,20.25,Regular,0.014781046,Dairy,193.8162,OUT013,1987,High,Tier 3,Supermarket Type1,3463.4916,188.8162
FDJ38,8.6,Regular,0.040268044,Canned,191.453,OUT049,1999,Medium,Tier 1,Supermarket Type1,1707.777,186.453
NCO54,19.5,Low Fat,0.014355033,Household,55.4614,OUT017,2007,,Tier 2,Supermarket Type1,552.614,50.4614
FDJ10,5.095,Regular,0.129766301,Snack Foods,141.6838,OUT045,2002,,Tier 2,Supermarket Type1,3231.1274,136.6838
FDK27,11,Low Fat,0.008997141,Meat,119.9756,OUT017,2007,,Tier 2,Supermarket Type1,1938.8096,114.9756
FDR09,18.25,Low Fat,0.07784544,Snack Foods,260.5962,OUT049,1999,Medium,Tier 1,Supermarket Type1,3884.943,255.5962
FDO60,20,Low Fat,0,Baking Goods,43.4086,OUT018,2009,Medium,Tier 3,Supermarket Type2,401.4774,38.4086
FDX50,,Low Fat,0.074265816,Dairy,109.5228,OUT027,1985,Medium,Tier 3,Supermarket Type3,3757.7752,104.5228
FDR44,,Regular,0.102422487,Fruits and Vegetables,131.4968,OUT027,1985,Medium,Tier 3,Supermarket Type3,1565.9616,126.4968
FDD17,7.5,Low Fat,0.032811503,Frozen Foods,239.6906,OUT017,2007,,Tier 2,Supermarket Type1,2614.5966,234.6906
FDI60,7.22,Regular,0.038477325,Baking Goods,62.951,OUT018,2009,Medium,Tier 3,Supermarket Type2,1138.518,57.951
FDH31,12,Regular,0.020411155,Meat,98.6042,OUT046,1997,Small,Tier 1,Supermarket Type1,1091.2462,93.6042
FDL50,12.15,Regular,0.042552418,Canned,123.5046,OUT017,2007,,Tier 2,Supermarket Type1,1743.0644,118.5046
FDO21,11.6,Regular,0.009818244,Snack Foods,223.1404,OUT017,2007,,Tier 2,Supermarket Type1,5175.9292,218.1404
FDW12,8.315,Regular,0.035572183,Baking Goods,144.4444,OUT046,1997,Small,Tier 1,Supermarket Type1,2902.888,139.4444
FDT15,12.15,Regular,0.04274788,Meat,183.695,OUT049,1999,Medium,Tier 1,Supermarket Type1,2929.52,178.695
FDV25,5.905,Low Fat,0.04572322,Canned,222.1456,OUT049,1999,Medium,Tier 1,Supermarket Type1,5747.1856,217.1456
DRH13,8.575,Low Fat,0.023934398,Soft Drinks,105.828,OUT045,2002,,Tier 2,Supermarket Type1,958.752,100.828
FDG21,17.35,Regular,0.146527359,Seafood,147.905,OUT049,1999,Medium,Tier 1,Supermarket Type1,2247.075,142.905
NCI55,18.6,Low Fat,0.012651172,Household,123.1414,OUT035,2004,Small,Tier 2,Supermarket Type1,2314.9866,118.1414
NCO06,,Low Fat,0.107507291,Household,34.8558,OUT027,1985,Medium,Tier 3,Supermarket Type3,441.4254,29.8558
FDR27,15.1,Regular,0.096295326,Meat,133.4942,OUT045,2002,,Tier 2,Supermarket Type1,1457.4362,128.4942
FDA22,,Low Fat,0,Starchy Foods,167.5158,OUT027,1985,Medium,Tier 3,Supermarket Type3,4345.0108,162.5158
FDS03,7.825,Low Fat,0.079613553,Meat,65.0826,OUT035,2004,Small,Tier 2,Supermarket Type1,1162.4868,60.0826
FDZ12,9.17,Low Fat,0.103398309,Baking Goods,143.947,OUT018,2009,Medium,Tier 3,Supermarket Type2,2576.646,138.947
FDJ20,20.7,Regular,0.16767231,Fruits and Vegetables,124.2388,OUT010,1998,,Tier 3,Grocery Store,247.6776,119.2388
FDV09,12.1,Low Fat,0.020551458,Snack Foods,146.6734,OUT013,1987,High,Tier 3,Supermarket Type1,2227.101,141.6734
FDW09,13.65,Regular,0.025961116,Snack Foods,80.4302,OUT049,1999,Medium,Tier 1,Supermarket Type1,316.9208,75.4302
FDS36,8.38,Regular,0.046960237,Baking Goods,111.857,OUT049,1999,Medium,Tier 1,Supermarket Type1,2966.139,106.857
FDY19,19.75,Low Fat,0.041533438,Fruits and Vegetables,119.8466,OUT018,2009,Medium,Tier 3,Supermarket Type2,2239.0854,114.8466
DRC49,8.67,Low Fat,0.065436581,Soft Drinks,142.9128,OUT046,1997,Small,Tier 1,Supermarket Type1,2013.3792,137.9128
FDN12,15.6,Low Fat,0.08126841,Baking Goods,110.2544,OUT045,2002,,Tier 2,Supermarket Type1,1789.6704,105.2544
FDJ03,12.35,Regular,0.072689818,Dairy,48.7692,OUT018,2009,Medium,Tier 3,Supermarket Type2,788.3072,43.7692
FDC46,17.7,Low Fat,0.116723677,Snack Foods,182.4266,OUT049,1999,Medium,Tier 1,Supermarket Type1,5163.9448,177.4266
FDM02,12.5,Regular,0.074035423,Canned,87.9198,OUT018,2009,Medium,Tier 3,Supermarket Type2,1133.8574,82.9198
FDV20,20.2,Regular,0.059751638,Fruits and Vegetables,129.1678,OUT013,1987,High,Tier 3,Supermarket Type1,1017.3424,124.1678
NCH07,13.15,Low Fat,0.092854963,Household,158.7604,OUT045,2002,,Tier 2,Supermarket Type1,3010.7476,153.7604
FDL28,,Regular,0,Frozen Foods,230.0668,OUT019,1985,Small,Tier 1,Grocery Store,691.1004,225.0668
FDJ46,,Low Fat,0.044606379,Snack Foods,174.2054,OUT027,1985,Medium,Tier 3,Supermarket Type3,4377.635,169.2054
FDQ34,10.85,Low Fat,0.162107603,Snack Foods,106.3622,OUT013,1987,High,Tier 3,Supermarket Type1,2117.244,101.3622
NCD42,,Low Fat,0,Health and Hygiene,37.3506,OUT027,1985,Medium,Tier 3,Supermarket Type3,1024.6662,32.3506
FDO34,17.7,Low Fat,0.030060895,Snack Foods,166.4816,OUT018,2009,Medium,Tier 3,Supermarket Type2,2013.3792,161.4816
FDX60,14.35,Low Fat,0.081050006,Baking Goods,79.196,OUT017,2007,,Tier 2,Supermarket Type1,1278.336,74.196
FDZ28,20,Regular,0.051783761,Frozen Foods,125.8678,OUT017,2007,,Tier 2,Supermarket Type1,3433.5306,120.8678
FDT36,12.3,Low Fat,0,Baking Goods,37.2874,OUT013,1987,High,Tier 3,Supermarket Type1,705.748,32.2874
FDL24,10.3,Regular,0.024998007,Baking Goods,174.4422,OUT018,2009,Medium,Tier 3,Supermarket Type2,3448.844,169.4422
FDJ58,15.6,Regular,0.105208448,Snack Foods,170.5764,OUT013,1987,High,Tier 3,Supermarket Type1,4466.1864,165.5764
FDY12,9.8,Regular,0.14118383,Baking Goods,50.5008,OUT018,2009,Medium,Tier 3,Supermarket Type2,253.004,45.5008
FDP58,11.1,Low Fat,0.135692831,Snack Foods,220.0482,OUT018,2009,Medium,Tier 3,Supermarket Type2,2628.5784,215.0482
FDC41,,Low Fat,0.116347087,Frozen Foods,76.867,OUT027,1985,Medium,Tier 3,Supermarket Type3,2526.711,71.867
FDY07,11.8,Low Fat,0.12150063,Fruits and Vegetables,46.8402,OUT013,1987,High,Tier 3,Supermarket Type1,413.4618,41.8402
FDN08,7.72,Regular,0.088864488,Fruits and Vegetables,119.3466,OUT017,2007,,Tier 2,Supermarket Type1,3064.0116,114.3466
FDJ53,,Low Fat,0.070912843,Frozen Foods,121.5098,OUT027,1985,Medium,Tier 3,Supermarket Type3,2410.196,116.5098
FDX04,19.6,Regular,0.041571557,Frozen Foods,49.9376,OUT046,1997,Small,Tier 1,Supermarket Type1,623.1888,44.9376
FDZ19,6.425,Low Fat,0.093454899,Fruits and Vegetables,175.3712,OUT046,1997,Small,Tier 1,Supermarket Type1,2988.1104,170.3712
FDB45,20.85,Low Fat,0.021329793,Fruits and Vegetables,105.5306,OUT046,1997,Small,Tier 1,Supermarket Type1,940.7754,100.5306
NCF54,18,Low Fat,0.079299474,Household,170.5422,OUT010,1998,,Tier 3,Grocery Store,344.8844,165.5422
FDX21,7.05,Low Fat,0.085138334,Snack Foods,108.6912,OUT045,2002,,Tier 2,Supermarket Type1,1310.2944,103.6912
FDA50,16.25,Low Fat,0.087175137,Dairy,98.341,OUT046,1997,Small,Tier 1,Supermarket Type1,1351.574,93.341
DRH39,20.7,Low Fat,0.093214498,Dairy,74.667,OUT017,2007,,Tier 2,Supermarket Type1,2143.876,69.667
FDA38,5.44,Low Fat,0.025458716,Dairy,241.2538,OUT013,1987,High,Tier 3,Supermarket Type1,3124.5994,236.2538
NCP30,20.5,Low Fat,0.032741422,Household,40.4822,OUT013,1987,High,Tier 3,Supermarket Type1,589.233,35.4822
FDW19,12.35,Regular,0.038560279,Fruits and Vegetables,109.857,OUT049,1999,Medium,Tier 1,Supermarket Type1,1208.427,104.857
FDF41,,Low Fat,0.130544568,Frozen Foods,248.046,OUT027,1985,Medium,Tier 3,Supermarket Type3,7883.072,243.046
DRF23,4.61,Low Fat,0.122629121,Hard Drinks,175.4396,OUT035,2004,Small,Tier 2,Supermarket Type1,2616.594,170.4396
NCP14,8.275,Low Fat,0.110913601,Household,106.3306,OUT017,2007,,Tier 2,Supermarket Type1,1254.3672,101.3306
FDK44,,Low Fat,0.121635591,Fruits and Vegetables,175.4738,OUT027,1985,Medium,Tier 3,Supermarket Type3,2954.1546,170.4738
DRA59,8.27,Regular,0.128449055,Soft Drinks,186.5924,OUT018,2009,Medium,Tier 3,Supermarket Type2,4442.2176,181.5924
FDC28,7.905,Low Fat,0.055098434,Frozen Foods,109.2254,OUT045,2002,,Tier 2,Supermarket Type1,976.7286,104.2254
NCO53,16.2,Low Fat,0,Health and Hygiene,182.1608,OUT049,1999,Medium,Tier 1,Supermarket Type1,3123.9336,177.1608
FDY55,,LF,0,Fruits and Vegetables,258.3988,OUT019,1985,Small,Tier 1,Grocery Store,256.9988,253.3988
NCS54,13.6,Low Fat,0.010013429,Household,176.437,OUT045,2002,,Tier 2,Supermarket Type1,4587.362,171.437
NCM07,9.395,Low Fat,0.040187877,Others,85.6908,OUT017,2007,,Tier 2,Supermarket Type1,1593.9252,80.6908
FDQ19,7.35,reg,0.024044279,Fruits and Vegetables,241.0512,OUT010,1998,,Tier 3,Grocery Store,242.3512,236.0512
FDS40,15.35,Low Fat,0.014007727,Frozen Foods,38.319,OUT013,1987,High,Tier 3,Supermarket Type1,292.952,33.319
FDC14,14.5,Regular,0.041214746,Canned,42.0454,OUT013,1987,High,Tier 3,Supermarket Type1,629.181,37.0454
FDR12,12.6,Regular,0.031663212,Baking Goods,173.2764,OUT018,2009,Medium,Tier 3,Supermarket Type2,1030.6584,168.2764
FDM60,10.8,Regular,0,Baking Goods,39.3138,OUT013,1987,High,Tier 3,Supermarket Type1,1015.345,34.3138
FDG26,18.85,Low Fat,0.042716162,Canned,257.833,OUT049,1999,Medium,Tier 1,Supermarket Type1,3332.329,252.833
NCL55,12.15,Low Fat,0.06479182,Others,254.004,OUT045,2002,,Tier 2,Supermarket Type1,2277.036,249.004
FDO21,11.6,Regular,0.009761175,Snack Foods,226.9404,OUT035,2004,Small,Tier 2,Supermarket Type1,1800.3232,221.9404
NCG18,15.3,Low Fat,0.02295878,Household,101.6332,OUT013,1987,High,Tier 3,Supermarket Type1,1845.5976,96.6332
FDA27,20.35,Regular,0.030927632,Dairy,256.8672,OUT046,1997,Small,Tier 1,Supermarket Type1,3579.3408,251.8672
DRG03,14.5,Low Fat,0.103752817,Dairy,155.1998,OUT010,1998,,Tier 3,Grocery Store,307.5996,150.1998
FDC22,6.89,Regular,0.136428395,Snack Foods,193.982,OUT046,1997,Small,Tier 1,Supermarket Type1,1737.738,188.982
FDC21,14.6,Regular,0.071904258,Fruits and Vegetables,106.8254,OUT010,1998,,Tier 3,Grocery Store,108.5254,101.8254
FDN50,16.85,reg,0.026627857,Canned,93.712,OUT018,2009,Medium,Tier 3,Supermarket Type2,745.696,88.712
DRF27,8.93,Low Fat,0.028393624,Dairy,153.434,OUT013,1987,High,Tier 3,Supermarket Type1,1378.206,148.434
FDW57,8.31,Regular,0.116331694,Snack Foods,176.9028,OUT017,2007,,Tier 2,Supermarket Type1,3010.7476,171.9028
FDM34,19,Low Fat,0.112893408,Snack Foods,131.0626,OUT010,1998,,Tier 3,Grocery Store,524.6504,126.0626
FDZ39,,Regular,0.017937483,Meat,103.499,OUT027,1985,Medium,Tier 3,Supermarket Type3,1547.985,98.499
FDU28,,Regular,0.164438907,Frozen Foods,188.4214,OUT019,1985,Small,Tier 1,Grocery Store,376.8428,183.4214
FDQ27,5.19,Regular,0.044252621,Meat,102.599,OUT046,1997,Small,Tier 1,Supermarket Type1,1651.184,97.599
FDQ52,17,Low Fat,0.120060274,Frozen Foods,246.5434,OUT017,2007,,Tier 2,Supermarket Type1,4470.1812,241.5434
FDT51,11.65,Regular,0.010909704,Meat,110.8544,OUT013,1987,High,Tier 3,Supermarket Type1,1677.816,105.8544
NCI30,20.25,Low Fat,0.059055045,Household,247.346,OUT045,2002,,Tier 2,Supermarket Type1,1970.768,242.346
NCX29,10,Low Fat,0.149223055,Health and Hygiene,145.8102,OUT010,1998,,Tier 3,Grocery Store,874.8612,140.8102
FDX38,,Regular,0.084404264,Dairy,49.5376,OUT019,1985,Small,Tier 1,Grocery Store,143.8128,44.5376
FDO08,11.1,Regular,0.054079556,Fruits and Vegetables,165.9526,OUT017,2007,,Tier 2,Supermarket Type1,2631.2416,160.9526
FDM15,11.8,reg,0.057655493,Meat,152.6366,OUT018,2009,Medium,Tier 3,Supermarket Type2,1662.5026,147.6366
FDW22,9.695,Regular,0.030413777,Snack Foods,221.3114,OUT018,2009,Medium,Tier 3,Supermarket Type2,2217.114,216.3114
FDT08,13.65,Low Fat,0.049496899,Fruits and Vegetables,151.505,OUT017,2007,,Tier 2,Supermarket Type1,2846.295,146.505
FDS32,17.75,Regular,0.029653914,Fruits and Vegetables,140.5838,OUT046,1997,Small,Tier 1,Supermarket Type1,2669.1922,135.5838
NCI06,11.3,Low Fat,0.047912071,Household,179.866,OUT018,2009,Medium,Tier 3,Supermarket Type2,1258.362,174.866
FDR21,,Low Fat,0.066611321,Snack Foods,178.237,OUT027,1985,Medium,Tier 3,Supermarket Type3,3705.177,173.237
FDD05,19.35,Low Fat,0.016611475,Frozen Foods,122.0098,OUT046,1997,Small,Tier 1,Supermarket Type1,2651.2156,117.0098
FDZ02,6.905,Regular,0.03822479,Dairy,99.8726,OUT045,2002,,Tier 2,Supermarket Type1,587.2356,94.8726
FDH47,13.5,Regular,0.129016487,Starchy Foods,98.4068,OUT049,1999,Medium,Tier 1,Supermarket Type1,1846.9292,93.4068
FDM58,16.85,Regular,0.080141165,Snack Foods,111.4544,OUT017,2007,,Tier 2,Supermarket Type1,2013.3792,106.4544
FDG09,20.6,Regular,0.0480335,Fruits and Vegetables,188.2556,OUT045,2002,,Tier 2,Supermarket Type1,3755.112,183.2556
FDO27,6.175,Regular,0.179355893,Meat,94.1752,OUT049,1999,Medium,Tier 1,Supermarket Type1,575.2512,89.1752
FDI41,18.5,Regular,0.062510529,Frozen Foods,146.8418,OUT018,2009,Medium,Tier 3,Supermarket Type2,2059.9852,141.8418
FDK34,13.35,Low Fat,0.038519399,Snack Foods,236.8564,OUT035,2004,Small,Tier 2,Supermarket Type1,5005.4844,231.8564
NCX54,,Low Fat,0.047827139,Household,105.3622,OUT027,1985,Medium,Tier 3,Supermarket Type3,3387.5904,100.3622
FDL14,8.115,Regular,0.032208865,Canned,154.9972,OUT049,1999,Medium,Tier 1,Supermarket Type1,3739.1328,149.9972
FDA13,15.85,Low Fat,0.078874948,Canned,37.4506,OUT018,2009,Medium,Tier 3,Supermarket Type2,303.6048,32.4506
FDS11,,Regular,0.097275777,Breads,223.9088,OUT019,1985,Small,Tier 1,Grocery Store,223.7088,218.9088
FDT43,16.35,Low Fat,0.020664178,Fruits and Vegetables,50.8324,OUT017,2007,,Tier 2,Supermarket Type1,1298.31,45.8324
FDR07,21.35,Low Fat,0.078060605,Fruits and Vegetables,96.0094,OUT018,2009,Medium,Tier 3,Supermarket Type2,380.8376,91.0094
FDF41,12.15,Low Fat,0.131714183,Frozen Foods,245.846,OUT018,2009,Medium,Tier 3,Supermarket Type2,4434.228,240.846
DRM23,16.6,Low Fat,0.135944247,Hard Drinks,172.0422,OUT049,1999,Medium,Tier 1,Supermarket Type1,2586.633,167.0422
FDO52,11.6,Regular,0.077478931,Frozen Foods,170.3106,OUT018,2009,Medium,Tier 3,Supermarket Type2,4277.765,165.3106
FDD10,20.6,Regular,0.046114018,Snack Foods,178.2344,OUT045,2002,,Tier 2,Supermarket Type1,1070.6064,173.2344
FDN38,,Regular,0.161030847,Canned,251.2408,OUT019,1985,Small,Tier 1,Grocery Store,1001.3632,246.2408
FDE17,20.1,Regular,0.054455495,Frozen Foods,149.5366,OUT046,1997,Small,Tier 1,Supermarket Type1,2871.5954,144.5366
FDZ03,13.65,Regular,0,Dairy,186.024,OUT018,2009,Medium,Tier 3,Supermarket Type2,4287.752,181.024
FDD03,13.3,Low Fat,0.080257683,Dairy,232.63,OUT017,2007,,Tier 2,Supermarket Type1,1864.24,227.63
NCW18,,Low Fat,0.059037538,Household,237.7248,OUT027,1985,Medium,Tier 3,Supermarket Type3,2607.2728,232.7248
DRG36,,LF,0.094916347,Soft Drinks,172.3106,OUT027,1985,Medium,Tier 3,Supermarket Type3,4277.765,167.3106
FDT43,16.35,Low Fat,0.034393057,Fruits and Vegetables,50.8324,OUT010,1998,,Tier 3,Grocery Store,155.7972,45.8324
NCU17,5.32,Low Fat,0.093261677,Health and Hygiene,100.9674,OUT018,2009,Medium,Tier 3,Supermarket Type2,1222.4088,95.9674
FDH50,15,Regular,0.16143544,Canned,185.1266,OUT046,1997,Small,Tier 1,Supermarket Type1,2766.399,180.1266
FDU57,8.27,Regular,0.089479661,Snack Foods,148.6708,OUT013,1987,High,Tier 3,Supermarket Type1,2106.5912,143.6708
FDA56,,Low Fat,0.008722342,Fruits and Vegetables,123.5414,OUT027,1985,Medium,Tier 3,Supermarket Type3,4508.1318,118.5414
FDZ15,13.1,Low Fat,0.020988798,Dairy,117.7782,OUT017,2007,,Tier 2,Supermarket Type1,1191.782,112.7782
FDY51,12.5,Low Fat,0.081260969,Meat,221.7798,OUT049,1999,Medium,Tier 1,Supermarket Type1,3085.3172,216.7798
DRF03,19.1,Low Fat,0.045308131,Dairy,42.5138,OUT046,1997,Small,Tier 1,Supermarket Type1,649.8208,37.5138
NCV06,11.3,Low Fat,0.06705851,Household,194.0478,OUT017,2007,,Tier 2,Supermarket Type1,3293.7126,189.0478
FDA21,13.65,Low Fat,0.035930784,Snack Foods,184.4924,OUT013,1987,High,Tier 3,Supermarket Type1,9069.5276,179.4924
NCQ53,,low fat,0.018813776,Health and Hygiene,235.259,OUT027,1985,Medium,Tier 3,Supermarket Type3,5672.616,230.259
NCO29,,Low Fat,0.032099989,Health and Hygiene,164.1526,OUT027,1985,Medium,Tier 3,Supermarket Type3,2960.1468,159.1526
FDT26,18.85,Regular,0.06823032,Dairy,121.044,OUT018,2009,Medium,Tier 3,Supermarket Type2,1557.972,116.044
FDI21,5.59,Regular,0.056592115,Snack Foods,65.0168,OUT035,2004,Small,Tier 2,Supermarket Type1,447.4176,60.0168
NCI55,18.6,Low Fat,0.012643035,Household,119.8414,OUT013,1987,High,Tier 3,Supermarket Type1,365.5242,114.8414
FDZ04,9.31,Low Fat,0.063529046,Frozen Foods,63.751,OUT010,1998,,Tier 3,Grocery Store,126.502,58.751
FDL27,6.17,Low Fat,0.010630949,Meat,65.9826,OUT046,1997,Small,Tier 1,Supermarket Type1,1162.4868,60.9826
FDS45,5.175,Regular,0.029490377,Snack Foods,107.6622,OUT035,2004,Small,Tier 2,Supermarket Type1,2858.2794,102.6622
NCG43,,Low Fat,0.129983688,Household,93.0462,OUT019,1985,Small,Tier 1,Grocery Store,185.0924,88.0462
FDU28,19.2,Regular,0.094300933,Frozen Foods,187.5214,OUT018,2009,Medium,Tier 3,Supermarket Type2,1695.7926,182.5214
FDO20,12.85,Regular,0.152001201,Fruits and Vegetables,252.3382,OUT013,1987,High,Tier 3,Supermarket Type1,6056.1168,247.3382
NCG55,16.25,Low Fat,0.039113587,Household,116.0176,OUT013,1987,High,Tier 3,Supermarket Type1,1488.7288,111.0176
NCM42,6.13,Low Fat,0.02848169,Household,110.4912,OUT017,2007,,Tier 2,Supermarket Type1,1310.2944,105.4912
NCG07,12.3,Low Fat,0.05271592,Household,189.653,OUT018,2009,Medium,Tier 3,Supermarket Type2,569.259,184.653
NCQ29,,Low Fat,0.182493512,Health and Hygiene,258.8278,OUT019,1985,Small,Tier 1,Grocery Store,1041.3112,253.8278
NCV05,10.1,Low Fat,0.050562853,Health and Hygiene,153.3656,OUT010,1998,,Tier 3,Grocery Store,463.3968,148.3656
NCO02,11.15,Low Fat,0.07366703,Others,66.2142,OUT018,2009,Medium,Tier 3,Supermarket Type2,131.8284,61.2142
FDH19,19.35,Low Fat,0.03322326,Meat,172.0738,OUT018,2009,Medium,Tier 3,Supermarket Type2,3301.7022,167.0738
DRG13,17.25,Low Fat,0.037396492,Soft Drinks,165.6526,OUT017,2007,,Tier 2,Supermarket Type1,1808.9786,160.6526
FDI57,19.85,Low Fat,0.054015429,Seafood,196.3768,OUT035,2004,Small,Tier 2,Supermarket Type1,4138.6128,191.3768
FDX51,9.5,Regular,0.02210346,Meat,194.7452,OUT045,2002,,Tier 2,Supermarket Type1,1370.2164,189.7452
FDW33,9.395,Low Fat,0.099274694,Snack Foods,104.528,OUT049,1999,Medium,Tier 1,Supermarket Type1,852.224,99.528
DRE12,4.59,Low Fat,0.070721656,Soft Drinks,113.286,OUT013,1987,High,Tier 3,Supermarket Type1,1471.418,108.286
FDY31,5.98,Low Fat,0.043554614,Fruits and Vegetables,148.2418,OUT035,2004,Small,Tier 2,Supermarket Type1,2354.2688,143.2418
FDR31,6.46,Regular,0.04923932,Fruits and Vegetables,144.4102,OUT049,1999,Medium,Tier 1,Supermarket Type1,4374.306,139.4102
FDS55,7.02,Low Fat,0.08114883,Fruits and Vegetables,146.8734,OUT035,2004,Small,Tier 2,Supermarket Type1,3563.3616,141.8734
DRL60,8.52,Low Fat,0.027054244,Soft Drinks,151.5682,OUT035,2004,Small,Tier 2,Supermarket Type1,3506.7686,146.5682
FDW55,12.6,Regular,0.036773101,Fruits and Vegetables,250.3092,OUT010,1998,,Tier 3,Grocery Store,249.0092,245.3092
FDT11,5.94,Regular,0.049163321,Breads,186.4556,OUT010,1998,,Tier 3,Grocery Store,563.2668,181.4556
FDO50,16.25,Low Fat,0.078168739,Canned,91.3804,OUT046,1997,Small,Tier 1,Supermarket Type1,1653.8472,86.3804
FDD28,10.695,Low Fat,0.05337973,Frozen Foods,56.7904,OUT049,1999,Medium,Tier 1,Supermarket Type1,1113.2176,51.7904
FDN28,5.88,Regular,0.030418998,Frozen Foods,103.099,OUT017,2007,,Tier 2,Supermarket Type1,1341.587,98.099
FDS35,9.3,LF,0.111673587,Breads,65.7826,OUT018,2009,Medium,Tier 3,Supermarket Type2,968.739,60.7826
FDB38,19.5,Regular,0.027341529,Canned,158.292,OUT035,2004,Small,Tier 2,Supermarket Type1,3994.8,153.292
FDT07,5.82,Regular,0.077634044,Fruits and Vegetables,256.433,OUT018,2009,Medium,Tier 3,Supermarket Type2,3844.995,251.433
FDC53,8.68,Low Fat,0.008835694,Frozen Foods,96.5384,OUT046,1997,Small,Tier 1,Supermarket Type1,1182.4608,91.5384
NCT41,15.7,Low Fat,0.055990291,Health and Hygiene,153.2024,OUT046,1997,Small,Tier 1,Supermarket Type1,3795.06,148.2024
FDR40,,Regular,0.00799548,Frozen Foods,78.5618,OUT027,1985,Medium,Tier 3,Supermarket Type3,2255.7304,73.5618
FDH32,12.8,Low Fat,0.076369874,Fruits and Vegetables,97.241,OUT018,2009,Medium,Tier 3,Supermarket Type2,1448.115,92.241
FDN60,15.1,Low Fat,0.095351065,Baking Goods,158.6604,OUT045,2002,,Tier 2,Supermarket Type1,2535.3664,153.6604
FDR33,7.31,Low Fat,0.026783871,Snack Foods,108.157,OUT035,2004,Small,Tier 2,Supermarket Type1,1098.57,103.157
FDB59,,Low Fat,0.01520491,Snack Foods,197.2084,OUT027,1985,Medium,Tier 3,Supermarket Type3,4166.5764,192.2084
FDS07,12.35,Low Fat,0.099757833,Fruits and Vegetables,113.9518,OUT046,1997,Small,Tier 1,Supermarket Type1,910.8144,108.9518
FDD02,16.6,LF,0,Canned,117.3124,OUT013,1987,High,Tier 3,Supermarket Type1,2014.7108,112.3124
FDH05,14.35,Regular,0.090896452,Frozen Foods,231.2984,OUT035,2004,Small,Tier 2,Supermarket Type1,6024.1584,226.2984
FDR04,7.075,Low Fat,0.022602061,Frozen Foods,98.1068,OUT049,1999,Medium,Tier 1,Supermarket Type1,1458.102,93.1068
DRJ47,18.25,Low Fat,0.044250304,Hard Drinks,174.708,OUT046,1997,Small,Tier 1,Supermarket Type1,2423.512,169.708
FDW50,13.1,Low Fat,0.075885921,Dairy,165.1158,OUT018,2009,Medium,Tier 3,Supermarket Type2,1504.0422,160.1158
NCJ17,7.68,Low Fat,0.153177941,Health and Hygiene,85.2224,OUT018,2009,Medium,Tier 3,Supermarket Type2,1278.336,80.2224
FDH60,19.7,Regular,0,Baking Goods,197.911,OUT045,2002,,Tier 2,Supermarket Type1,1767.699,192.911
DRL60,8.52,Low Fat,0.027114238,Soft Drinks,151.9682,OUT045,2002,,Tier 2,Supermarket Type1,1677.1502,146.9682
FDS32,17.75,Regular,0.049634572,Fruits and Vegetables,140.2838,OUT010,1998,,Tier 3,Grocery Store,280.9676,135.2838
FDM58,,reg,0,Snack Foods,112.2544,OUT027,1985,Medium,Tier 3,Supermarket Type3,3914.904,107.2544
FDK10,5.785,Regular,0.040587146,Snack Foods,180.366,OUT017,2007,,Tier 2,Supermarket Type1,1258.362,175.366
NCS30,5.945,LF,0.093008616,Household,127.8652,OUT035,2004,Small,Tier 2,Supermarket Type1,2195.8084,122.8652
FDY15,18.25,Regular,0.17179432,Dairy,154.663,OUT017,2007,,Tier 2,Supermarket Type1,2659.871,149.663
FDC53,8.68,Low Fat,0.008828341,Frozen Foods,99.9384,OUT013,1987,High,Tier 3,Supermarket Type1,689.7688,94.9384
FDK45,11.65,LF,0.033858187,Seafood,113.386,OUT046,1997,Small,Tier 1,Supermarket Type1,2603.278,108.386
FDH26,19.25,reg,0.034841089,Canned,141.1496,OUT018,2009,Medium,Tier 3,Supermarket Type2,282.2992,136.1496
NCW06,16.2,Low Fat,0.08425957,Household,192.3162,OUT010,1998,,Tier 3,Grocery Store,769.6648,187.3162
FDV37,13,Regular,0.083444376,Canned,195.8426,OUT013,1987,High,Tier 3,Supermarket Type1,4152.5946,190.8426
FDB52,17.75,low fat,0.030497325,Dairy,256.9672,OUT045,2002,,Tier 2,Supermarket Type1,1534.0032,251.9672
FDF41,12.15,Low Fat,0.131179812,Frozen Foods,245.246,OUT046,1997,Small,Tier 1,Supermarket Type1,3202.498,240.246
FDA39,6.32,Low Fat,0.012737719,Meat,38.5822,OUT049,1999,Medium,Tier 1,Supermarket Type1,353.5398,33.5822
FDE56,17.25,Regular,0.159165324,Fruits and Vegetables,63.4194,OUT035,2004,Small,Tier 2,Supermarket Type1,1547.985,58.4194
FDC56,7.72,Low Fat,0.122015744,Fruits and Vegetables,121.744,OUT018,2009,Medium,Tier 3,Supermarket Type2,2277.036,116.744
FDT26,18.85,Regular,0.068091318,Dairy,120.644,OUT045,2002,,Tier 2,Supermarket Type1,3475.476,115.644
FDR21,19.7,Low Fat,0.067314073,Snack Foods,175.137,OUT017,2007,,Tier 2,Supermarket Type1,2822.992,170.137
FDC14,14.5,Regular,0.041249072,Canned,40.5454,OUT046,1997,Small,Tier 1,Supermarket Type1,1216.4166,35.5454
FDI32,17.7,Low Fat,0.174340475,Fruits and Vegetables,116.6834,OUT035,2004,Small,Tier 2,Supermarket Type1,3570.6854,111.6834
FDI02,15.7,Regular,0.11454343,Canned,113.7202,OUT035,2004,Small,Tier 2,Supermarket Type1,3263.0858,108.7202
FDE22,9.695,Low Fat,0.029693277,Snack Foods,159.792,OUT018,2009,Medium,Tier 3,Supermarket Type2,2716.464,154.792
FDW26,11.8,Regular,0.107057186,Dairy,224.1772,OUT046,1997,Small,Tier 1,Supermarket Type1,3558.0352,219.1772
FDA36,,Low Fat,0.009921107,Baking Goods,183.6924,OUT019,1985,Small,Tier 1,Grocery Store,555.2772,178.6924
NCS06,,Low Fat,0.031583053,Household,260.991,OUT027,1985,Medium,Tier 3,Supermarket Type3,7100.757,255.991
NCX05,15.2,Low Fat,0.097043739,Health and Hygiene,116.8492,OUT035,2004,Small,Tier 2,Supermarket Type1,2664.5316,111.8492
FDU19,8.77,reg,0.046762633,Fruits and Vegetables,170.8422,OUT035,2004,Small,Tier 2,Supermarket Type1,1724.422,165.8422
FDA49,19.7,Low Fat,0.064909488,Canned,88.5198,OUT035,2004,Small,Tier 2,Supermarket Type1,1308.297,83.5198
NCZ42,10.5,LF,0.011305479,Household,235.5248,OUT049,1999,Medium,Tier 1,Supermarket Type1,4740.496,230.5248
FDX32,15.1,Regular,0,Fruits and Vegetables,146.2786,OUT010,1998,,Tier 3,Grocery Store,433.4358,141.2786
FDR01,5.405,Regular,0.053576661,Canned,200.5742,OUT013,1987,High,Tier 3,Supermarket Type1,2388.8904,195.5742
FDQ15,20.35,Regular,0.150947728,Meat,81.0276,OUT013,1987,High,Tier 3,Supermarket Type1,1868.2348,76.0276
FDQ14,,low fat,0.10818157,Dairy,149.605,OUT019,1985,Small,Tier 1,Grocery Store,449.415,144.605
FDS56,5.785,Regular,0.038749536,Fruits and Vegetables,262.0252,OUT035,2004,Small,Tier 2,Supermarket Type1,4459.5284,257.0252
DRJ24,11.8,Low Fat,0.113790879,Soft Drinks,185.3924,OUT018,2009,Medium,Tier 3,Supermarket Type2,370.1848,180.3924
FDG52,,Low Fat,0.065313024,Frozen Foods,47.1402,OUT027,1985,Medium,Tier 3,Supermarket Type3,1516.0266,42.1402
FDF59,12.5,Low Fat,0,Starchy Foods,127.102,OUT017,2007,,Tier 2,Supermarket Type1,253.004,122.102
DRM49,6.11,Regular,0.152813518,Soft Drinks,45.6086,OUT017,2007,,Tier 2,Supermarket Type1,1025.9978,40.6086
NCP02,7.105,Low Fat,0.044771473,Household,58.2562,OUT013,1987,High,Tier 3,Supermarket Type1,592.562,53.2562
FDW13,8.5,Low Fat,0.098083231,Canned,50.3324,OUT045,2002,,Tier 2,Supermarket Type1,675.1212,45.3324
FDV12,16.7,Regular,0.06121901,Baking Goods,100.0384,OUT017,2007,,Tier 2,Supermarket Type1,1970.768,95.0384
FDH14,17.1,Regular,0.047073322,Canned,138.6838,OUT017,2007,,Tier 2,Supermarket Type1,2950.1598,133.6838
FDQ20,8.325,Low Fat,0.029953314,Fruits and Vegetables,39.5138,OUT017,2007,,Tier 2,Supermarket Type1,568.5932,34.5138
FDT45,15.85,Low Fat,0,Snack Foods,55.1956,OUT013,1987,High,Tier 3,Supermarket Type1,1255.6988,50.1956
NCM26,,Low Fat,0.040520754,Others,153.934,OUT019,1985,Small,Tier 1,Grocery Store,153.134,148.934
FDJ22,,Low Fat,0.052554508,Snack Foods,190.3504,OUT027,1985,Medium,Tier 3,Supermarket Type3,1917.504,185.3504
FDD29,12.15,Low Fat,0.018514652,Frozen Foods,252.7698,OUT017,2007,,Tier 2,Supermarket Type1,5834.4054,247.7698
FDA13,15.85,Low Fat,0.07871426,Canned,37.2506,OUT045,2002,,Tier 2,Supermarket Type1,493.3578,32.2506
FDV47,17.1,Low Fat,0.054197299,Breads,83.5566,OUT035,2004,Small,Tier 2,Supermarket Type1,1860.2452,78.5566
FDS57,15.5,Low Fat,0.103442268,Snack Foods,144.847,OUT046,1997,Small,Tier 1,Supermarket Type1,2433.499,139.847
DRG36,14.15,LF,0.095360186,Soft Drinks,172.3106,OUT035,2004,Small,Tier 2,Supermarket Type1,3251.1014,167.3106
FDK38,,low fat,0.053031857,Canned,149.1734,OUT027,1985,Medium,Tier 3,Supermarket Type3,4454.202,144.1734
DRJ49,6.865,Low Fat,0.013990601,Soft Drinks,127.6652,OUT035,2004,Small,Tier 2,Supermarket Type1,2841.6344,122.6652
FDR37,16.5,Regular,0.066237024,Breakfast,183.1292,OUT035,2004,Small,Tier 2,Supermarket Type1,6385.022,178.1292
NCS53,14.5,Low Fat,0.089761211,Health and Hygiene,159.4604,OUT035,2004,Small,Tier 2,Supermarket Type1,2376.906,154.4604
FDR22,19.35,Regular,0.01863822,Snack Foods,110.2544,OUT018,2009,Medium,Tier 3,Supermarket Type2,1677.816,105.2544
NCP42,8.51,Low Fat,0.016176344,Household,192.1478,OUT018,2009,Medium,Tier 3,Supermarket Type2,1937.478,187.1478
FDK38,6.65,Low Fat,0.089196394,Canned,147.0734,OUT010,1998,,Tier 3,Grocery Store,296.9468,142.0734
NCC43,7.39,Low Fat,0.092782895,Household,252.6066,OUT046,1997,Small,Tier 1,Supermarket Type1,2259.0594,247.6066
FDH57,10.895,Low Fat,0.0358031,Fruits and Vegetables,130.3284,OUT049,1999,Medium,Tier 1,Supermarket Type1,2504.7396,125.3284
FDQ25,8.63,Regular,0.028271345,Canned,170.5422,OUT035,2004,Small,Tier 2,Supermarket Type1,2069.3064,165.5422
FDA11,7.75,Low Fat,0.043238822,Baking Goods,92.5436,OUT046,1997,Small,Tier 1,Supermarket Type1,1701.7848,87.5436
FDG31,12.15,Low Fat,0.037955309,Meat,62.8826,OUT049,1999,Medium,Tier 1,Supermarket Type1,710.4086,57.8826
FDW28,18.25,Low Fat,0.089186083,Frozen Foods,194.3452,OUT018,2009,Medium,Tier 3,Supermarket Type2,4502.1396,189.3452
FDV14,19.85,Low Fat,0.044566659,Dairy,88.5856,OUT049,1999,Medium,Tier 1,Supermarket Type1,703.0848,83.5856
FDB60,9.3,Low Fat,0.028638276,Baking Goods,195.8136,OUT018,2009,Medium,Tier 3,Supermarket Type2,2138.5496,190.8136
FDU43,,Regular,0.057762301,Fruits and Vegetables,237.3564,OUT027,1985,Medium,Tier 3,Supermarket Type3,2145.2076,232.3564
DRH11,5.98,LF,0.075711199,Hard Drinks,55.6614,OUT045,2002,,Tier 2,Supermarket Type1,331.5684,50.6614
FDC48,,Low Fat,0.027767577,Baking Goods,82.1592,OUT019,1985,Small,Tier 1,Grocery Store,412.796,77.1592
DRK39,7.02,Low Fat,0.049865399,Dairy,82.925,OUT046,1997,Small,Tier 1,Supermarket Type1,1165.15,77.925
FDB20,7.72,Low Fat,0.052061483,Fruits and Vegetables,76.7986,OUT049,1999,Medium,Tier 1,Supermarket Type1,1324.2762,71.7986
FDE51,5.925,Regular,0.096387053,Dairy,45.6086,OUT013,1987,High,Tier 3,Supermarket Type1,356.8688,40.6086
FDX36,9.695,Regular,0.128176489,Baking Goods,224.8404,OUT013,1987,High,Tier 3,Supermarket Type1,3600.6464,219.8404
NCT29,12.6,Low Fat,0.064110725,Health and Hygiene,122.3414,OUT046,1997,Small,Tier 1,Supermarket Type1,243.6828,117.3414
FDU45,15.6,Regular,0.035561344,Snack Foods,112.1518,OUT049,1999,Medium,Tier 1,Supermarket Type1,1821.6288,107.1518
FDF56,16.7,Regular,0.119647957,Fruits and Vegetables,180.9976,OUT049,1999,Medium,Tier 1,Supermarket Type1,4165.2448,175.9976
FDW07,18,Regular,0.238831875,Fruits and Vegetables,88.2514,OUT010,1998,,Tier 3,Grocery Store,88.5514,83.2514
FDR52,,Regular,0.075676339,Frozen Foods,190.4846,OUT027,1985,Medium,Tier 3,Supermarket Type3,8789.8916,185.4846
FDB45,20.85,LF,0.021416681,Fruits and Vegetables,104.6306,OUT018,2009,Medium,Tier 3,Supermarket Type2,1149.8366,99.6306
NCT42,,Low Fat,0.024766802,Household,151.0392,OUT027,1985,Medium,Tier 3,Supermarket Type3,3281.0624,146.0392
FDP52,18.7,reg,0.070691729,Frozen Foods,230.201,OUT046,1997,Small,Tier 1,Supermarket Type1,5742.525,225.201
FDI50,,Regular,0.030693309,Canned,228.0352,OUT027,1985,Medium,Tier 3,Supermarket Type3,10306.584,223.0352
FDU48,18.85,Low Fat,0.055671582,Baking Goods,133.3284,OUT017,2007,,Tier 2,Supermarket Type1,263.6568,128.3284
FDS43,11.65,Low Fat,0.040507228,Fruits and Vegetables,186.924,OUT035,2004,Small,Tier 2,Supermarket Type1,2237.088,181.924
NCM41,16.5,Low Fat,0.035626319,Health and Hygiene,93.112,OUT013,1987,High,Tier 3,Supermarket Type1,932.12,88.112
FDP37,15.6,Low Fat,0.143688905,Breakfast,128.1994,OUT018,2009,Medium,Tier 3,Supermarket Type2,2184.4898,123.1994
FDJ44,12.3,Regular,0.106542886,Fruits and Vegetables,173.2396,OUT045,2002,,Tier 2,Supermarket Type1,3139.9128,168.2396
FDY38,,Regular,0.208662546,Dairy,231.83,OUT019,1985,Small,Tier 1,Grocery Store,466.06,226.83
FDC20,10.65,Low Fat,0.024107056,Fruits and Vegetables,56.6272,OUT017,2007,,Tier 2,Supermarket Type1,447.4176,51.6272
FDF02,16.2,Low Fat,0.104058452,Canned,102.499,OUT017,2007,,Tier 2,Supermarket Type1,2063.98,97.499
FDX38,10.5,Regular,0.048403392,Dairy,48.2376,OUT018,2009,Medium,Tier 3,Supermarket Type2,527.3136,43.2376
FDN50,,Regular,0.026391403,Canned,92.812,OUT027,1985,Medium,Tier 3,Supermarket Type3,2609.936,87.812
FDA07,7.55,Regular,0.031007381,Fruits and Vegetables,123.4072,OUT045,2002,,Tier 2,Supermarket Type1,2082.6224,118.4072
FDT49,,Low Fat,0.150672399,Canned,104.728,OUT027,1985,Medium,Tier 3,Supermarket Type3,2450.144,99.728
FDA09,13.35,Regular,0.149598628,Snack Foods,179.466,OUT049,1999,Medium,Tier 1,Supermarket Type1,3775.086,174.466
FDV43,16,Low Fat,0.077290355,Fruits and Vegetables,44.5086,OUT017,2007,,Tier 2,Supermarket Type1,713.7376,39.5086
FDK58,,Regular,0.078758649,Snack Foods,103.0016,OUT019,1985,Small,Tier 1,Grocery Store,202.4032,98.0016
FDL22,16.85,Low Fat,0.036359891,Snack Foods,90.7488,OUT013,1987,High,Tier 3,Supermarket Type1,2263.72,85.7488
FDP56,8.185,Low Fat,0.046747071,Fruits and Vegetables,49.9692,OUT017,2007,,Tier 2,Supermarket Type1,837.5764,44.9692
DRL47,19.7,Low Fat,0,Hard Drinks,125.9362,OUT049,1999,Medium,Tier 1,Supermarket Type1,1635.8706,120.9362
NCT17,10.8,Low Fat,0.041865848,Health and Hygiene,189.7214,OUT046,1997,Small,Tier 1,Supermarket Type1,5841.0634,184.7214
FDR12,12.6,Regular,0.031713126,Baking Goods,172.5764,OUT017,2007,,Tier 2,Supermarket Type1,1030.6584,167.5764
FDD39,16.7,Low Fat,0.07044068,Dairy,216.885,OUT018,2009,Medium,Tier 3,Supermarket Type2,6275.165,211.885
FDG04,13.1,Low Fat,0.006087409,Frozen Foods,185.0898,OUT018,2009,Medium,Tier 3,Supermarket Type2,1870.898,180.0898
FDV19,14.85,Regular,0.035456465,Fruits and Vegetables,162.2578,OUT017,2007,,Tier 2,Supermarket Type1,3690.5294,157.2578
FDS55,,Low Fat,0.142107998,Fruits and Vegetables,150.3734,OUT019,1985,Small,Tier 1,Grocery Store,296.9468,145.3734
FDM50,13,Regular,0.030064132,Canned,58.022,OUT013,1987,High,Tier 3,Supermarket Type1,898.83,53.022
DRF13,12.1,Low Fat,0.029781363,Soft Drinks,146.9444,OUT046,1997,Small,Tier 1,Supermarket Type1,1596.5884,141.9444
FDJ48,11.3,Low Fat,0.056387854,Baking Goods,245.4118,OUT013,1987,High,Tier 3,Supermarket Type1,6669.3186,240.4118
FDM20,10,Low Fat,0.038653608,Fruits and Vegetables,245.4144,OUT013,1987,High,Tier 3,Supermarket Type1,7105.4176,240.4144
FDP24,20.6,Low Fat,0.083172413,Baking Goods,121.0756,OUT045,2002,,Tier 2,Supermarket Type1,1696.4584,116.0756
FDC16,11.5,Regular,0.020565921,Dairy,86.054,OUT035,2004,Small,Tier 2,Supermarket Type1,1384.864,81.054
NCB42,11.8,LF,0.008609602,Health and Hygiene,114.8492,OUT017,2007,,Tier 2,Supermarket Type1,1390.1904,109.8492
FDN01,8.895,Low Fat,0.121180705,Breakfast,177.037,OUT010,1998,,Tier 3,Grocery Store,176.437,172.037
FDT34,9.3,Low Fat,0.174703862,Snack Foods,104.0964,OUT045,2002,,Tier 2,Supermarket Type1,1788.3388,99.0964
FDA52,,Regular,0.127800388,Frozen Foods,177.037,OUT027,1985,Medium,Tier 3,Supermarket Type3,4587.362,172.037
NCC18,19.1,Low Fat,0.296713665,Household,171.8422,OUT010,1998,,Tier 3,Grocery Store,1034.6532,166.8422
NCR41,17.85,Low Fat,0.018125948,Health and Hygiene,94.9094,OUT017,2007,,Tier 2,Supermarket Type1,761.6752,89.9094
FDX23,6.445,Low Fat,0.029859711,Baking Goods,94.1436,OUT017,2007,,Tier 2,Supermarket Type1,1418.154,89.1436
FDP39,12.65,Low Fat,0.116203156,Meat,53.5324,OUT010,1998,,Tier 3,Grocery Store,415.4592,48.5324
NCH07,13.15,Low Fat,0.09264951,Household,157.8604,OUT035,2004,Small,Tier 2,Supermarket Type1,3803.0496,152.8604
FDW47,,Low Fat,0.081197035,Breads,121.7414,OUT019,1985,Small,Tier 1,Grocery Store,365.5242,116.7414
DRD13,15,Low Fat,0.049070183,Soft Drinks,61.9168,OUT035,2004,Small,Tier 2,Supermarket Type1,767.0016,56.9168
FDR48,11.65,Low Fat,0.131394793,Baking Goods,151.9024,OUT013,1987,High,Tier 3,Supermarket Type1,1669.8264,146.9024
FDE17,20.1,Regular,0,Frozen Foods,152.2366,OUT010,1998,,Tier 3,Grocery Store,151.1366,147.2366
FDP60,17.35,Low Fat,0,Baking Goods,102.9016,OUT046,1997,Small,Tier 1,Supermarket Type1,1922.8304,97.9016
FDD57,18.1,Low Fat,0.022526293,Fruits and Vegetables,95.0094,OUT017,2007,,Tier 2,Supermarket Type1,1713.7692,90.0094
FDW13,8.5,low fat,0.163838951,Canned,51.3324,OUT010,1998,,Tier 3,Grocery Store,311.5944,46.3324
FDN24,14.1,Low Fat,0.11349714,Baking Goods,56.1956,OUT045,2002,,Tier 2,Supermarket Type1,1364.89,51.1956
FDJ34,11.8,Regular,0.094185483,Snack Foods,126.2704,OUT017,2007,,Tier 2,Supermarket Type1,2002.7264,121.2704
FDD46,6.035,low fat,0.14113846,Snack Foods,155.0998,OUT013,1987,High,Tier 3,Supermarket Type1,3691.1952,150.0998
FDF46,,Low Fat,0.164006137,Snack Foods,113.2834,OUT019,1985,Small,Tier 1,Grocery Store,575.917,108.2834
NCE43,12.5,Low Fat,0.17314115,Household,168.4448,OUT010,1998,,Tier 3,Grocery Store,170.4448,163.4448
FDN27,20.85,Low Fat,0.039555016,Meat,116.8808,OUT035,2004,Small,Tier 2,Supermarket Type1,820.2656,111.8808
FDW52,14,Regular,0.037580877,Frozen Foods,162.6526,OUT049,1999,Medium,Tier 1,Supermarket Type1,4275.7676,157.6526
DRH03,17.25,Low Fat,0.035064318,Dairy,92.412,OUT046,1997,Small,Tier 1,Supermarket Type1,1304.968,87.412
NCM29,11.5,Low Fat,0.017678008,Health and Hygiene,129.2626,OUT045,2002,,Tier 2,Supermarket Type1,1705.1138,124.2626
FDR58,6.675,Low Fat,0.041986639,Snack Foods,93.2462,OUT049,1999,Medium,Tier 1,Supermarket Type1,1480.7392,88.2462
FDY50,5.8,Low Fat,0.130955811,Dairy,90.3172,OUT046,1997,Small,Tier 1,Supermarket Type1,1338.258,85.3172
FDE16,8.895,Low Fat,0.026492726,Frozen Foods,208.4954,OUT017,2007,,Tier 2,Supermarket Type1,6251.862,203.4954
NCE31,7.67,Low Fat,0.185130961,Household,32.9216,OUT049,1999,Medium,Tier 1,Supermarket Type1,588.5672,27.9216
FDE53,10.895,Low Fat,0.026934673,Frozen Foods,106.128,OUT045,2002,,Tier 2,Supermarket Type1,319.584,101.128
DRK11,8.21,Low Fat,0,Hard Drinks,148.2392,OUT045,2002,,Tier 2,Supermarket Type1,1491.392,143.2392
DRH13,8.575,Low Fat,0.023866079,Soft Drinks,107.128,OUT013,1987,High,Tier 3,Supermarket Type1,958.752,102.128
FDA11,7.75,Low Fat,0.043414959,Baking Goods,93.1436,OUT018,2009,Medium,Tier 3,Supermarket Type2,1418.154,88.1436
DRL35,,Low Fat,0.030554947,Hard Drinks,41.877,OUT027,1985,Medium,Tier 3,Supermarket Type3,1125.202,36.877
DRF36,,Low Fat,0.023463124,Soft Drinks,190.6846,OUT027,1985,Medium,Tier 3,Supermarket Type3,9554.23,185.6846
FDI07,12.35,Regular,0.033951827,Meat,197.2426,OUT017,2007,,Tier 2,Supermarket Type1,2966.139,192.2426
FDI32,17.7,Low Fat,0.174228338,Fruits and Vegetables,117.1834,OUT013,1987,High,Tier 3,Supermarket Type1,691.1004,112.1834
DRL60,8.52,Low Fat,0.027169589,Soft Drinks,151.0682,OUT018,2009,Medium,Tier 3,Supermarket Type2,1829.6184,146.0682
NCY17,18.2,Low Fat,0.1630653,Health and Hygiene,43.3086,OUT035,2004,Small,Tier 2,Supermarket Type1,758.3462,38.3086
DRH36,,Low Fat,0.058444176,Soft Drinks,73.0696,OUT019,1985,Small,Tier 1,Grocery Store,223.7088,68.0696
FDX02,16,Low Fat,0.057049301,Dairy,225.9404,OUT035,2004,Small,Tier 2,Supermarket Type1,1350.2424,220.9404
FDG46,8.63,Regular,0.032960823,Snack Foods,115.0518,OUT049,1999,Medium,Tier 1,Supermarket Type1,1366.2216,110.0518
FDM60,10.8,Regular,0,Baking Goods,40.7138,OUT017,2007,,Tier 2,Supermarket Type1,406.138,35.7138
FDJ22,18.75,Low Fat,0.053025371,Snack Foods,192.5504,OUT018,2009,Medium,Tier 3,Supermarket Type2,2109.2544,187.5504
FDU59,5.78,Low Fat,0.096306016,Breads,161.9552,OUT013,1987,High,Tier 3,Supermarket Type1,2111.9176,156.9552
FDL38,13.8,Regular,0.014762987,Canned,90.7172,OUT045,2002,,Tier 2,Supermarket Type1,1338.258,85.7172
FDZ23,17.75,Regular,0.067446626,Baking Goods,184.724,OUT013,1987,High,Tier 3,Supermarket Type1,1677.816,179.724
FDX52,11.5,Regular,0.042173667,Frozen Foods,194.682,OUT018,2009,Medium,Tier 3,Supermarket Type2,2316.984,189.682
NCB42,11.8,LF,0.008578539,Health and Hygiene,117.6492,OUT045,2002,,Tier 2,Supermarket Type1,1158.492,112.6492
NCU18,15.1,Low Fat,0.056155909,Household,140.5496,OUT017,2007,,Tier 2,Supermarket Type1,2681.8424,135.5496
FDI32,,Low Fat,0.305305397,Fruits and Vegetables,116.6834,OUT019,1985,Small,Tier 1,Grocery Store,460.7336,111.6834
DRZ11,8.85,Regular,0.112571187,Soft Drinks,122.0388,OUT013,1987,High,Tier 3,Supermarket Type1,1609.9044,117.0388
NCL54,12.6,Low Fat,0.083221904,Household,174.5054,OUT017,2007,,Tier 2,Supermarket Type1,2626.581,169.5054
FDS19,13.8,Regular,0.064195136,Fruits and Vegetables,75.8012,OUT035,2004,Small,Tier 2,Supermarket Type1,1138.518,70.8012
DRB13,6.115,Regular,0.007055292,Soft Drinks,188.653,OUT049,1999,Medium,Tier 1,Supermarket Type1,3605.307,183.653
DRI51,17.25,Low Fat,0.070703828,Dairy,170.3764,OUT010,1998,,Tier 3,Grocery Store,343.5528,165.3764
FDS57,,Low Fat,0.102941345,Snack Foods,142.047,OUT027,1985,Medium,Tier 3,Supermarket Type3,2719.793,137.047
FDT39,6.26,Regular,0.009887927,Meat,150.7366,OUT045,2002,,Tier 2,Supermarket Type1,2418.1856,145.7366
FDH48,13.5,Low Fat,0.101231721,Baking Goods,86.254,OUT010,1998,,Tier 3,Grocery Store,173.108,81.254
NCB18,19.6,Low Fat,0.069112952,Household,90.1514,OUT010,1998,,Tier 3,Grocery Store,442.757,85.1514
FDR25,,Regular,0.138846289,Canned,263.7884,OUT027,1985,Medium,Tier 3,Supermarket Type3,1324.942,258.7884
FDV21,11.5,Low Fat,0.171050595,Snack Foods,126.3704,OUT035,2004,Small,Tier 2,Supermarket Type1,3880.2824,121.3704
DRH23,14.65,Low Fat,0,Hard Drinks,54.9614,OUT049,1999,Medium,Tier 1,Supermarket Type1,552.614,49.9614
FDS52,8.89,Low Fat,0.005496816,Frozen Foods,102.8016,OUT018,2009,Medium,Tier 3,Supermarket Type2,1012.016,97.8016
NCC31,8.02,LF,0.033259081,Household,154.2972,OUT010,1998,,Tier 3,Grocery Store,1090.5804,149.2972
FDU03,18.7,Regular,0.092095924,Meat,183.3292,OUT017,2007,,Tier 2,Supermarket Type1,2006.7212,178.3292
FDG50,7.405,Low Fat,0.015295536,Canned,89.7146,OUT049,1999,Medium,Tier 1,Supermarket Type1,547.2876,84.7146
FDY31,5.98,Low Fat,0.043526599,Fruits and Vegetables,148.4418,OUT013,1987,High,Tier 3,Supermarket Type1,2354.2688,143.4418
FDX39,,Regular,0.049435598,Meat,209.7586,OUT027,1985,Medium,Tier 3,Supermarket Type3,5487.5236,204.7586
FDE46,,Low Fat,0.027610698,Snack Foods,149.5366,OUT019,1985,Small,Tier 1,Grocery Store,604.5464,144.5366
NCN29,15.2,Low Fat,0.012141036,Health and Hygiene,48.7034,OUT045,2002,,Tier 2,Supermarket Type1,680.4476,43.7034
DRF13,12.1,Low Fat,0.029949818,Soft Drinks,146.3444,OUT017,2007,,Tier 2,Supermarket Type1,3773.7544,141.3444
FDT46,,Low Fat,0.053939315,Snack Foods,52.1008,OUT019,1985,Small,Tier 1,Grocery Store,50.6008,47.1008
FDS58,9.285,Regular,0,Snack Foods,161.5578,OUT046,1997,Small,Tier 1,Supermarket Type1,4653.2762,156.5578
FDX52,,Regular,0.073541072,Frozen Foods,192.282,OUT019,1985,Small,Tier 1,Grocery Store,386.164,187.282
FDP27,8.155,Low Fat,0.199935881,Meat,188.453,OUT010,1998,,Tier 3,Grocery Store,379.506,183.453
FDX44,9.3,Low Fat,0.043033346,Fruits and Vegetables,89.4172,OUT049,1999,Medium,Tier 1,Supermarket Type1,1159.8236,84.4172
DRO35,13.85,Low Fat,0.034570357,Hard Drinks,117.4492,OUT046,1997,Small,Tier 1,Supermarket Type1,3243.7776,112.4492
FDC59,16.7,Regular,0.054739692,Starchy Foods,65.7168,OUT045,2002,,Tier 2,Supermarket Type1,1086.5856,60.7168
FDB12,11.15,Regular,0.105471384,Baking Goods,105.8648,OUT049,1999,Medium,Tier 1,Supermarket Type1,1973.4312,100.8648
FDU26,16.7,Regular,0.042610897,Dairy,117.2782,OUT035,2004,Small,Tier 2,Supermarket Type1,715.0692,112.2782
NCF30,17,Low Fat,0.126758324,Household,124.5362,OUT018,2009,Medium,Tier 3,Supermarket Type2,1132.5258,119.5362
FDX20,7.365,Low Fat,0.042524835,Fruits and Vegetables,228.372,OUT013,1987,High,Tier 3,Supermarket Type1,4527.44,223.372
FDN02,16.5,Low Fat,0.073813788,Canned,207.2638,OUT035,2004,Small,Tier 2,Supermarket Type1,5383.6588,202.2638
DRC27,13.8,Low Fat,0.097251621,Dairy,245.7802,OUT010,1998,,Tier 3,Grocery Store,245.6802,240.7802
FDZ38,,Low Fat,0.014008751,Dairy,171.3422,OUT019,1985,Small,Tier 1,Grocery Store,862.211,166.3422
DRH25,18.7,Low Fat,0.02442574,Soft Drinks,52.9324,OUT010,1998,,Tier 3,Grocery Store,51.9324,47.9324
FDK21,7.905,Low Fat,0.010012319,Snack Foods,250.4408,OUT046,1997,Small,Tier 1,Supermarket Type1,3004.0896,245.4408
FDT01,13.65,Regular,0.184454044,Canned,211.4902,OUT049,1999,Medium,Tier 1,Supermarket Type1,4035.4138,206.4902
FDZ09,17.6,Low Fat,0.105042025,Snack Foods,163.8868,OUT049,1999,Medium,Tier 1,Supermarket Type1,3111.9492,158.8868
DRL37,15.5,Low Fat,0.053589594,Soft Drinks,44.177,OUT018,2009,Medium,Tier 3,Supermarket Type2,173.108,39.177
FDN49,17.25,Regular,0.125734578,Breakfast,41.748,OUT018,2009,Medium,Tier 3,Supermarket Type2,199.74,36.748
FDC22,6.89,Regular,0.136705075,Snack Foods,194.882,OUT045,2002,,Tier 2,Supermarket Type1,4440.886,189.882
FDT33,7.81,Regular,0.03412912,Snack Foods,165.1158,OUT018,2009,Medium,Tier 3,Supermarket Type2,1838.2738,160.1158
NCB43,20.2,Low Fat,0.100319317,Household,188.6898,OUT018,2009,Medium,Tier 3,Supermarket Type2,3367.6164,183.6898
DRI25,,Low Fat,0.033737273,Soft Drinks,56.6614,OUT027,1985,Medium,Tier 3,Supermarket Type3,607.8754,51.6614
FDD21,10.3,Regular,0.030569229,Fruits and Vegetables,113.1176,OUT046,1997,Small,Tier 1,Supermarket Type1,4695.2216,108.1176
FDS23,4.635,Low Fat,0.14086247,Breads,126.4994,OUT035,2004,Small,Tier 2,Supermarket Type1,1670.4922,121.4994
FDS13,6.465,Low Fat,0.208397715,Canned,265.2884,OUT010,1998,,Tier 3,Grocery Store,264.9884,260.2884
DRI03,,Low Fat,0.039751236,Dairy,176.9028,OUT019,1985,Small,Tier 1,Grocery Store,708.4112,171.9028
FDU58,6.61,Regular,0,Snack Foods,186.4898,OUT045,2002,,Tier 2,Supermarket Type1,2993.4368,181.4898
FDL09,,Regular,0.127416049,Snack Foods,167.4816,OUT027,1985,Medium,Tier 3,Supermarket Type3,1006.6896,162.4816
FDS12,9.1,Low Fat,0.291438755,Baking Goods,126.8362,OUT010,1998,,Tier 3,Grocery Store,125.8362,121.8362
FDP03,5.15,Regular,0.06112617,Meat,122.5388,OUT013,1987,High,Tier 3,Supermarket Type1,371.5164,117.5388
FDI21,,Regular,0.056328717,Snack Foods,63.9168,OUT027,1985,Medium,Tier 3,Supermarket Type3,1597.92,58.9168
FDW45,18,Low Fat,0.03901099,Snack Foods,147.7418,OUT046,1997,Small,Tier 1,Supermarket Type1,4119.9704,142.7418
NCA18,10.1,Low Fat,0.093862362,Household,115.9492,OUT010,1998,,Tier 3,Grocery Store,231.6984,110.9492
FDN32,,Low Fat,0.015485016,Fruits and Vegetables,185.6266,OUT027,1985,Medium,Tier 3,Supermarket Type3,4979.5182,180.6266
FDR15,,Regular,0.033276066,Meat,153.8314,OUT027,1985,Medium,Tier 3,Supermarket Type3,3723.1536,148.8314
DRK11,8.21,Low Fat,0.010781158,Hard Drinks,149.9392,OUT049,1999,Medium,Tier 1,Supermarket Type1,1938.8096,144.9392
DRG49,7.81,Low Fat,0.067730081,Soft Drinks,242.6486,OUT018,2009,Medium,Tier 3,Supermarket Type2,2199.1374,237.6486
FDD29,12.15,Low Fat,0.018410515,Frozen Foods,252.1698,OUT046,1997,Small,Tier 1,Supermarket Type1,2283.0282,247.1698
FDE33,19.35,Regular,0.083079826,Fruits and Vegetables,80.3644,OUT010,1998,,Tier 3,Grocery Store,157.1288,75.3644
FDJ58,15.6,Regular,0.176244038,Snack Foods,173.6764,OUT010,1998,,Tier 3,Grocery Store,515.3292,168.6764
FDM46,7.365,Low Fat,0.160216552,Snack Foods,93.512,OUT049,1999,Medium,Tier 1,Supermarket Type1,1677.816,88.512
FDD23,9.5,Regular,0.048676324,Starchy Foods,187.7898,OUT035,2004,Small,Tier 2,Supermarket Type1,2057.9878,182.7898
DRM35,,Low Fat,0.070103425,Hard Drinks,179.4344,OUT027,1985,Medium,Tier 3,Supermarket Type3,5888.3352,174.4344
DRC25,5.73,Low Fat,0.045556681,Soft Drinks,85.3882,OUT018,2009,Medium,Tier 3,Supermarket Type2,1288.323,80.3882
FDL36,15.1,Low Fat,0.076193763,Baking Goods,89.783,OUT049,1999,Medium,Tier 1,Supermarket Type1,2247.075,84.783
FDD41,6.765,Regular,0.087187488,Frozen Foods,105.5306,OUT013,1987,High,Tier 3,Supermarket Type1,1567.959,100.5306
FDV19,14.85,Regular,0.035311852,Fruits and Vegetables,160.9578,OUT049,1999,Medium,Tier 1,Supermarket Type1,4813.734,155.9578
FDR44,6.11,Regular,0.103080901,Fruits and Vegetables,131.2968,OUT049,1999,Medium,Tier 1,Supermarket Type1,1957.452,126.2968
FDX50,20.1,Low Fat,0.075049323,Dairy,110.4228,OUT017,2007,,Tier 2,Supermarket Type1,1105.228,105.4228
DRC25,5.73,Low Fat,0.045463871,Soft Drinks,85.2882,OUT045,2002,,Tier 2,Supermarket Type1,2061.3168,80.2882
FDA15,,Low Fat,0.015944801,Dairy,249.5092,OUT027,1985,Medium,Tier 3,Supermarket Type3,6474.2392,244.5092
FDX22,6.785,Regular,0.022974812,Snack Foods,208.7928,OUT046,1997,Small,Tier 1,Supermarket Type1,5890.9984,203.7928
FDJ50,8.645,Low Fat,0.021629781,Canned,51.9982,OUT045,2002,,Tier 2,Supermarket Type1,999.3658,46.9982
FDT13,,Low Fat,0.032516546,Canned,188.8214,OUT019,1985,Small,Tier 1,Grocery Store,753.6856,183.8214
FDN12,15.6,Low Fat,0.081036436,Baking Goods,112.3544,OUT013,1987,High,Tier 3,Supermarket Type1,2572.6512,107.3544
FDD58,7.76,LF,0.059472609,Snack Foods,98.77,OUT045,2002,,Tier 2,Supermarket Type1,1298.31,93.77
FDM04,9.195,Regular,0.047081398,Frozen Foods,51.1666,OUT013,1987,High,Tier 3,Supermarket Type1,1179.1318,46.1666
FDA23,9.8,Low Fat,0.047260402,Baking Goods,102.8016,OUT049,1999,Medium,Tier 1,Supermarket Type1,1922.8304,97.8016
FDW28,18.25,LF,0.148673586,Frozen Foods,197.2452,OUT010,1998,,Tier 3,Grocery Store,195.7452,192.2452
FDA45,21.25,Low Fat,0.156012631,Snack Foods,177.337,OUT018,2009,Medium,Tier 3,Supermarket Type2,2822.992,172.337
NCO26,7.235,Low Fat,0.077011493,Household,117.3492,OUT045,2002,,Tier 2,Supermarket Type1,1506.0396,112.3492
FDV26,20.25,Regular,0.07614605,Dairy,197.0794,OUT035,2004,Small,Tier 2,Supermarket Type1,4681.9056,192.0794
FDC50,,Low Fat,0.135836915,Canned,93.8094,OUT027,1985,Medium,Tier 3,Supermarket Type3,3237.1196,88.8094
NCV05,,Low Fat,0.030062224,Health and Hygiene,154.3656,OUT027,1985,Medium,Tier 3,Supermarket Type3,2471.4496,149.3656
FDW48,18,Low Fat,0.008575615,Baking Goods,80.2618,OUT018,2009,Medium,Tier 3,Supermarket Type2,644.4944,75.2618
FDS55,7.02,Low Fat,0.081096635,Fruits and Vegetables,148.4734,OUT013,1987,High,Tier 3,Supermarket Type1,3563.3616,143.4734
FDX32,15.1,Regular,0.100060762,Fruits and Vegetables,144.0786,OUT045,2002,,Tier 2,Supermarket Type1,2600.6148,139.0786
FDC53,8.68,Low Fat,0.008834023,Frozen Foods,100.0384,OUT035,2004,Small,Tier 2,Supermarket Type1,2266.3832,95.0384
FDG35,21.2,Regular,0.007069662,Starchy Foods,175.7738,OUT018,2009,Medium,Tier 3,Supermarket Type2,1911.5118,170.7738
NCC30,16.6,Low Fat,0.046161923,Household,176.6344,OUT010,1998,,Tier 3,Grocery Store,356.8688,171.6344
NCZ17,12.15,Low Fat,0.079592733,Health and Hygiene,37.3506,OUT045,2002,,Tier 2,Supermarket Type1,645.1602,32.3506
FDZ56,16.25,Low Fat,0.025776994,Fruits and Vegetables,169.9474,OUT049,1999,Medium,Tier 1,Supermarket Type1,2863.6058,164.9474
NCS05,11.5,Low Fat,0.020960615,Health and Hygiene,133.2942,OUT013,1987,High,Tier 3,Supermarket Type1,2649.884,128.2942
DRC25,,Low Fat,0,Soft Drinks,87.3882,OUT027,1985,Medium,Tier 3,Supermarket Type3,1374.2112,82.3882
FDW59,13.15,Low Fat,0.020715913,Breads,83.5566,OUT046,1997,Small,Tier 1,Supermarket Type1,1268.349,78.5566
FDB36,5.465,Regular,0.048801674,Baking Goods,132.1626,OUT017,2007,,Tier 2,Supermarket Type1,1573.9512,127.1626
FDT37,14.15,Low Fat,0,Canned,253.7014,OUT045,2002,,Tier 2,Supermarket Type1,5865.0322,248.7014
FDG47,12.8,Low Fat,0.069605676,Starchy Foods,261.9252,OUT035,2004,Small,Tier 2,Supermarket Type1,4984.1788,256.9252
FDM45,8.655,Regular,0.088373591,Snack Foods,119.3756,OUT045,2002,,Tier 2,Supermarket Type1,1454.1072,114.3756
FDQ40,,Regular,0.035853059,Frozen Foods,176.8712,OUT027,1985,Medium,Tier 3,Supermarket Type3,3691.1952,171.8712
FDF34,9.3,Regular,0.01404119,Snack Foods,199.1084,OUT049,1999,Medium,Tier 1,Supermarket Type1,396.8168,194.1084
FDP24,20.6,Low Fat,0.083473583,Baking Goods,120.8756,OUT017,2007,,Tier 2,Supermarket Type1,1211.756,115.8756
FDT55,,Regular,0.076434542,Fruits and Vegetables,155.8946,OUT019,1985,Small,Tier 1,Grocery Store,473.3838,150.8946
FDH60,19.7,reg,0.08073703,Baking Goods,197.011,OUT046,1997,Small,Tier 1,Supermarket Type1,3338.987,192.011
FDF57,14.5,Regular,0,Fruits and Vegetables,169.6448,OUT035,2004,Small,Tier 2,Supermarket Type1,2045.3376,164.6448
NCX29,10,Low Fat,0.089152528,Health and Hygiene,147.7102,OUT046,1997,Small,Tier 1,Supermarket Type1,437.4306,142.7102
FDD34,7.945,Low Fat,0.015863075,Snack Foods,161.821,OUT013,1987,High,Tier 3,Supermarket Type1,2446.815,156.821
FDQ15,20.35,Regular,0.151308326,Meat,81.7276,OUT049,1999,Medium,Tier 1,Supermarket Type1,2030.69,76.7276
FDL12,15.85,Regular,0.121609722,Baking Goods,60.222,OUT035,2004,Small,Tier 2,Supermarket Type1,539.298,55.222
FDS22,16.85,Regular,0.023135131,Snack Foods,44.8428,OUT013,1987,High,Tier 3,Supermarket Type1,703.0848,39.8428
NCM29,11.5,Low Fat,0.017714096,Health and Hygiene,132.9626,OUT018,2009,Medium,Tier 3,Supermarket Type2,1442.7886,127.9626
FDO24,11.1,low fat,0,Baking Goods,156.4604,OUT049,1999,Medium,Tier 1,Supermarket Type1,2376.906,151.4604
NCJ43,6.635,Low Fat,0.027069402,Household,174.9396,OUT046,1997,Small,Tier 1,Supermarket Type1,1744.396,169.9396
FDA37,7.81,Regular,0.055226755,Canned,123.1046,OUT046,1997,Small,Tier 1,Supermarket Type1,871.5322,118.1046
NCM07,9.395,Low Fat,0.040124625,Others,85.1908,OUT018,2009,Medium,Tier 3,Supermarket Type2,1342.2528,80.1908
FDT49,7,Low Fat,0.151376958,Canned,108.228,OUT035,2004,Small,Tier 2,Supermarket Type1,1171.808,103.228
FDP23,6.71,Low Fat,0.03558013,Breads,217.5166,OUT035,2004,Small,Tier 2,Supermarket Type1,4572.0486,212.5166
DRF51,15.75,Low Fat,0.166513779,Dairy,38.0506,OUT018,2009,Medium,Tier 3,Supermarket Type2,265.6542,33.0506
NCZ41,19.85,Low Fat,0.06478563,Health and Hygiene,123.7704,OUT017,2007,,Tier 2,Supermarket Type1,2503.408,118.7704
DRJ11,9.5,Low Fat,0.085223447,Hard Drinks,189.2872,OUT049,1999,Medium,Tier 1,Supermarket Type1,6050.7904,184.2872
FDP37,15.6,Low Fat,0.143915417,Breakfast,127.5994,OUT017,2007,,Tier 2,Supermarket Type1,2441.4886,122.5994
FDT60,,Low Fat,0.132275338,Baking Goods,123.8388,OUT019,1985,Small,Tier 1,Grocery Store,123.8388,118.8388
FDA09,13.35,Regular,0.149338159,Snack Foods,178.666,OUT035,2004,Small,Tier 2,Supermarket Type1,1797.66,173.666
FDJ46,11.1,Low Fat,0.044823438,Snack Foods,174.2054,OUT046,1997,Small,Tier 1,Supermarket Type1,1926.1594,169.2054
FDO48,15,Regular,0.02681843,Baking Goods,219.7456,OUT013,1987,High,Tier 3,Supermarket Type1,3094.6384,214.7456
FDS59,14.8,Regular,0.04407225,Breads,109.057,OUT018,2009,Medium,Tier 3,Supermarket Type2,1428.141,104.057
FDH44,19.1,Regular,0.025872153,Fruits and Vegetables,145.7418,OUT046,1997,Small,Tier 1,Supermarket Type1,882.8508,140.7418
NCM05,6.825,Low Fat,0.059835659,Health and Hygiene,264.3226,OUT035,2004,Small,Tier 2,Supermarket Type1,4229.1616,259.3226
NCU06,,Low Fat,0.13027716,Household,228.001,OUT019,1985,Small,Tier 1,Grocery Store,1148.505,223.001
FDV13,17.35,Regular,0.027653795,Canned,88.0856,OUT049,1999,Medium,Tier 1,Supermarket Type1,1318.284,83.0856
FDA23,9.8,Low Fat,0.04714777,Baking Goods,102.4016,OUT013,1987,High,Tier 3,Supermarket Type1,1720.4272,97.4016
FDJ60,19.35,Regular,0.062882112,Baking Goods,164.1184,OUT017,2007,,Tier 2,Supermarket Type1,2807.0128,159.1184
FDN13,18.6,Low Fat,0.152294691,Breakfast,98.9358,OUT049,1999,Medium,Tier 1,Supermarket Type1,1508.037,93.9358
DRF49,7.27,LF,0.071064499,Soft Drinks,114.4518,OUT035,2004,Small,Tier 2,Supermarket Type1,1366.2216,109.4518
FDK20,12.6,Regular,0.041726942,Fruits and Vegetables,122.0072,OUT018,2009,Medium,Tier 3,Supermarket Type2,1470.0864,117.0072
FDB27,,Low Fat,0.055121892,Dairy,196.7768,OUT027,1985,Medium,Tier 3,Supermarket Type3,5912.304,191.7768
NCS18,12.65,Low Fat,0.042211119,Household,108.6938,OUT046,1997,Small,Tier 1,Supermarket Type1,1393.5194,103.6938
FDZ49,,Regular,0.132500853,Canned,220.3798,OUT027,1985,Medium,Tier 3,Supermarket Type3,5289.1152,215.3798
FDN32,17.5,Low Fat,0.015557426,Fruits and Vegetables,184.7266,OUT035,2004,Small,Tier 2,Supermarket Type1,2213.1192,179.7266
FDO37,8.06,Low Fat,0.021409913,Breakfast,229.7326,OUT049,1999,Medium,Tier 1,Supermarket Type1,6930.978,224.7326
NCD31,12.1,LF,0.015497337,Household,165.5526,OUT018,2009,Medium,Tier 3,Supermarket Type2,3453.5046,160.5526
NCV30,,Low Fat,0.065612808,Household,62.351,OUT027,1985,Medium,Tier 3,Supermarket Type3,2150.534,57.351
FDY49,17.2,Regular,0.012030747,Canned,166.6184,OUT049,1999,Medium,Tier 1,Supermarket Type1,1155.8288,161.6184
FDM10,,Low Fat,0.075603699,Snack Foods,215.1218,OUT027,1985,Medium,Tier 3,Supermarket Type3,3205.827,210.1218
FDT11,5.94,Regular,0.029372367,Breads,186.7556,OUT046,1997,Small,Tier 1,Supermarket Type1,3942.8676,181.7556
FDD39,16.7,low fat,0.070096518,Dairy,217.885,OUT013,1987,High,Tier 3,Supermarket Type1,3894.93,212.885
NCL31,7.39,Low Fat,0.120258245,Others,141.547,OUT035,2004,Small,Tier 2,Supermarket Type1,2290.352,136.547
FDZ47,20.7,Regular,0.079281476,Baking Goods,100.1042,OUT035,2004,Small,Tier 2,Supermarket Type1,892.8378,95.1042
NCU18,,Low Fat,0.097768728,Household,142.4496,OUT019,1985,Small,Tier 1,Grocery Store,564.5984,137.4496
FDJ58,,Regular,0.104786172,Snack Foods,172.2764,OUT027,1985,Medium,Tier 3,Supermarket Type3,1545.9876,167.2764
FDX12,18.2,Regular,0.043626605,Baking Goods,241.4196,OUT010,1998,,Tier 3,Grocery Store,482.0392,236.4196
FDV60,20.2,Regular,0.117839328,Baking Goods,195.211,OUT018,2009,Medium,Tier 3,Supermarket Type2,2356.932,190.211
NCB19,,Low Fat,0.089858447,Household,84.5882,OUT027,1985,Medium,Tier 3,Supermarket Type3,2061.3168,79.5882
FDH45,,Regular,0.185008985,Fruits and Vegetables,42.3796,OUT019,1985,Small,Tier 1,Grocery Store,123.8388,37.3796
FDB03,17.75,Regular,0.156701315,Dairy,240.7538,OUT013,1987,High,Tier 3,Supermarket Type1,4566.7222,235.7538
FDI27,8.71,Regular,0,Dairy,43.5744,OUT017,2007,,Tier 2,Supermarket Type1,498.0184,38.5744
FDN22,18.85,Regular,0.139087683,Snack Foods,251.7724,OUT017,2007,,Tier 2,Supermarket Type1,3020.0688,246.7724
FDQ37,20.75,Low Fat,0.089243789,Breakfast,192.0478,OUT035,2004,Small,Tier 2,Supermarket Type1,4649.9472,187.0478
FDM02,12.5,Regular,0.073721115,Canned,85.6198,OUT035,2004,Small,Tier 2,Supermarket Type1,610.5386,80.6198
FDW38,5.325,Regular,0.138679995,Dairy,53.7298,OUT046,1997,Small,Tier 1,Supermarket Type1,862.8768,48.7298
FDP34,,Low Fat,0.240268248,Snack Foods,156.463,OUT019,1985,Small,Tier 1,Grocery Store,312.926,151.463
FDY55,16.75,Low Fat,0,Fruits and Vegetables,255.3988,OUT046,1997,Small,Tier 1,Supermarket Type1,4625.9784,250.3988
FDL34,16,Low Fat,0.040911824,Snack Foods,141.2496,OUT013,1987,High,Tier 3,Supermarket Type1,3387.5904,136.2496
FDA09,13.35,Regular,0.149974858,Snack Foods,179.766,OUT018,2009,Medium,Tier 3,Supermarket Type2,5932.278,174.766
FDM51,11.8,Regular,0.026072872,Meat,99.8674,OUT017,2007,,Tier 2,Supermarket Type1,1018.674,94.8674
FDI34,10.65,Regular,0.085482761,Snack Foods,231.4668,OUT018,2009,Medium,Tier 3,Supermarket Type2,3225.1352,226.4668
NCD31,12.1,LF,0.015521768,Household,165.8526,OUT017,2007,,Tier 2,Supermarket Type1,3124.5994,160.8526
FDW33,9.395,Low Fat,0.099101845,Snack Foods,105.828,OUT035,2004,Small,Tier 2,Supermarket Type1,1704.448,100.828
NCP05,19.6,Low Fat,0.025281802,Health and Hygiene,152.0024,OUT035,2004,Small,Tier 2,Supermarket Type1,2884.2456,147.0024
FDL56,14.1,Low Fat,0.125675936,Fruits and Vegetables,86.9198,OUT013,1987,High,Tier 3,Supermarket Type1,1133.8574,81.9198
FDN01,,Low Fat,0.07204818,Breakfast,177.937,OUT027,1985,Medium,Tier 3,Supermarket Type3,6881.043,172.937
FDA25,16.5,Regular,0.068263916,Canned,104.799,OUT045,2002,,Tier 2,Supermarket Type1,1238.388,99.799
FDF08,14.3,Regular,0.109144085,Fruits and Vegetables,88.2856,OUT010,1998,,Tier 3,Grocery Store,175.7712,83.2856
FDH08,7.51,Low Fat,0.017425784,Fruits and Vegetables,227.901,OUT035,2004,Small,Tier 2,Supermarket Type1,459.402,222.901
DRH03,17.25,low fat,0.035118834,Dairy,93.412,OUT049,1999,Medium,Tier 1,Supermarket Type1,932.12,88.412
FDQ31,5.785,Regular,0.054066567,Fruits and Vegetables,87.0856,OUT018,2009,Medium,Tier 3,Supermarket Type2,1406.1696,82.0856
FDO10,13.65,Regular,0.012823829,Snack Foods,55.5588,OUT017,2007,,Tier 2,Supermarket Type1,916.1408,50.5588
FDT39,6.26,reg,0.009883257,Meat,149.8366,OUT049,1999,Medium,Tier 1,Supermarket Type1,1964.7758,144.8366
FDM22,,Regular,0.041754584,Snack Foods,53.464,OUT027,1985,Medium,Tier 3,Supermarket Type3,1597.92,48.464
FDR21,19.7,Low Fat,0.112036236,Snack Foods,174.937,OUT010,1998,,Tier 3,Grocery Store,882.185,169.937
FDQ01,19.7,Regular,0.161610636,Canned,255.2014,OUT017,2007,,Tier 2,Supermarket Type1,3570.0196,250.2014
FDZ03,13.65,Regular,0.078909166,Dairy,186.724,OUT049,1999,Medium,Tier 1,Supermarket Type1,4474.176,181.724
NCK05,20.1,Low Fat,0.077769768,Health and Hygiene,63.0536,OUT018,2009,Medium,Tier 3,Supermarket Type2,980.0576,58.0536
FDW55,12.6,Regular,0.021951613,Fruits and Vegetables,250.9092,OUT013,1987,High,Tier 3,Supermarket Type1,4731.1748,245.9092
FDF47,20.85,Low Fat,0.097770004,Starchy Foods,222.8746,OUT049,1999,Medium,Tier 1,Supermarket Type1,3589.9936,217.8746
DRO59,,Low Fat,0.094817105,Hard Drinks,77.9012,OUT019,1985,Small,Tier 1,Grocery Store,75.9012,72.9012
NCM55,15.6,Low Fat,0.066726133,Others,185.8924,OUT046,1997,Small,Tier 1,Supermarket Type1,3516.7556,180.8924
FDY31,5.98,Low Fat,0.043809261,Fruits and Vegetables,146.8418,OUT017,2007,,Tier 2,Supermarket Type1,1765.7016,141.8418
FDJ57,,Regular,0,Seafood,184.3582,OUT019,1985,Small,Tier 1,Grocery Store,185.7582,179.3582
FDV51,16.35,Low Fat,0.032671446,Meat,165.4842,OUT018,2009,Medium,Tier 3,Supermarket Type2,1492.0578,160.4842
DRG36,14.15,Low Fat,0.095378221,Soft Drinks,170.5106,OUT046,1997,Small,Tier 1,Supermarket Type1,2395.5484,165.5106
DRF13,12.1,Low Fat,0,Soft Drinks,145.1444,OUT013,1987,High,Tier 3,Supermarket Type1,3338.3212,140.1444
NCJ54,9.895,Low Fat,0.060188932,Household,233.0642,OUT045,2002,,Tier 2,Supermarket Type1,6041.4692,228.0642
NCP42,8.51,Low Fat,0.016135764,Household,195.6478,OUT049,1999,Medium,Tier 1,Supermarket Type1,4262.4516,190.6478
NCF30,17,LF,0.126220187,Household,126.7362,OUT035,2004,Small,Tier 2,Supermarket Type1,1258.362,121.7362
FDY44,,Regular,0.024286378,Fruits and Vegetables,194.711,OUT027,1985,Medium,Tier 3,Supermarket Type3,5892.33,189.711
FDX09,9,Low Fat,0.065350715,Snack Foods,175.437,OUT049,1999,Medium,Tier 1,Supermarket Type1,3175.866,170.437
NCU30,5.11,Low Fat,0.035071955,Household,163.221,OUT017,2007,,Tier 2,Supermarket Type1,2773.057,158.221
FDU49,19.5,Regular,0.030742083,Canned,85.554,OUT049,1999,Medium,Tier 1,Supermarket Type1,1211.756,80.554
FDC48,9.195,Low Fat,0.015949001,Baking Goods,84.1592,OUT017,2007,,Tier 2,Supermarket Type1,1238.388,79.1592
FDJ21,16.7,Regular,0.038496166,Snack Foods,147.5102,OUT013,1987,High,Tier 3,Supermarket Type1,5540.7876,142.5102
NCX41,19,Low Fat,0.017746826,Health and Hygiene,210.8244,OUT049,1999,Medium,Tier 1,Supermarket Type1,2540.6928,205.8244
FDT36,12.3,Low Fat,0.111274591,Baking Goods,35.0874,OUT046,1997,Small,Tier 1,Supermarket Type1,458.7362,30.0874
FDK28,,Low Fat,0.065272284,Frozen Foods,256.1646,OUT027,1985,Medium,Tier 3,Supermarket Type3,3349.6398,251.1646
DRI49,14.15,Low Fat,0.183472595,Soft Drinks,82.0276,OUT035,2004,Small,Tier 2,Supermarket Type1,1624.552,77.0276
NCM54,,Low Fat,0.08918772,Household,128.9678,OUT019,1985,Small,Tier 1,Grocery Store,254.3356,123.9678
FDD48,10.395,Low Fat,0.030281543,Baking Goods,116.3176,OUT018,2009,Medium,Tier 3,Supermarket Type2,1259.6936,111.3176
NCF30,17,Low Fat,0.211306673,Household,125.1362,OUT010,1998,,Tier 3,Grocery Store,251.6724,120.1362
FDX03,15.85,Regular,0.061190964,Meat,47.1744,OUT049,1999,Medium,Tier 1,Supermarket Type1,996.0368,42.1744
FDZ33,10.195,Low Fat,0.107307677,Snack Foods,149.8076,OUT013,1987,High,Tier 3,Supermarket Type1,2217.114,144.8076
FDB39,,Low Fat,0.067441726,Dairy,57.4272,OUT019,1985,Small,Tier 1,Grocery Store,111.8544,52.4272
DRM11,6.57,Low Fat,0.066338717,Hard Drinks,261.4278,OUT018,2009,Medium,Tier 3,Supermarket Type2,4165.2448,256.4278
DRE48,8.43,Low Fat,0,Soft Drinks,195.3768,OUT017,2007,,Tier 2,Supermarket Type1,1576.6144,190.3768
NCL31,7.39,Low Fat,0.120524922,Others,142.247,OUT045,2002,,Tier 2,Supermarket Type1,2433.499,137.247
FDB11,16,LF,0.061192211,Starchy Foods,224.1404,OUT017,2007,,Tier 2,Supermarket Type1,4725.8484,219.1404
FDX14,13.1,Low Fat,0.075056542,Dairy,76.0354,OUT049,1999,Medium,Tier 1,Supermarket Type1,601.8832,71.0354
NCM29,,Low Fat,0.017556795,Health and Hygiene,129.9626,OUT027,1985,Medium,Tier 3,Supermarket Type3,3410.2276,124.9626
FDH47,13.5,reg,0.129077455,Starchy Foods,95.2068,OUT045,2002,,Tier 2,Supermarket Type1,583.2408,90.2068
FDG09,20.6,Regular,0.047896393,Fruits and Vegetables,185.8556,OUT013,1987,High,Tier 3,Supermarket Type1,1689.8004,180.8556
FDP25,15.2,Low Fat,0.021240491,Canned,216.9824,OUT049,1999,Medium,Tier 1,Supermarket Type1,4804.4128,211.9824
FDY27,,Low Fat,0.031743707,Dairy,179.1344,OUT027,1985,Medium,Tier 3,Supermarket Type3,1605.9096,174.1344
DRM59,5.88,Low Fat,0.003612411,Hard Drinks,154.1998,OUT017,2007,,Tier 2,Supermarket Type1,3537.3954,149.1998
DRI03,6.03,Low Fat,0.022796178,Dairy,178.1028,OUT018,2009,Medium,Tier 3,Supermarket Type2,1416.8224,173.1028
FDY03,,Regular,0.133279499,Meat,112.6202,OUT019,1985,Small,Tier 1,Grocery Store,675.1212,107.6202
NCV17,18.85,Low Fat,0.016132592,Health and Hygiene,130.2626,OUT049,1999,Medium,Tier 1,Supermarket Type1,3016.7398,125.2626
NCJ17,7.68,Low Fat,0.152429537,Health and Hygiene,85.5224,OUT013,1987,High,Tier 3,Supermarket Type1,1278.336,80.5224
NCP54,15.35,Low Fat,0.035348491,Household,124.673,OUT017,2007,,Tier 2,Supermarket Type1,2093.941,119.673
FDZ15,13.1,Low Fat,0.020903193,Dairy,119.2782,OUT049,1999,Medium,Tier 1,Supermarket Type1,3098.6332,114.2782
NCR05,10.1,Low Fat,0.054853377,Health and Hygiene,198.6084,OUT018,2009,Medium,Tier 3,Supermarket Type2,2182.4924,193.6084
FDX03,,Regular,0.106971167,Meat,44.7744,OUT019,1985,Small,Tier 1,Grocery Store,135.8232,39.7744
FDQ12,12.65,Low Fat,0.035482562,Baking Goods,231.401,OUT045,2002,,Tier 2,Supermarket Type1,2526.711,226.401
FDC21,14.6,Regular,0.042923071,Fruits and Vegetables,109.8254,OUT013,1987,High,Tier 3,Supermarket Type1,1627.881,104.8254
FDQ40,11.1,Regular,0.036174285,Frozen Foods,176.0712,OUT018,2009,Medium,Tier 3,Supermarket Type2,1581.9408,171.0712
FDI07,,Regular,0.033597374,Meat,197.2426,OUT027,1985,Medium,Tier 3,Supermarket Type3,3163.8816,192.2426
FDQ25,8.63,Regular,0.028320655,Canned,172.5422,OUT049,1999,Medium,Tier 1,Supermarket Type1,2241.7486,167.5422
NCK18,9.6,Low Fat,0,Household,163.9184,OUT035,2004,Small,Tier 2,Supermarket Type1,4293.0784,158.9184
DRI25,19.6,Low Fat,0.056744064,Soft Drinks,55.6614,OUT010,1998,,Tier 3,Grocery Store,165.7842,50.6614
DRA24,19.35,Regular,0.039990314,Soft Drinks,165.0868,OUT049,1999,Medium,Tier 1,Supermarket Type1,982.7208,160.0868
FDA32,14,Low Fat,0.030155224,Fruits and Vegetables,214.7192,OUT045,2002,,Tier 2,Supermarket Type1,3020.0688,209.7192
FDE59,12.15,Low Fat,0.062541552,Starchy Foods,34.3532,OUT018,2009,Medium,Tier 3,Supermarket Type2,251.6724,29.3532
FDY59,8.195,Low Fat,0.031403441,Baking Goods,93.8462,OUT046,1997,Small,Tier 1,Supermarket Type1,647.8234,88.8462
FDQ20,8.325,Low Fat,0.029845243,Fruits and Vegetables,41.6138,OUT045,2002,,Tier 2,Supermarket Type1,284.2966,36.6138
FDB21,7.475,Low Fat,0.149125615,Fruits and Vegetables,241.6854,OUT018,2009,Medium,Tier 3,Supermarket Type2,6042.135,236.6854
FDB41,,Regular,0.170382726,Frozen Foods,45.2718,OUT019,1985,Small,Tier 1,Grocery Store,47.2718,40.2718
DRG11,6.385,Low Fat,0.083768522,Hard Drinks,109.8596,OUT013,1987,High,Tier 3,Supermarket Type1,3235.788,104.8596
FDV10,,Regular,0.116793684,Snack Foods,41.0112,OUT019,1985,Small,Tier 1,Grocery Store,42.6112,36.0112
FDI41,18.5,Regular,0.062205112,Frozen Foods,148.3418,OUT013,1987,High,Tier 3,Supermarket Type1,1765.7016,143.3418
FDN10,11.5,Low Fat,0.0463847,Snack Foods,118.9124,OUT017,2007,,Tier 2,Supermarket Type1,1540.6612,113.9124
NCM17,7.93,Low Fat,0.071425647,Health and Hygiene,45.9086,OUT018,2009,Medium,Tier 3,Supermarket Type2,1070.6064,40.9086
DRG37,,LF,0.033929133,Soft Drinks,154.3972,OUT019,1985,Small,Tier 1,Grocery Store,311.5944,149.3972
FDA21,13.65,Low Fat,0.036033639,Snack Foods,183.7924,OUT045,2002,,Tier 2,Supermarket Type1,2591.2936,178.7924
FDM27,12.35,Regular,0.158337479,Meat,157.9946,OUT013,1987,High,Tier 3,Supermarket Type1,3313.6866,152.9946
FDA32,14,Low Fat,0.030140981,Fruits and Vegetables,216.0192,OUT049,1999,Medium,Tier 1,Supermarket Type1,2588.6304,211.0192
NCZ53,9.6,Low Fat,0.024515221,Health and Hygiene,189.2214,OUT049,1999,Medium,Tier 1,Supermarket Type1,3956.8494,184.2214
FDW40,14,Regular,0.105125569,Frozen Foods,143.2812,OUT035,2004,Small,Tier 2,Supermarket Type1,3277.0676,138.2812
FDS52,8.89,Low Fat,0.00547348,Frozen Foods,100.5016,OUT035,2004,Small,Tier 2,Supermarket Type1,1315.6208,95.5016
FDM58,16.85,Regular,0.133385398,Snack Foods,109.8544,OUT010,1998,,Tier 3,Grocery Store,223.7088,104.8544
NCE54,,Low Fat,0.047098175,Household,75.5354,OUT019,1985,Small,Tier 1,Grocery Store,150.4708,70.5354
FDS11,7.05,Regular,0.055548003,Breads,225.3088,OUT035,2004,Small,Tier 2,Supermarket Type1,5816.4288,220.3088
FDL20,17.1,Low Fat,0.128614205,Fruits and Vegetables,111.6886,OUT049,1999,Medium,Tier 1,Supermarket Type1,1556.6404,106.6886
FDX13,,Low Fat,0.047551568,Canned,249.1092,OUT027,1985,Medium,Tier 3,Supermarket Type3,8217.3036,244.1092
FDR21,19.7,LF,0.066879757,Snack Foods,174.437,OUT013,1987,High,Tier 3,Supermarket Type1,1587.933,169.437
FDV28,16.1,Regular,0.160379061,Frozen Foods,33.6558,OUT018,2009,Medium,Tier 3,Supermarket Type2,203.7348,28.6558
FDZ51,11.3,Regular,0.054861393,Meat,96.9094,OUT017,2007,,Tier 2,Supermarket Type1,952.094,91.9094
FDD46,6.035,LF,0.141542481,Snack Foods,153.1998,OUT045,2002,,Tier 2,Supermarket Type1,1537.998,148.1998
FDE23,17.6,Regular,0.053397642,Starchy Foods,46.706,OUT018,2009,Medium,Tier 3,Supermarket Type2,699.09,41.706
NCF55,6.675,LF,0.021710275,Household,34.9874,OUT045,2002,,Tier 2,Supermarket Type1,247.0118,29.9874
FDU12,15.5,Regular,0.075688032,Baking Goods,262.9568,OUT013,1987,High,Tier 3,Supermarket Type1,1845.5976,257.9568
FDZ22,9.395,Low Fat,0.045340279,Snack Foods,85.025,OUT049,1999,Medium,Tier 1,Supermarket Type1,2080.625,80.025
FDI44,16.1,LF,0.100149459,Fruits and Vegetables,78.4328,OUT013,1987,High,Tier 3,Supermarket Type1,1158.492,73.4328
FDH50,15,Regular,0.162348584,Canned,185.9266,OUT017,2007,,Tier 2,Supermarket Type1,4610.665,180.9266
FDE57,9.6,Low Fat,0.036341539,Fruits and Vegetables,142.9154,OUT049,1999,Medium,Tier 1,Supermarket Type1,3261.7542,137.9154
DRJ51,14.1,Low Fat,0.087920675,Dairy,228.5668,OUT013,1987,High,Tier 3,Supermarket Type1,1151.834,223.5668
FDX52,11.5,Regular,0.042087749,Frozen Foods,192.682,OUT045,2002,,Tier 2,Supermarket Type1,3861.64,187.682
DRN47,12.1,Low Fat,0.016921927,Hard Drinks,178.366,OUT017,2007,,Tier 2,Supermarket Type1,4314.384,173.366
FDT21,7.42,Low Fat,0.020423549,Snack Foods,249.0092,OUT049,1999,Medium,Tier 1,Supermarket Type1,2988.1104,244.0092
FDY21,15.1,Low Fat,0.173833129,Snack Foods,196.511,OUT045,2002,,Tier 2,Supermarket Type1,4713.864,191.511
FDG21,,Regular,0.256152243,Seafood,151.005,OUT019,1985,Small,Tier 1,Grocery Store,149.805,146.005
FDS58,9.285,Regular,0.021002641,Snack Foods,161.1578,OUT035,2004,Small,Tier 2,Supermarket Type1,4011.445,156.1578
FDA26,7.855,Regular,0,Dairy,220.1482,OUT018,2009,Medium,Tier 3,Supermarket Type2,4600.0122,215.1482
FDY16,,Regular,0.091780142,Frozen Foods,182.5266,OUT027,1985,Medium,Tier 3,Supermarket Type3,6454.931,177.5266
FDF20,12.85,Low Fat,0.033220169,Fruits and Vegetables,196.6768,OUT046,1997,Small,Tier 1,Supermarket Type1,2759.0752,191.6768
FDI15,13.8,Low Fat,0.141234932,Dairy,263.7884,OUT013,1987,High,Tier 3,Supermarket Type1,5564.7564,258.7884
FDC47,15,Low Fat,0.19899855,Snack Foods,226.5694,OUT010,1998,,Tier 3,Grocery Store,913.4776,221.5694
FDL08,10.8,Low Fat,0.049709624,Fruits and Vegetables,246.8144,OUT035,2004,Small,Tier 2,Supermarket Type1,2450.144,241.8144
FDF08,14.3,Regular,0.065153295,Fruits and Vegetables,88.4856,OUT013,1987,High,Tier 3,Supermarket Type1,1406.1696,83.4856
FDN03,9.8,Regular,0.015087112,Meat,250.1408,OUT035,2004,Small,Tier 2,Supermarket Type1,4005.4528,245.1408
FDG34,11.5,Regular,0.037782943,Snack Foods,106.6254,OUT017,2007,,Tier 2,Supermarket Type1,325.5762,101.6254
FDA56,9.21,Low Fat,0.008782561,Fruits and Vegetables,119.8414,OUT045,2002,,Tier 2,Supermarket Type1,1340.2554,114.8414
NCI17,,Low Fat,0.142728113,Health and Hygiene,95.141,OUT027,1985,Medium,Tier 3,Supermarket Type3,2510.066,90.141
NCO17,10,Low Fat,0.073493831,Health and Hygiene,118.344,OUT049,1999,Medium,Tier 1,Supermarket Type1,1797.66,113.344
FDK55,18.5,Low Fat,0.025907416,Meat,87.7172,OUT017,2007,,Tier 2,Supermarket Type1,802.9548,82.7172
FDD10,20.6,Regular,0.046280998,Snack Foods,177.4344,OUT017,2007,,Tier 2,Supermarket Type1,1962.7784,172.4344
NCH18,9.3,Low Fat,0.044624064,Household,245.4802,OUT013,1987,High,Tier 3,Supermarket Type1,3193.8426,240.4802
NCA53,11.395,Low Fat,0.009898492,Health and Hygiene,48.8034,OUT045,2002,,Tier 2,Supermarket Type1,777.6544,43.8034
DRJ24,11.8,Low Fat,0.189689886,Soft Drinks,184.3924,OUT010,1998,,Tier 3,Grocery Store,370.1848,179.3924
DRN35,8.01,Low Fat,0.070189131,Hard Drinks,37.9532,OUT013,1987,High,Tier 3,Supermarket Type1,826.9236,32.9532
FDC47,15,Low Fat,0.119374946,Snack Foods,229.3694,OUT018,2009,Medium,Tier 3,Supermarket Type2,5024.1268,224.3694
FDN48,13.35,Low Fat,0.065215312,Baking Goods,93.4804,OUT018,2009,Medium,Tier 3,Supermarket Type2,1102.5648,88.4804
FDR27,,Regular,0.095635061,Meat,130.7942,OUT027,1985,Medium,Tier 3,Supermarket Type3,3047.3666,125.7942
FDS33,,Regular,0.216107535,Snack Foods,86.8514,OUT019,1985,Small,Tier 1,Grocery Store,354.2056,81.8514
DRL11,10.5,Low Fat,0.048009081,Hard Drinks,157.0946,OUT035,2004,Small,Tier 2,Supermarket Type1,2209.1244,152.0946
FDQ21,21.25,Low Fat,0.019533098,Snack Foods,120.4756,OUT017,2007,,Tier 2,Supermarket Type1,1938.8096,115.4756
FDY37,17,Regular,0.026568875,Canned,142.047,OUT046,1997,Small,Tier 1,Supermarket Type1,3149.234,137.047
FDS35,9.3,Low Fat,0.111127966,Breads,63.1826,OUT013,1987,High,Tier 3,Supermarket Type1,2002.0606,58.1826
DRD60,15.7,Low Fat,0.03723211,Soft Drinks,183.1634,OUT046,1997,Small,Tier 1,Supermarket Type1,5634.6654,178.1634
DRP47,15.75,Low Fat,0.140603316,Hard Drinks,252.8382,OUT046,1997,Small,Tier 1,Supermarket Type1,6308.455,247.8382
NCY41,,low fat,0.075368868,Health and Hygiene,35.2532,OUT027,1985,Medium,Tier 3,Supermarket Type3,970.7364,30.2532
FDR59,14.5,Regular,0.063962842,Breads,263.1594,OUT049,1999,Medium,Tier 1,Supermarket Type1,2616.594,258.1594
FDM36,,Regular,0.102830104,Baking Goods,172.6422,OUT019,1985,Small,Tier 1,Grocery Store,344.8844,167.6422
NCI42,,Low Fat,0.01031535,Household,208.4954,OUT027,1985,Medium,Tier 3,Supermarket Type3,3751.1172,203.4954
FDA31,7.1,Low Fat,0.110633958,Fruits and Vegetables,173.808,OUT017,2007,,Tier 2,Supermarket Type1,1211.756,168.808
FDY33,14.5,Regular,0,Snack Foods,159.3262,OUT035,2004,Small,Tier 2,Supermarket Type1,2864.2716,154.3262
FDV40,17.35,Low Fat,0.014721579,Frozen Foods,73.1038,OUT045,2002,,Tier 2,Supermarket Type1,886.8456,68.1038
NCW17,18,Low Fat,0.019465205,Health and Hygiene,128.6994,OUT018,2009,Medium,Tier 3,Supermarket Type2,2441.4886,123.6994
FDN38,6.615,Regular,0.091895319,Canned,248.6408,OUT013,1987,High,Tier 3,Supermarket Type1,3504.7712,243.6408
FDQ11,,Regular,0.118535581,Breads,256.3988,OUT019,1985,Small,Tier 1,Grocery Store,256.9988,251.3988
FDG34,11.5,Regular,0.037646623,Snack Foods,107.5254,OUT045,2002,,Tier 2,Supermarket Type1,325.5762,102.5254
NCN14,19.1,Low Fat,0.092060694,Others,183.7608,OUT049,1999,Medium,Tier 1,Supermarket Type1,4777.7808,178.7608
FDY46,,Low Fat,0.04765803,Snack Foods,188.3898,OUT027,1985,Medium,Tier 3,Supermarket Type3,5238.5144,183.3898
FDS11,7.05,Regular,0.05587277,Breads,222.1088,OUT017,2007,,Tier 2,Supermarket Type1,4026.7584,217.1088
NCA53,,Low Fat,0.017295906,Health and Hygiene,47.1034,OUT019,1985,Small,Tier 1,Grocery Store,145.8102,42.1034
NCN30,16.35,Low Fat,0.02844314,Household,98.141,OUT010,1998,,Tier 3,Grocery Store,386.164,93.141
FDW32,18.35,Regular,0.094296835,Fruits and Vegetables,84.3882,OUT046,1997,Small,Tier 1,Supermarket Type1,1116.5466,79.3882
NCR42,9.105,Low Fat,0.064410783,Household,33.39,OUT010,1998,,Tier 3,Grocery Store,33.29,28.39
FDU33,7.63,Regular,0.134684292,Snack Foods,47.0402,OUT035,2004,Small,Tier 2,Supermarket Type1,1470.0864,42.0402
FDN15,,Low Fat,0.029299175,Meat,140.318,OUT019,1985,Small,Tier 1,Grocery Store,139.818,135.318
FDD51,,low fat,0.210021713,Dairy,44.2744,OUT019,1985,Small,Tier 1,Grocery Store,90.5488,39.2744
FDF14,7.55,Low Fat,0.027224917,Canned,152.934,OUT045,2002,,Tier 2,Supermarket Type1,2450.144,147.934
NCN19,,Low Fat,0.021184746,Others,189.553,OUT019,1985,Small,Tier 1,Grocery Store,379.506,184.553
NCO43,5.5,Low Fat,0.047059016,Others,100.1016,OUT013,1987,High,Tier 3,Supermarket Type1,2125.2336,95.1016
FDT19,7.59,Regular,0.14526636,Fruits and Vegetables,172.908,OUT049,1999,Medium,Tier 1,Supermarket Type1,6231.888,167.908
DRK12,9.5,Low Fat,0.041851461,Soft Drinks,31.49,OUT013,1987,High,Tier 3,Supermarket Type1,466.06,26.49
DRM49,6.11,Regular,0.152262171,Soft Drinks,44.4086,OUT045,2002,,Tier 2,Supermarket Type1,1159.8236,39.4086
FDX43,5.655,Low Fat,0.085757338,Fruits and Vegetables,164.75,OUT017,2007,,Tier 2,Supermarket Type1,1498.05,159.75
FDS14,7.285,Low Fat,0.049954435,Dairy,156.5288,OUT035,2004,Small,Tier 2,Supermarket Type1,2356.932,151.5288
NCK07,10.65,Low Fat,0.048762383,Others,165.2526,OUT049,1999,Medium,Tier 1,Supermarket Type1,3946.8624,160.2526
FDO19,17.7,Regular,0,Fruits and Vegetables,46.8034,OUT017,2007,,Tier 2,Supermarket Type1,923.4646,41.8034
FDH32,12.8,Low Fat,0.075996742,Fruits and Vegetables,97.141,OUT013,1987,High,Tier 3,Supermarket Type1,2799.689,92.141
NCZ41,19.85,Low Fat,0,Health and Hygiene,126.1704,OUT018,2009,Medium,Tier 3,Supermarket Type2,1877.556,121.1704
FDL32,15.7,Regular,0.204984538,Fruits and Vegetables,111.0544,OUT010,1998,,Tier 3,Grocery Store,223.7088,106.0544
FDC44,15.6,Low Fat,0.173573164,Fruits and Vegetables,114.4518,OUT017,2007,,Tier 2,Supermarket Type1,2390.8878,109.4518
FDQ59,9.8,Regular,0.056339618,Breads,84.2908,OUT013,1987,High,Tier 3,Supermarket Type1,755.0172,79.2908
NCO54,19.5,Low Fat,0.014262413,Household,57.1614,OUT013,1987,High,Tier 3,Supermarket Type1,331.5684,52.1614
DRH36,16.2,Low Fat,0.03338006,Soft Drinks,74.0696,OUT046,1997,Small,Tier 1,Supermarket Type1,1416.8224,69.0696
FDY35,17.6,Regular,0.016024651,Breads,44.0402,OUT035,2004,Small,Tier 2,Supermarket Type1,597.2226,39.0402
FDA46,13.6,low fat,0.11830085,Snack Foods,196.2136,OUT017,2007,,Tier 2,Supermarket Type1,1944.136,191.2136
NCL18,18.85,Low Fat,0.167552202,Household,193.1136,OUT035,2004,Small,Tier 2,Supermarket Type1,2332.9632,188.1136
FDL57,15.1,Regular,0.067181098,Snack Foods,258.8304,OUT049,1999,Medium,Tier 1,Supermarket Type1,5424.9384,253.8304
NCP50,17.35,Low Fat,0,Others,79.2618,OUT018,2009,Medium,Tier 3,Supermarket Type2,966.7416,74.2618
FDZ25,,Regular,0,Canned,169.879,OUT019,1985,Small,Tier 1,Grocery Store,339.558,164.879
FDH24,20.7,Low Fat,0.021431134,Baking Goods,157.0288,OUT046,1997,Small,Tier 1,Supermarket Type1,2199.8032,152.0288
FDQ26,13.5,Regular,0.068256316,Dairy,60.9562,OUT017,2007,,Tier 2,Supermarket Type1,533.3058,55.9562
NCK17,,Low Fat,0,Health and Hygiene,40.348,OUT019,1985,Small,Tier 1,Grocery Store,79.896,35.348
FDO46,,Regular,0.014143673,Snack Foods,187.3872,OUT027,1985,Medium,Tier 3,Supermarket Type3,2836.308,182.3872
FDW50,13.1,Low Fat,0.075563757,Dairy,168.1158,OUT035,2004,Small,Tier 2,Supermarket Type1,2005.3896,163.1158
FDD29,12.15,Low Fat,0.018439138,Frozen Foods,254.7698,OUT049,1999,Medium,Tier 1,Supermarket Type1,5073.396,249.7698
FDU26,,Regular,0.074620291,Dairy,120.1782,OUT019,1985,Small,Tier 1,Grocery Store,357.5346,115.1782
FDX04,,Regular,0.041370245,Frozen Foods,46.2376,OUT027,1985,Medium,Tier 3,Supermarket Type3,814.9392,41.2376
FDH31,,Regular,0.020312314,Meat,98.1042,OUT027,1985,Medium,Tier 3,Supermarket Type3,2777.7176,93.1042
FDJ45,,Low Fat,0.128532558,Seafood,34.2216,OUT019,1985,Small,Tier 1,Grocery Store,173.108,29.2216
FDX55,15.1,Low Fat,0.055195461,Fruits and Vegetables,216.1166,OUT035,2004,Small,Tier 2,Supermarket Type1,5007.4818,211.1166
FDR02,16.7,Low Fat,0.022065676,Dairy,110.5886,OUT046,1997,Small,Tier 1,Supermarket Type1,1556.6404,105.5886
NCP55,14.65,Low Fat,0.011212719,Others,55.6614,OUT045,2002,,Tier 2,Supermarket Type1,1049.9666,50.6614
FDT28,13.3,Low Fat,0.063925726,Frozen Foods,151.8708,OUT017,2007,,Tier 2,Supermarket Type1,1655.1788,146.8708
NCJ06,20.1,Low Fat,0.034848629,Household,118.6782,OUT017,2007,,Tier 2,Supermarket Type1,2502.7422,113.6782
FDF08,14.3,Regular,0,Fruits and Vegetables,89.8856,OUT018,2009,Medium,Tier 3,Supermarket Type2,1406.1696,84.8856
FDT21,7.42,Low Fat,0.02050719,Snack Foods,249.7092,OUT017,2007,,Tier 2,Supermarket Type1,7719.2852,244.7092
FDK22,,Low Fat,0.025960174,Snack Foods,214.885,OUT027,1985,Medium,Tier 3,Supermarket Type3,4976.855,209.885
DRJ11,9.5,Low Fat,0.085020342,Hard Drinks,188.7872,OUT013,1987,High,Tier 3,Supermarket Type1,1701.7848,183.7872
FDH27,7.075,Low Fat,0.097660814,Dairy,141.8128,OUT010,1998,,Tier 3,Grocery Store,143.8128,136.8128
FDU52,,Low Fat,0.111654545,Frozen Foods,157.063,OUT019,1985,Small,Tier 1,Grocery Store,312.926,152.063
FDK50,7.96,Low Fat,0,Canned,160.7894,OUT017,2007,,Tier 2,Supermarket Type1,3235.788,155.7894
DRJ01,6.135,Low Fat,0.115265695,Soft Drinks,160.5236,OUT045,2002,,Tier 2,Supermarket Type1,2094.6068,155.5236
FDC21,14.6,Regular,0.043133816,Fruits and Vegetables,109.7254,OUT018,2009,Medium,Tier 3,Supermarket Type2,651.1524,104.7254
FDX39,14.3,reg,0.049676157,Meat,212.4586,OUT046,1997,Small,Tier 1,Supermarket Type1,3799.0548,207.4586
NCY54,,Low Fat,0.176834351,Household,172.1422,OUT027,1985,Medium,Tier 3,Supermarket Type3,5000.8238,167.1422
FDD58,,Low Fat,0.103918113,Snack Foods,100.67,OUT019,1985,Small,Tier 1,Grocery Store,399.48,95.67
FDW12,8.315,Regular,0.035644325,Baking Goods,147.1444,OUT045,2002,,Tier 2,Supermarket Type1,870.8664,142.1444
DRE01,10.1,Low Fat,0.279783532,Soft Drinks,241.8512,OUT010,1998,,Tier 3,Grocery Store,484.7024,236.8512
FDT16,9.895,Regular,0.048738014,Frozen Foods,262.1278,OUT049,1999,Medium,Tier 1,Supermarket Type1,3904.917,257.1278
FDC16,11.5,Regular,0.020686161,Dairy,85.054,OUT017,2007,,Tier 2,Supermarket Type1,1731.08,80.054
FDK52,18.25,LF,0.079342006,Frozen Foods,226.0062,OUT049,1999,Medium,Tier 1,Supermarket Type1,1805.6496,221.0062
FDS23,4.635,Low Fat,0.140889111,Breads,127.0994,OUT046,1997,Small,Tier 1,Supermarket Type1,1927.491,122.0994
FDI41,18.5,Regular,0.062245149,Frozen Foods,145.8418,OUT035,2004,Small,Tier 2,Supermarket Type1,5591.3884,140.8418
FDG33,5.365,Regular,0.140811559,Seafood,173.5764,OUT018,2009,Medium,Tier 3,Supermarket Type2,2061.3168,168.5764
NCM31,6.095,Low Fat,0.08152738,Others,140.3154,OUT018,2009,Medium,Tier 3,Supermarket Type2,1843.6002,135.3154
NCY53,,Low Fat,0.058198141,Health and Hygiene,110.4544,OUT027,1985,Medium,Tier 3,Supermarket Type3,4250.4672,105.4544
FDY55,16.75,Low Fat,0.081446638,Fruits and Vegetables,257.0988,OUT049,1999,Medium,Tier 1,Supermarket Type1,6424.97,252.0988
FDQ21,21.25,Low Fat,0.019462623,Snack Foods,120.8756,OUT045,2002,,Tier 2,Supermarket Type1,1575.2828,115.8756
NCD18,,Low Fat,0.072317217,Household,230.2668,OUT027,1985,Medium,Tier 3,Supermarket Type3,8062.838,225.2668
FDV09,12.1,Low Fat,0.020684919,Snack Foods,148.5734,OUT017,2007,,Tier 2,Supermarket Type1,1336.2606,143.5734
FDI19,15.1,Low Fat,0.087604871,Meat,242.2512,OUT010,1998,,Tier 3,Grocery Store,484.7024,237.2512
FDY47,8.6,Regular,0,Breads,131.531,OUT049,1999,Medium,Tier 1,Supermarket Type1,2466.789,126.531
DRH37,17.6,Low Fat,0.041681059,Soft Drinks,164.2526,OUT049,1999,Medium,Tier 1,Supermarket Type1,1315.6208,159.2526
NCL19,15.35,Low Fat,0.015676231,Others,144.047,OUT046,1997,Small,Tier 1,Supermarket Type1,286.294,139.047
DRI11,8.26,Low Fat,0.034397781,Hard Drinks,115.7834,OUT035,2004,Small,Tier 2,Supermarket Type1,2073.3012,110.7834
NCC19,6.57,Low Fat,0.096880574,Household,191.482,OUT046,1997,Small,Tier 1,Supermarket Type1,5020.132,186.482
FDS01,11.6,Low Fat,0.017817285,Canned,177.0686,OUT018,2009,Medium,Tier 3,Supermarket Type2,1422.1488,172.0686
FDX31,20.35,Regular,0.014909465,Fruits and Vegetables,232.3958,OUT017,2007,,Tier 2,Supermarket Type1,6076.0908,227.3958
NCL55,12.15,Low Fat,0,Others,254.904,OUT046,1997,Small,Tier 1,Supermarket Type1,4048.064,249.904
FDW16,17.35,Regular,0.041439718,Frozen Foods,93.7804,OUT013,1987,High,Tier 3,Supermarket Type1,2848.2924,88.7804
FDT49,7,Low Fat,0.151405587,Canned,107.728,OUT046,1997,Small,Tier 1,Supermarket Type1,2024.032,102.728
FDW13,8.5,Low Fat,0.097803261,Canned,50.5324,OUT013,1987,High,Tier 3,Supermarket Type1,882.8508,45.5324
NCG30,,Low Fat,0.196659953,Household,125.8046,OUT019,1985,Small,Tier 1,Grocery Store,249.0092,120.8046
FDC14,14.5,Regular,0.041313203,Canned,42.0454,OUT049,1999,Medium,Tier 1,Supermarket Type1,377.5086,37.0454
FDS15,9.195,Regular,0.130657442,Meat,106.4596,OUT010,1998,,Tier 3,Grocery Store,215.7192,101.4596
FDS32,17.75,Regular,0.029700018,Fruits and Vegetables,140.3838,OUT049,1999,Medium,Tier 1,Supermarket Type1,1404.838,135.3838
FDE09,8.775,Low Fat,0,Fruits and Vegetables,111.3228,OUT049,1999,Medium,Tier 1,Supermarket Type1,1436.7964,106.3228
FDM12,16.7,Regular,0.070312473,Baking Goods,189.6214,OUT017,2007,,Tier 2,Supermarket Type1,2826.321,184.6214
FDT57,15.2,Low Fat,0.019064377,Snack Foods,238.2248,OUT049,1999,Medium,Tier 1,Supermarket Type1,3555.372,233.2248
FDM32,20.5,Low Fat,0.020605032,Fruits and Vegetables,91.083,OUT046,1997,Small,Tier 1,Supermarket Type1,539.298,86.083
NCS38,,Low Fat,0,Household,115.2176,OUT027,1985,Medium,Tier 3,Supermarket Type3,1030.6584,110.2176
NCW30,5.21,Low Fat,0.011072173,Household,257.8962,OUT017,2007,,Tier 2,Supermarket Type1,4402.9354,252.8962
FDD21,10.3,Regular,0,Fruits and Vegetables,115.7176,OUT017,2007,,Tier 2,Supermarket Type1,1717.764,110.7176
FDH35,18.25,Low Fat,0.060342304,Starchy Foods,165.9526,OUT049,1999,Medium,Tier 1,Supermarket Type1,1644.526,160.9526
NCX17,21.25,Low Fat,0.113833823,Health and Hygiene,232.83,OUT045,2002,,Tier 2,Supermarket Type1,1398.18,227.83
NCI29,8.6,Low Fat,0.032615377,Health and Hygiene,142.9154,OUT035,2004,Small,Tier 2,Supermarket Type1,992.7078,137.9154
FDL24,10.3,Regular,0.024935297,Baking Goods,172.0422,OUT049,1999,Medium,Tier 1,Supermarket Type1,3966.1706,167.0422
FDI46,9.5,Low Fat,0.074345268,Snack Foods,251.9724,OUT046,1997,Small,Tier 1,Supermarket Type1,3523.4136,246.9724
DRQ35,9.3,Low Fat,0.042283454,Hard Drinks,125.4388,OUT035,2004,Small,Tier 2,Supermarket Type1,3715.164,120.4388
FDM04,9.195,Regular,0.047387144,Frozen Foods,50.8666,OUT017,2007,,Tier 2,Supermarket Type1,871.5322,45.8666
NCJ17,7.68,Low Fat,0.152865879,Health and Hygiene,84.9224,OUT045,2002,,Tier 2,Supermarket Type1,1619.2256,79.9224
NCJ18,,Low Fat,0.163148041,Household,116.6124,OUT027,1985,Medium,Tier 3,Supermarket Type3,3199.8348,111.6124
DRF13,12.1,Low Fat,0.02984176,Soft Drinks,144.4444,OUT045,2002,,Tier 2,Supermarket Type1,3628.61,139.4444
FDB39,11.6,LF,0.038511676,Dairy,57.7272,OUT035,2004,Small,Tier 2,Supermarket Type1,503.3448,52.7272
FDT52,9.695,Regular,0.047622786,Frozen Foods,246.2144,OUT018,2009,Medium,Tier 3,Supermarket Type2,3675.216,241.2144
FDT60,12,Low Fat,0.07554831,Baking Goods,121.9388,OUT046,1997,Small,Tier 1,Supermarket Type1,3219.8088,116.9388
FDM34,19,Low Fat,0.067447572,Snack Foods,132.9626,OUT046,1997,Small,Tier 1,Supermarket Type1,1967.439,127.9626
FDY27,6.38,Low Fat,0.03187163,Dairy,179.5344,OUT013,1987,High,Tier 3,Supermarket Type1,4103.9912,174.5344
FDP08,20.5,Regular,0.112638016,Fruits and Vegetables,195.5478,OUT045,2002,,Tier 2,Supermarket Type1,3874.956,190.5478
FDP59,,Regular,0.056192276,Breads,103.1648,OUT027,1985,Medium,Tier 3,Supermarket Type3,1973.4312,98.1648
FDQ11,5.695,Regular,0.06797671,Breads,257.4988,OUT018,2009,Medium,Tier 3,Supermarket Type2,3083.9856,252.4988
FDV01,19.2,Regular,0.142189843,Canned,153.8314,OUT010,1998,,Tier 3,Grocery Store,155.1314,148.8314
FDX31,20.35,Regular,0.014813268,Fruits and Vegetables,234.9958,OUT013,1987,High,Tier 3,Supermarket Type1,5842.395,229.9958
NCX54,9.195,low fat,0.080442371,Household,107.7622,OUT010,1998,,Tier 3,Grocery Store,105.8622,102.7622
DRC12,17.85,Low Fat,0.03781972,Soft Drinks,191.6188,OUT035,2004,Small,Tier 2,Supermarket Type1,2475.4444,186.6188
FDU11,,Low Fat,0.092145264,Breads,120.7098,OUT027,1985,Medium,Tier 3,Supermarket Type3,3735.8038,115.7098
NCB30,14.6,Low Fat,0.025702994,Household,199.9084,OUT046,1997,Small,Tier 1,Supermarket Type1,2380.9008,194.9084
FDS27,10.195,Regular,0.012483408,Meat,195.411,OUT045,2002,,Tier 2,Supermarket Type1,2749.754,190.411
FDX16,17.85,Low Fat,0,Frozen Foods,148.005,OUT018,2009,Medium,Tier 3,Supermarket Type2,898.83,143.005
NCL53,7.5,Low Fat,0.036204764,Health and Hygiene,176.1028,OUT013,1987,High,Tier 3,Supermarket Type1,1948.1308,171.1028
NCZ30,6.59,Low Fat,0.026238087,Household,121.6098,OUT045,2002,,Tier 2,Supermarket Type1,2410.196,116.6098
FDB15,10.895,Low Fat,0.137584599,Dairy,262.2568,OUT017,2007,,Tier 2,Supermarket Type1,3954.852,257.2568
FDY51,,Low Fat,0.080741927,Meat,220.8798,OUT027,1985,Medium,Tier 3,Supermarket Type3,6170.6344,215.8798
NCT18,14.6,Low Fat,0.059741172,Household,179.6976,OUT017,2007,,Tier 2,Supermarket Type1,5070.7328,174.6976
FDL32,,Regular,0.214423791,Fruits and Vegetables,111.6544,OUT019,1985,Small,Tier 1,Grocery Store,335.5632,106.6544
FDK46,9.6,Low Fat,0.051677051,Snack Foods,258.062,OUT018,2009,Medium,Tier 3,Supermarket Type2,2856.282,253.062
FDI22,,Low Fat,0.168455549,Snack Foods,211.0612,OUT019,1985,Small,Tier 1,Grocery Store,418.1224,206.0612
FDF21,10.3,Regular,0,Fruits and Vegetables,189.053,OUT045,2002,,Tier 2,Supermarket Type1,5313.084,184.053
FDR34,17,Regular,0.016055615,Snack Foods,228.4352,OUT017,2007,,Tier 2,Supermarket Type1,8245.2672,223.4352
FDJ50,8.645,Low Fat,0.021619564,Canned,50.6982,OUT049,1999,Medium,Tier 1,Supermarket Type1,736.3748,45.6982
FDC34,16,Regular,0.173027688,Snack Foods,155.2972,OUT049,1999,Medium,Tier 1,Supermarket Type1,3583.3356,150.2972
FDW51,6.155,Regular,0.095045476,Meat,213.456,OUT018,2009,Medium,Tier 3,Supermarket Type2,2556.672,208.456
FDR28,13.85,Regular,0.025891588,Frozen Foods,165.121,OUT035,2004,Small,Tier 2,Supermarket Type1,2936.178,160.121
FDV60,,Regular,0.205484395,Baking Goods,198.011,OUT019,1985,Small,Tier 1,Grocery Store,392.822,193.011
FDI45,13.1,Low Fat,0.037793818,Fruits and Vegetables,173.8054,OUT017,2007,,Tier 2,Supermarket Type1,2801.6864,168.8054
NCB30,,Low Fat,0.045002624,Household,196.5084,OUT019,1985,Small,Tier 1,Grocery Store,198.4084,191.5084
DRO59,11.8,Low Fat,0.054460571,Hard Drinks,77.0012,OUT017,2007,,Tier 2,Supermarket Type1,2277.036,72.0012
FDU12,15.5,Regular,0.075736746,Baking Goods,265.5568,OUT035,2004,Small,Tier 2,Supermarket Type1,4482.1656,260.5568
NCX18,14.15,Low Fat,0.014719325,Household,196.911,OUT010,1998,,Tier 3,Grocery Store,392.822,191.911
NCH30,,Low Fat,0.066828857,Household,114.186,OUT027,1985,Medium,Tier 3,Supermarket Type3,1924.162,109.186
FDE11,,Regular,0.23653561,Starchy Foods,184.1924,OUT019,1985,Small,Tier 1,Grocery Store,185.0924,179.1924
FDE32,20.7,Low Fat,0.04903471,Fruits and Vegetables,39.9506,OUT017,2007,,Tier 2,Supermarket Type1,872.8638,34.9506
FDP25,15.2,Low Fat,0.035497039,Canned,216.7824,OUT010,1998,,Tier 3,Grocery Store,436.7648,211.7824
NCM29,11.5,Low Fat,0.017638893,Health and Hygiene,132.7626,OUT035,2004,Small,Tier 2,Supermarket Type1,2885.5772,127.7626
FDQ21,21.25,Low Fat,0.01945343,Snack Foods,120.8756,OUT049,1999,Medium,Tier 1,Supermarket Type1,1454.1072,115.8756
FDN24,14.1,Low Fat,0.11326743,Baking Goods,54.5956,OUT046,1997,Small,Tier 1,Supermarket Type1,1037.3164,49.5956
DRY23,9.395,Regular,0.109713464,Soft Drinks,41.3112,OUT017,2007,,Tier 2,Supermarket Type1,255.6672,36.3112
FDW04,,Regular,0,Frozen Foods,130.531,OUT027,1985,Medium,Tier 3,Supermarket Type3,5582.733,125.531
FDM01,7.895,Regular,0.094952408,Breakfast,101.1332,OUT018,2009,Medium,Tier 3,Supermarket Type2,1332.9316,96.1332
NCW29,14,Low Fat,0.029026218,Health and Hygiene,131.331,OUT017,2007,,Tier 2,Supermarket Type1,3635.268,126.331
FDG33,5.365,Regular,0.140123575,Seafood,172.0764,OUT013,1987,High,Tier 3,Supermarket Type1,2748.4224,167.0764
FDV51,16.35,Low Fat,0.03272295,Meat,165.7842,OUT017,2007,,Tier 2,Supermarket Type1,1823.6262,160.7842
NCQ18,15.75,Low Fat,0.135836828,Household,100.37,OUT017,2007,,Tier 2,Supermarket Type1,1298.31,95.37
NCL53,7.5,Low Fat,0.036382524,Health and Hygiene,177.9028,OUT018,2009,Medium,Tier 3,Supermarket Type2,1416.8224,172.9028
FDQ39,14.8,Low Fat,0,Meat,189.3846,OUT013,1987,High,Tier 3,Supermarket Type1,4777.115,184.3846
FDF46,7.07,Low Fat,0.094201018,Snack Foods,115.8834,OUT017,2007,,Tier 2,Supermarket Type1,1036.6506,110.8834
NCA06,20.5,Low Fat,0.143506376,Household,34.719,OUT049,1999,Medium,Tier 1,Supermarket Type1,768.999,29.719
FDV26,,Regular,0.133347119,Dairy,193.0794,OUT019,1985,Small,Tier 1,Grocery Store,975.397,188.0794
FDJ04,18,Low Fat,0.124428516,Frozen Foods,119.9124,OUT035,2004,Small,Tier 2,Supermarket Type1,948.0992,114.9124
FDE28,9.5,Regular,0.221856492,Frozen Foods,231.8668,OUT010,1998,,Tier 3,Grocery Store,230.3668,226.8668
NCZ29,15,Low Fat,0.071312064,Health and Hygiene,125.7362,OUT013,1987,High,Tier 3,Supermarket Type1,3020.0688,120.7362
FDW43,20.1,Regular,0.022425236,Fruits and Vegetables,226.3036,OUT046,1997,Small,Tier 1,Supermarket Type1,910.8144,221.3036
FDZ49,11,Regular,0.133352623,Canned,219.7798,OUT049,1999,Medium,Tier 1,Supermarket Type1,2644.5576,214.7798
NCJ05,18.7,Low Fat,0.046079558,Health and Hygiene,151.5682,OUT035,2004,Small,Tier 2,Supermarket Type1,1982.0866,146.5682
NCP29,,LF,0,Health and Hygiene,64.2168,OUT027,1985,Medium,Tier 3,Supermarket Type3,1278.336,59.2168
FDS16,15.15,Regular,0.066446521,Frozen Foods,147.976,OUT018,2009,Medium,Tier 3,Supermarket Type2,732.38,142.976
FDZ45,14.1,Low Fat,0.066979957,Snack Foods,196.7084,OUT049,1999,Medium,Tier 1,Supermarket Type1,3174.5344,191.7084
NCP29,8.42,Low Fat,0.187918654,Health and Hygiene,65.4168,OUT010,1998,,Tier 3,Grocery Store,127.8336,60.4168
FDZ58,,Low Fat,0.051924192,Snack Foods,121.0072,OUT027,1985,Medium,Tier 3,Supermarket Type3,2940.1728,116.0072
FDV55,,Low Fat,0.054806734,Fruits and Vegetables,145.1444,OUT027,1985,Medium,Tier 3,Supermarket Type3,3918.8988,140.1444
NCV53,8.27,Low Fat,0.018813601,Health and Hygiene,237.988,OUT046,1997,Small,Tier 1,Supermarket Type1,7190.64,232.988
FDV47,,Low Fat,0.094910421,Breads,84.5566,OUT019,1985,Small,Tier 1,Grocery Store,253.6698,79.5566
FDD45,8.615,Low Fat,0.116722514,Fruits and Vegetables,95.4436,OUT018,2009,Medium,Tier 3,Supermarket Type2,567.2616,90.4436
FDP26,,Low Fat,0.244338986,Dairy,105.9306,OUT019,1985,Small,Tier 1,Grocery Store,209.0612,100.9306
DRD37,9.8,Low Fat,0.013863257,Soft Drinks,45.106,OUT049,1999,Medium,Tier 1,Supermarket Type1,1398.18,40.106
FDT09,,Regular,0.021471456,Snack Foods,131.0284,OUT019,1985,Small,Tier 1,Grocery Store,131.8284,126.0284
FDM03,,Low Fat,0,Meat,109.1938,OUT027,1985,Medium,Tier 3,Supermarket Type3,2036.6822,104.1938
FDW09,13.65,Regular,0.026067434,Snack Foods,78.8302,OUT017,2007,,Tier 2,Supermarket Type1,713.0718,73.8302
FDX10,6.385,Regular,0.123710526,Snack Foods,37.1874,OUT046,1997,Small,Tier 1,Supermarket Type1,247.0118,32.1874
FDZ60,20.5,Low Fat,0.119547387,Baking Goods,108.9596,OUT049,1999,Medium,Tier 1,Supermarket Type1,539.298,103.9596
FDM58,16.85,Regular,0.079690403,Snack Foods,113.4544,OUT046,1997,Small,Tier 1,Supermarket Type1,2908.2144,108.4544
FDV32,7.785,Low Fat,0.088691614,Fruits and Vegetables,61.851,OUT035,2004,Small,Tier 2,Supermarket Type1,1454.773,56.851
FDU07,,Low Fat,0.104784329,Fruits and Vegetables,150.4366,OUT019,1985,Small,Tier 1,Grocery Store,151.1366,145.4366
FDS51,,LF,0.032024659,Meat,62.7194,OUT027,1985,Medium,Tier 3,Supermarket Type3,1857.582,57.7194
NCT17,10.8,Low Fat,0.041950753,Health and Hygiene,190.0214,OUT045,2002,,Tier 2,Supermarket Type1,2449.4782,185.0214
FDA01,15,Regular,0.091018048,Canned,60.2904,OUT010,1998,,Tier 3,Grocery Store,117.1808,55.2904
FDW25,5.175,Low Fat,0.037398953,Canned,84.2224,OUT046,1997,Small,Tier 1,Supermarket Type1,852.224,79.2224
FDS01,11.6,Low Fat,0.017845372,Canned,179.0686,OUT017,2007,,Tier 2,Supermarket Type1,5688.5952,174.0686
NCV18,6.775,Low Fat,0.105459307,Household,84.625,OUT045,2002,,Tier 2,Supermarket Type1,2496.75,79.625
FDZ04,9.31,Low Fat,0.038032068,Frozen Foods,61.351,OUT045,2002,,Tier 2,Supermarket Type1,822.263,56.351
DRN59,15,Low Fat,0.064504433,Hard Drinks,47.306,OUT017,2007,,Tier 2,Supermarket Type1,652.484,42.306
FDD36,13.3,LF,0.021306635,Baking Goods,119.8124,OUT049,1999,Medium,Tier 1,Supermarket Type1,1896.1984,114.8124
FDT56,16,Regular,0.116063284,Fruits and Vegetables,59.1246,OUT018,2009,Medium,Tier 3,Supermarket Type2,753.0198,54.1246
FDP09,,low fat,0.059336763,Snack Foods,212.1902,OUT019,1985,Small,Tier 1,Grocery Store,424.7804,207.1902
FDA33,6.48,Low Fat,0.034091649,Snack Foods,146.2076,OUT017,2007,,Tier 2,Supermarket Type1,2364.9216,141.2076
FDH14,,Regular,0.081955735,Canned,142.0838,OUT019,1985,Small,Tier 1,Grocery Store,280.9676,137.0838
NCF18,,Low Fat,0.088551694,Household,191.5504,OUT027,1985,Medium,Tier 3,Supermarket Type3,5944.2624,186.5504
FDF59,12.5,Low Fat,0.071230537,Starchy Foods,128.102,OUT035,2004,Small,Tier 2,Supermarket Type1,885.514,123.102
FDC29,8.39,reg,0.024185517,Frozen Foods,115.7176,OUT013,1987,High,Tier 3,Supermarket Type1,1374.2112,110.7176
FDD32,17.7,reg,0.041163522,Fruits and Vegetables,80.8276,OUT017,2007,,Tier 2,Supermarket Type1,1868.2348,75.8276
FDZ08,12.5,Regular,0,Fruits and Vegetables,80.8592,OUT010,1998,,Tier 3,Grocery Store,82.5592,75.8592
FDT21,,Low Fat,0,Snack Foods,248.8092,OUT027,1985,Medium,Tier 3,Supermarket Type3,6474.2392,243.8092
FDM33,15.6,Low Fat,0.087719692,Snack Foods,218.5798,OUT046,1997,Small,Tier 1,Supermarket Type1,4407.596,213.5798
NCK07,10.65,Low Fat,0.048677482,Others,166.1526,OUT035,2004,Small,Tier 2,Supermarket Type1,2466.789,161.1526
NCL41,12.35,Low Fat,0.041907648,Health and Hygiene,36.2216,OUT018,2009,Medium,Tier 3,Supermarket Type2,346.216,31.2216
FDZ36,6.035,Regular,0.065783783,Baking Goods,188.224,OUT046,1997,Small,Tier 1,Supermarket Type1,5779.144,183.224
FDW51,6.155,Regular,0.094807042,Meat,213.356,OUT049,1999,Medium,Tier 1,Supermarket Type1,3835.008,208.356
FDS47,16.75,Low Fat,0.128778474,Breads,89.1856,OUT013,1987,High,Tier 3,Supermarket Type1,1581.9408,84.1856
FDV02,16.75,Low Fat,0.060668416,Dairy,172.4106,OUT045,2002,,Tier 2,Supermarket Type1,2908.8802,167.4106
NCU18,15.1,Low Fat,0.056067524,Household,139.8496,OUT018,2009,Medium,Tier 3,Supermarket Type2,1270.3464,134.8496
NCX17,21.25,Low Fat,0.114066204,Health and Hygiene,233.03,OUT018,2009,Medium,Tier 3,Supermarket Type2,5592.72,228.03
FDI12,9.395,Regular,0.10039894,Baking Goods,89.6856,OUT046,1997,Small,Tier 1,Supermarket Type1,878.856,84.6856
DRH51,17.6,Low Fat,0.097135675,Dairy,89.3856,OUT013,1987,High,Tier 3,Supermarket Type1,1318.284,84.3856
NCP30,,Low Fat,0.032610007,Household,37.4822,OUT027,1985,Medium,Tier 3,Supermarket Type3,942.7728,32.4822
FDG08,13.15,Regular,0.165616415,Fruits and Vegetables,172.6764,OUT049,1999,Medium,Tier 1,Supermarket Type1,2061.3168,167.6764
FDX35,5.035,Regular,0,Breads,228.2036,OUT046,1997,Small,Tier 1,Supermarket Type1,4781.7756,223.2036
FDY26,,Regular,0.030362777,Dairy,210.5244,OUT027,1985,Medium,Tier 3,Supermarket Type3,6775.1808,205.5244
NCM43,,Low Fat,0.03409886,Others,162.621,OUT019,1985,Small,Tier 1,Grocery Store,815.605,157.621
NCZ54,,Low Fat,0.145951533,Household,160.9552,OUT019,1985,Small,Tier 1,Grocery Store,162.4552,155.9552
FDO16,5.48,Low Fat,0.015138834,Frozen Foods,81.925,OUT045,2002,,Tier 2,Supermarket Type1,3079.325,76.925
FDR22,19.35,Regular,0.031069993,Snack Foods,112.0544,OUT010,1998,,Tier 3,Grocery Store,223.7088,107.0544
FDJ16,9.195,Low Fat,0.115535487,Frozen Foods,59.5246,OUT017,2007,,Tier 2,Supermarket Type1,810.9444,54.5246
FDT47,5.26,Regular,0.02454694,Breads,95.7068,OUT049,1999,Medium,Tier 1,Supermarket Type1,1166.4816,90.7068
FDZ23,,Regular,0.067175915,Baking Goods,187.124,OUT027,1985,Medium,Tier 3,Supermarket Type3,3728.48,182.124
NCB31,6.235,Low Fat,0.118674359,Household,261.691,OUT046,1997,Small,Tier 1,Supermarket Type1,3155.892,256.691
FDM15,11.8,Regular,0.057421582,Meat,149.9366,OUT046,1997,Small,Tier 1,Supermarket Type1,1662.5026,144.9366
FDX27,20.7,Regular,0.114022125,Dairy,92.9436,OUT013,1987,High,Tier 3,Supermarket Type1,2174.5028,87.9436
NCS54,13.6,LF,0.010033871,Household,177.937,OUT018,2009,Medium,Tier 3,Supermarket Type2,2293.681,172.937
NCJ30,5.82,low fat,0.080765853,Household,169.179,OUT049,1999,Medium,Tier 1,Supermarket Type1,2037.348,164.179
FDD58,7.76,Low Fat,0.05930285,Snack Foods,98.77,OUT013,1987,High,Tier 3,Supermarket Type1,1697.79,93.77
DRJ23,18.35,Low Fat,0.041753387,Hard Drinks,187.6872,OUT045,2002,,Tier 2,Supermarket Type1,2836.308,182.6872
FDS14,7.285,Low Fat,0.050065211,Dairy,157.4288,OUT045,2002,,Tier 2,Supermarket Type1,2042.6744,152.4288
FDR27,15.1,Regular,0.096020459,Meat,133.7942,OUT013,1987,High,Tier 3,Supermarket Type1,2384.8956,128.7942
FDT49,7,Low Fat,0.15202235,Canned,106.628,OUT018,2009,Medium,Tier 3,Supermarket Type2,639.168,101.628
FDX26,,Low Fat,0.087383304,Dairy,180.4292,OUT027,1985,Medium,Tier 3,Supermarket Type3,4013.4424,175.4292
NCW53,18.35,Low Fat,0.03066757,Health and Hygiene,193.4162,OUT017,2007,,Tier 2,Supermarket Type1,2116.5782,188.4162
FDS19,13.8,Regular,0,Fruits and Vegetables,74.3012,OUT045,2002,,Tier 2,Supermarket Type1,1669.8264,69.3012
DRF15,18.35,Low Fat,0.03321399,Dairy,154.934,OUT046,1997,Small,Tier 1,Supermarket Type1,1225.072,149.934
DRH01,,Low Fat,0.097429924,Soft Drinks,172.8738,OUT027,1985,Medium,Tier 3,Supermarket Type3,3649.2498,167.8738
FDJ12,8.895,Regular,0.039120291,Baking Goods,206.8296,OUT045,2002,,Tier 2,Supermarket Type1,4154.592,201.8296
NCE42,,Low Fat,0.01055095,Household,234.9958,OUT027,1985,Medium,Tier 3,Supermarket Type3,13086.9648,229.9958
DRL37,15.5,Low Fat,0.053480419,Soft Drinks,42.377,OUT045,2002,,Tier 2,Supermarket Type1,1211.756,37.377
FDJ36,14.5,Regular,0.128520186,Baking Goods,101.4332,OUT045,2002,,Tier 2,Supermarket Type1,1948.1308,96.4332
NCH18,,Low Fat,0.044444956,Household,245.2802,OUT027,1985,Medium,Tier 3,Supermarket Type3,10072.8882,240.2802
DRI11,8.26,Low Fat,0.034544435,Hard Drinks,116.0834,OUT018,2009,Medium,Tier 3,Supermarket Type2,1267.0174,111.0834
NCO17,10,Low Fat,0.073678663,Health and Hygiene,120.944,OUT018,2009,Medium,Tier 3,Supermarket Type2,2037.348,115.944
FDS49,9,Low Fat,0.079668739,Canned,79.6644,OUT018,2009,Medium,Tier 3,Supermarket Type2,1571.288,74.6644
FDX43,5.655,Low Fat,0.085447928,Fruits and Vegetables,165.85,OUT045,2002,,Tier 2,Supermarket Type1,1830.95,160.85
NCS17,18.6,Low Fat,0.080434451,Health and Hygiene,93.4436,OUT013,1987,High,Tier 3,Supermarket Type1,1701.7848,88.4436
NCC42,15,Low Fat,0.044978225,Health and Hygiene,140.8838,OUT049,1999,Medium,Tier 1,Supermarket Type1,2247.7408,135.8838
NCM26,20.5,Low Fat,0.023190134,Others,153.434,OUT045,2002,,Tier 2,Supermarket Type1,3981.484,148.434
FDU32,8.785,Low Fat,0.025967624,Fruits and Vegetables,119.9414,OUT046,1997,Small,Tier 1,Supermarket Type1,1462.0968,114.9414
FDU19,8.77,reg,0.046962004,Fruits and Vegetables,173.8422,OUT018,2009,Medium,Tier 3,Supermarket Type2,3448.844,168.8422
NCM53,18.75,Low Fat,0.05233528,Health and Hygiene,108.128,OUT017,2007,,Tier 2,Supermarket Type1,1065.28,103.128
FDG32,19.85,Low Fat,0.17635245,Fruits and Vegetables,220.8772,OUT045,2002,,Tier 2,Supermarket Type1,4225.1668,215.8772
FDF04,17.5,LF,0.013692598,Frozen Foods,259.7304,OUT018,2009,Medium,Tier 3,Supermarket Type2,3616.6256,254.7304
NCN55,14.6,LF,0,Others,242.3538,OUT035,2004,Small,Tier 2,Supermarket Type1,5287.7836,237.3538
FDJ34,11.8,Regular,0.093655728,Snack Foods,127.1704,OUT046,1997,Small,Tier 1,Supermarket Type1,3004.0896,122.1704
FDT51,11.65,Regular,0.018275816,Meat,110.8544,OUT010,1998,,Tier 3,Grocery Store,111.8544,105.8544
FDT01,13.65,Regular,0.184167712,Canned,213.7902,OUT046,1997,Small,Tier 1,Supermarket Type1,1274.3412,208.7902
FDV28,,Regular,0.158954903,Frozen Foods,34.9558,OUT027,1985,Medium,Tier 3,Supermarket Type3,1120.5414,29.9558
FDD02,16.6,Low Fat,0.050392993,Canned,118.4124,OUT045,2002,,Tier 2,Supermarket Type1,3199.8348,113.4124
FDW48,18,Low Fat,0.008558144,Baking Goods,79.0618,OUT045,2002,,Tier 2,Supermarket Type1,1208.427,74.0618
FDF44,7.17,Regular,0.059820884,Fruits and Vegetables,130.3968,OUT049,1999,Medium,Tier 1,Supermarket Type1,3523.4136,125.3968
FDY14,10.3,LF,0.070149088,Dairy,264.5226,OUT049,1999,Medium,Tier 1,Supermarket Type1,3436.1938,259.5226
FDU59,,Low Fat,0.095919472,Breads,162.6552,OUT027,1985,Medium,Tier 3,Supermarket Type3,5685.932,157.6552
FDQ10,,Low Fat,0.058092551,Snack Foods,172.0422,OUT019,1985,Small,Tier 1,Grocery Store,517.3266,167.0422
FDV21,11.5,Low Fat,0.286357776,Snack Foods,123.9704,OUT010,1998,,Tier 3,Grocery Store,375.5112,118.9704
FDQ36,7.855,Regular,0.161798604,Baking Goods,37.2848,OUT049,1999,Medium,Tier 1,Supermarket Type1,745.696,32.2848
FDH12,,Low Fat,0.148742896,Baking Goods,107.128,OUT019,1985,Small,Tier 1,Grocery Store,319.584,102.128
FDV40,17.35,Low Fat,0,Frozen Foods,72.2038,OUT017,2007,,Tier 2,Supermarket Type1,886.8456,67.2038
NCF07,9,Low Fat,0.032022535,Household,101.8016,OUT046,1997,Small,Tier 1,Supermarket Type1,1720.4272,96.8016
FDA08,,Regular,0.049842613,Fruits and Vegetables,164.2526,OUT027,1985,Medium,Tier 3,Supermarket Type3,3946.8624,159.2526
FDP33,,Low Fat,0.156304192,Snack Foods,256.3672,OUT019,1985,Small,Tier 1,Grocery Store,255.6672,251.3672
FDS27,10.195,Regular,0.012458143,Meat,196.311,OUT046,1997,Small,Tier 1,Supermarket Type1,589.233,191.311
DRD60,15.7,Low Fat,0.037201127,Soft Drinks,181.7634,OUT013,1987,High,Tier 3,Supermarket Type1,2544.6876,176.7634
FDM28,15.7,Low Fat,0.045274134,Frozen Foods,177.966,OUT049,1999,Medium,Tier 1,Supermarket Type1,3415.554,172.966
NCU54,8.88,Low Fat,0.098603729,Household,210.727,OUT035,2004,Small,Tier 2,Supermarket Type1,4194.54,205.727
NCX05,15.2,LF,0.097457483,Health and Hygiene,114.4492,OUT018,2009,Medium,Tier 3,Supermarket Type2,579.246,109.4492
FDX59,10.195,Low Fat,0.051661272,Breads,33.3558,OUT046,1997,Small,Tier 1,Supermarket Type1,848.895,28.3558
FDE10,6.67,Regular,0,Snack Foods,133.0626,OUT049,1999,Medium,Tier 1,Supermarket Type1,1573.9512,128.0626
FDW16,,Regular,0.041273391,Frozen Foods,91.6804,OUT027,1985,Medium,Tier 3,Supermarket Type3,3858.9768,86.6804
FDW07,,Regular,0.141997869,Fruits and Vegetables,90.5514,OUT027,1985,Medium,Tier 3,Supermarket Type3,2036.6822,85.5514
FDG38,8.975,Regular,0,Canned,84.9224,OUT018,2009,Medium,Tier 3,Supermarket Type2,1278.336,79.9224
DRC27,13.8,Low Fat,0.058339153,Dairy,246.2802,OUT018,2009,Medium,Tier 3,Supermarket Type2,1228.401,241.2802
FDT43,16.35,Low Fat,0.020544065,Fruits and Vegetables,49.9324,OUT035,2004,Small,Tier 2,Supermarket Type1,259.662,44.9324
FDR44,6.11,Regular,0.103503049,Fruits and Vegetables,129.6968,OUT017,2007,,Tier 2,Supermarket Type1,1174.4712,124.6968
FDP26,7.785,Low Fat,0.140342195,Dairy,105.6306,OUT017,2007,,Tier 2,Supermarket Type1,627.1836,100.6306
NCE55,,Low Fat,0.12929931,Household,178.237,OUT027,1985,Medium,Tier 3,Supermarket Type3,7939.665,173.237
FDU39,18.85,Low Fat,0.036031137,Meat,60.4562,OUT035,2004,Small,Tier 2,Supermarket Type1,1125.8678,55.4562
FDK27,,Low Fat,0.008903212,Meat,120.9756,OUT027,1985,Medium,Tier 3,Supermarket Type3,2787.0388,115.9756
FDP32,6.65,Low Fat,0.087669485,Fruits and Vegetables,127.2678,OUT046,1997,Small,Tier 1,Supermarket Type1,2416.1882,122.2678
NCW54,7.5,Low Fat,0,Household,59.2588,OUT049,1999,Medium,Tier 1,Supermarket Type1,916.1408,54.2588
FDA36,5.985,Low Fat,0.005661669,Baking Goods,186.5924,OUT013,1987,High,Tier 3,Supermarket Type1,2591.2936,181.5924
FDU24,6.78,Regular,0,Baking Goods,95.012,OUT049,1999,Medium,Tier 1,Supermarket Type1,2050.664,90.012
FDX34,6.195,Low Fat,0.07198553,Snack Foods,122.2098,OUT046,1997,Small,Tier 1,Supermarket Type1,1205.098,117.2098
FDU27,18.6,Regular,0.17133418,Meat,48.8376,OUT013,1987,High,Tier 3,Supermarket Type1,287.6256,43.8376
FDQ25,8.63,Regular,0.047329385,Canned,174.1422,OUT010,1998,,Tier 3,Grocery Store,517.3266,169.1422
FDY01,11.8,Regular,0.170977155,Canned,117.0834,OUT018,2009,Medium,Tier 3,Supermarket Type2,1842.9344,112.0834
FDH27,7.075,Low Fat,0.058298384,Dairy,145.8128,OUT013,1987,High,Tier 3,Supermarket Type1,1725.7536,140.8128
FDL10,8.395,Low Fat,0.039715591,Snack Foods,100.1042,OUT017,2007,,Tier 2,Supermarket Type1,1289.6546,95.1042
FDL15,17.85,Low Fat,0.046824729,Meat,153.6682,OUT018,2009,Medium,Tier 3,Supermarket Type2,1829.6184,148.6682
FDT24,12.35,Regular,0.311090379,Baking Goods,79.2328,OUT010,1998,,Tier 3,Grocery Store,154.4656,74.2328
NCN55,14.6,Low Fat,0.059611153,Others,238.3538,OUT045,2002,,Tier 2,Supermarket Type1,2163.1842,233.3538
FDZ59,,Regular,0.103517853,Baking Goods,164.95,OUT027,1985,Medium,Tier 3,Supermarket Type3,4161.25,159.95
FDM57,11.65,Regular,0.075834825,Snack Foods,82.9908,OUT035,2004,Small,Tier 2,Supermarket Type1,1258.362,77.9908
FDD14,20.7,Low Fat,0.170072462,Canned,183.8266,OUT049,1999,Medium,Tier 1,Supermarket Type1,1844.266,178.8266
FDU19,8.77,Regular,0,Fruits and Vegetables,173.6422,OUT013,1987,High,Tier 3,Supermarket Type1,517.3266,168.6422
DRJ39,20.25,Low Fat,0.036399734,Dairy,219.3482,OUT045,2002,,Tier 2,Supermarket Type1,8323.8316,214.3482
FDI04,13.65,Regular,0.072912432,Frozen Foods,198.4426,OUT046,1997,Small,Tier 1,Supermarket Type1,5536.7928,193.4426
NCQ54,17.7,Low Fat,0.012567811,Household,168.4474,OUT045,2002,,Tier 2,Supermarket Type1,2358.2636,163.4474
FDW12,8.315,Regular,0.035773394,Baking Goods,144.3444,OUT017,2007,,Tier 2,Supermarket Type1,3483.4656,139.3444
FDQ32,,Regular,0.046382793,Fruits and Vegetables,122.8388,OUT027,1985,Medium,Tier 3,Supermarket Type3,2972.1312,117.8388
DRG49,7.81,Low Fat,0.067836851,Soft Drinks,246.1486,OUT017,2007,,Tier 2,Supermarket Type1,5375.6692,241.1486
FDP58,11.1,Low Fat,0,Snack Foods,220.7482,OUT049,1999,Medium,Tier 1,Supermarket Type1,4380.964,215.7482
FDD57,18.1,low fat,0.022434418,Fruits and Vegetables,96.2094,OUT049,1999,Medium,Tier 1,Supermarket Type1,952.094,91.2094
DRG23,8.88,Low Fat,0.086764795,Hard Drinks,153.8682,OUT035,2004,Small,Tier 2,Supermarket Type1,1829.6184,148.8682
NCZ17,12.15,LF,0,Health and Hygiene,39.1506,OUT017,2007,,Tier 2,Supermarket Type1,1480.0734,34.1506
DRJ11,9.5,Low Fat,0.085437778,Hard Drinks,188.4872,OUT018,2009,Medium,Tier 3,Supermarket Type2,3592.6568,183.4872
FDG16,15.25,Low Fat,0.089998959,Frozen Foods,215.1192,OUT045,2002,,Tier 2,Supermarket Type1,2157.192,210.1192
FDZ51,,Regular,0.054288646,Meat,96.6094,OUT027,1985,Medium,Tier 3,Supermarket Type3,2189.8162,91.6094
NCN43,12.15,Low Fat,0,Others,123.773,OUT046,1997,Small,Tier 1,Supermarket Type1,3325.671,118.773
NCN30,16.35,LF,0.016993204,Household,95.741,OUT046,1997,Small,Tier 1,Supermarket Type1,965.41,90.741
FDP39,,Low Fat,0.06908877,Meat,52.3324,OUT027,1985,Medium,Tier 3,Supermarket Type3,1298.31,47.3324
FDP34,12.85,Low Fat,0.137441201,Snack Foods,157.663,OUT049,1999,Medium,Tier 1,Supermarket Type1,2659.871,152.663
FDM44,12.5,Low Fat,0.051970788,Fruits and Vegetables,103.699,OUT010,1998,,Tier 3,Grocery Store,412.796,98.699
FDC28,7.905,Low Fat,0,Frozen Foods,109.1254,OUT017,2007,,Tier 2,Supermarket Type1,1627.881,104.1254
DRC24,17.85,Low Fat,0.02492239,Soft Drinks,153.4998,OUT018,2009,Medium,Tier 3,Supermarket Type2,2922.1962,148.4998
FDN46,7.21,Regular,0.144924795,Snack Foods,100.8332,OUT045,2002,,Tier 2,Supermarket Type1,1537.998,95.8332
NCN53,5.175,LF,0.030349723,Health and Hygiene,37.0874,OUT035,2004,Small,Tier 2,Supermarket Type1,423.4488,32.0874
FDY32,,Low Fat,0.226284381,Fruits and Vegetables,163.221,OUT019,1985,Small,Tier 1,Grocery Store,326.242,158.221
NCW06,16.2,Low Fat,0.050625182,Household,193.1162,OUT017,2007,,Tier 2,Supermarket Type1,2501.4106,188.1162
FDY48,14,Low Fat,0.02371512,Baking Goods,103.8332,OUT013,1987,High,Tier 3,Supermarket Type1,1743.0644,98.8332
NCP29,8.42,Low Fat,0.112177581,Health and Hygiene,65.9168,OUT013,1987,High,Tier 3,Supermarket Type1,958.752,60.9168
FDB60,9.3,low fat,0.04774013,Baking Goods,195.0136,OUT010,1998,,Tier 3,Grocery Store,194.4136,190.0136
DRE60,9.395,Low Fat,0.159304333,Soft Drinks,226.172,OUT035,2004,Small,Tier 2,Supermarket Type1,3848.324,221.172
FDN51,17.85,Regular,0.020989308,Meat,260.7936,OUT045,2002,,Tier 2,Supermarket Type1,4697.8848,255.7936
DRE15,,Low Fat,0.01769927,Dairy,74.2012,OUT027,1985,Medium,Tier 3,Supermarket Type3,1290.3204,69.2012
DRG15,6.13,Low Fat,0,Dairy,60.1536,OUT013,1987,High,Tier 3,Supermarket Type1,1102.5648,55.1536
FDX55,,Low Fat,0.096658404,Fruits and Vegetables,216.9166,OUT019,1985,Small,Tier 1,Grocery Store,217.7166,211.9166
FDC57,20.1,Regular,0.054816926,Fruits and Vegetables,194.282,OUT018,2009,Medium,Tier 3,Supermarket Type2,1544.656,189.282
FDA25,16.5,Regular,0.068511103,Canned,103.699,OUT017,2007,,Tier 2,Supermarket Type1,1651.184,98.699
NCK29,5.615,Low Fat,0.12574524,Health and Hygiene,122.473,OUT035,2004,Small,Tier 2,Supermarket Type1,1354.903,117.473
FDP48,7.52,Regular,0.044023213,Baking Goods,183.095,OUT046,1997,Small,Tier 1,Supermarket Type1,5492.85,178.095
FDP49,,Regular,0.068754395,Breakfast,54.5614,OUT027,1985,Medium,Tier 3,Supermarket Type3,1713.1034,49.5614
FDL38,13.8,Regular,0.024660202,Canned,87.4172,OUT010,1998,,Tier 3,Grocery Store,178.4344,82.4172
FDZ21,17.6,Regular,0.039214444,Snack Foods,98.241,OUT035,2004,Small,Tier 2,Supermarket Type1,1930.82,93.241
FDQ44,20.5,Low Fat,0.036344721,Fruits and Vegetables,122.3756,OUT017,2007,,Tier 2,Supermarket Type1,2544.6876,117.3756
NCB42,11.8,LF,0.008554052,Health and Hygiene,116.9492,OUT013,1987,High,Tier 3,Supermarket Type1,1969.4364,111.9492
FDY15,,Regular,0.170000805,Dairy,155.963,OUT027,1985,Medium,Tier 3,Supermarket Type3,4537.427,150.963
NCW05,20.25,Low Fat,0.148302815,Health and Hygiene,108.3938,OUT049,1999,Medium,Tier 1,Supermarket Type1,2787.0388,103.3938
FDR23,15.85,Low Fat,0.081914677,Breads,177.637,OUT049,1999,Medium,Tier 1,Supermarket Type1,3352.303,172.637
FDO34,17.7,Low Fat,0.029914022,Snack Foods,166.2816,OUT013,1987,High,Tier 3,Supermarket Type1,2516.724,161.2816
FDZ36,6.035,Regular,0.065771344,Baking Goods,185.324,OUT035,2004,Small,Tier 2,Supermarket Type1,3728.48,180.324
FDX58,,Low Fat,0.043551753,Snack Foods,184.495,OUT027,1985,Medium,Tier 3,Supermarket Type3,7873.085,179.495
NCJ18,12.35,Low Fat,0.163941937,Household,117.0124,OUT046,1997,Small,Tier 1,Supermarket Type1,1540.6612,112.0124
FDP22,14.65,Regular,0.099692906,Snack Foods,50.9666,OUT017,2007,,Tier 2,Supermarket Type1,717.7324,45.9666
FDH57,10.895,Low Fat,0.059834024,Fruits and Vegetables,133.5284,OUT010,1998,,Tier 3,Grocery Store,263.6568,128.5284
DRF51,15.75,Low Fat,0.166174549,Dairy,37.4506,OUT045,2002,,Tier 2,Supermarket Type1,1062.6168,32.4506
FDD51,11.15,LF,0.119930029,Dairy,44.2744,OUT035,2004,Small,Tier 2,Supermarket Type1,588.5672,39.2744
FDW04,8.985,reg,0.057944376,Frozen Foods,131.531,OUT045,2002,,Tier 2,Supermarket Type1,1428.141,126.531
FDZ21,17.6,Regular,0.065649353,Snack Foods,94.841,OUT010,1998,,Tier 3,Grocery Store,193.082,89.841
NCJ30,,LF,0.080249973,Household,168.679,OUT027,1985,Medium,Tier 3,Supermarket Type3,4923.591,163.679
FDO45,13.15,Regular,0.037952777,Snack Foods,89.5856,OUT046,1997,Small,Tier 1,Supermarket Type1,1494.0552,84.5856
FDE41,9.195,Regular,0.064113698,Frozen Foods,86.5566,OUT049,1999,Medium,Tier 1,Supermarket Type1,1183.7924,81.5566
DRD13,,Low Fat,0.048841794,Soft Drinks,64.7168,OUT027,1985,Medium,Tier 3,Supermarket Type3,3068.0064,59.7168
NCC07,19.6,Low Fat,0.02394662,Household,106.9964,OUT035,2004,Small,Tier 2,Supermarket Type1,1788.3388,101.9964
FDE51,,Regular,0.096000183,Dairy,43.7086,OUT027,1985,Medium,Tier 3,Supermarket Type3,1293.6494,38.7086
NCG43,20.2,Low Fat,0.074177667,Household,93.2462,OUT013,1987,High,Tier 3,Supermarket Type1,1018.0082,88.2462
FDS59,,Regular,0.04368089,Breads,110.157,OUT027,1985,Medium,Tier 3,Supermarket Type3,2306.997,105.157
FDV16,7.75,reg,0.083268523,Frozen Foods,32.9558,OUT018,2009,Medium,Tier 3,Supermarket Type2,101.8674,27.9558
FDC03,8.575,Regular,0.071832909,Dairy,194.1794,OUT035,2004,Small,Tier 2,Supermarket Type1,3316.3498,189.1794
FDV60,20.2,Regular,0,Baking Goods,197.211,OUT013,1987,High,Tier 3,Supermarket Type1,3535.398,192.211
FDJ60,19.35,Regular,0.062625641,Baking Goods,165.3184,OUT049,1999,Medium,Tier 1,Supermarket Type1,1651.184,160.3184
FDX20,7.365,Low Fat,0.042646566,Fruits and Vegetables,225.172,OUT045,2002,,Tier 2,Supermarket Type1,452.744,220.172
FDD17,7.5,Low Fat,0,Frozen Foods,237.7906,OUT035,2004,Small,Tier 2,Supermarket Type1,1188.453,232.7906
FDD08,8.3,Low Fat,0.03555434,Fruits and Vegetables,37.4506,OUT017,2007,,Tier 2,Supermarket Type1,796.9626,32.4506
FDX45,16.75,Low Fat,0.105068444,Snack Foods,156.663,OUT045,2002,,Tier 2,Supermarket Type1,2816.334,151.663
FDM25,10.695,Regular,0.060912865,Breakfast,173.8712,OUT018,2009,Medium,Tier 3,Supermarket Type2,4570.0512,168.8712
NCT42,5.88,Low Fat,0.02488732,Household,147.5392,OUT046,1997,Small,Tier 1,Supermarket Type1,2684.5056,142.5392
FDT02,12.6,Low Fat,0.024194731,Dairy,36.1874,OUT046,1997,Small,Tier 1,Supermarket Type1,423.4488,31.1874
FDV34,10.695,Regular,0.01141595,Snack Foods,74.0038,OUT013,1987,High,Tier 3,Supermarket Type1,1034.6532,69.0038
NCR41,17.85,Low Fat,0.018023997,Health and Hygiene,95.9094,OUT046,1997,Small,Tier 1,Supermarket Type1,2285.0256,90.9094
FDT31,19.75,Low Fat,0.012499004,Fruits and Vegetables,188.0872,OUT018,2009,Medium,Tier 3,Supermarket Type2,2458.1336,183.0872
FDF33,7.97,Low Fat,0.036045991,Seafood,107.5596,OUT010,1998,,Tier 3,Grocery Store,431.4384,102.5596
NCU29,,Low Fat,0.044607722,Health and Hygiene,145.976,OUT019,1985,Small,Tier 1,Grocery Store,585.904,140.976
NCB55,15.7,Low Fat,0.16098885,Household,57.8562,OUT045,2002,,Tier 2,Supermarket Type1,651.8182,52.8562
NCU18,15.1,Low Fat,0.055793586,Household,139.7496,OUT013,1987,High,Tier 3,Supermarket Type1,3952.1888,134.7496
FDZ59,6.63,Regular,0.104445322,Baking Goods,167.25,OUT018,2009,Medium,Tier 3,Supermarket Type2,1830.95,162.25
NCI29,8.6,Low Fat,0.032687702,Health and Hygiene,140.9154,OUT045,2002,,Tier 2,Supermarket Type1,1134.5232,135.9154
FDL03,,Regular,0.026949463,Meat,197.711,OUT027,1985,Medium,Tier 3,Supermarket Type3,4910.275,192.711
NCQ06,13,Low Fat,0.041909345,Household,255.0014,OUT045,2002,,Tier 2,Supermarket Type1,5865.0322,250.0014
FDY31,5.98,LF,0.04363058,Fruits and Vegetables,148.2418,OUT049,1999,Medium,Tier 1,Supermarket Type1,1618.5598,143.2418
DRI03,6.03,Low Fat,0,Dairy,175.1028,OUT049,1999,Medium,Tier 1,Supermarket Type1,1593.9252,170.1028
FDL38,13.8,Regular,0.014793124,Canned,88.5172,OUT018,2009,Medium,Tier 3,Supermarket Type2,2408.8644,83.5172
FDR37,,Regular,0.065928735,Breakfast,183.0292,OUT027,1985,Medium,Tier 3,Supermarket Type3,8209.314,178.0292
FDT59,,Low Fat,0.01583438,Breads,228.5668,OUT027,1985,Medium,Tier 3,Supermarket Type3,3225.1352,223.5668
FDV28,16.1,Regular,0.159728395,Frozen Foods,34.3558,OUT046,1997,Small,Tier 1,Supermarket Type1,271.6464,29.3558
NCX53,20.1,Low Fat,0.014925407,Health and Hygiene,143.4154,OUT013,1987,High,Tier 3,Supermarket Type1,3545.385,138.4154
FDZ12,9.17,Low Fat,0.102893121,Baking Goods,141.947,OUT013,1987,High,Tier 3,Supermarket Type1,4008.116,136.947
NCT05,10.895,Low Fat,0.020951848,Health and Hygiene,255.3672,OUT046,1997,Small,Tier 1,Supermarket Type1,767.0016,250.3672
FDW38,5.325,Regular,0,Dairy,55.8298,OUT035,2004,Small,Tier 2,Supermarket Type1,485.3682,50.8298
FDD33,12.85,Low Fat,0.108102606,Fruits and Vegetables,233.3642,OUT013,1987,High,Tier 3,Supermarket Type1,3950.1914,228.3642
FDV39,,Low Fat,0,Meat,196.8426,OUT019,1985,Small,Tier 1,Grocery Store,593.2278,191.8426
DRE25,15.35,LF,0.073697713,Soft Drinks,91.912,OUT017,2007,,Tier 2,Supermarket Type1,559.272,86.912
FDC59,16.7,reg,0.091437584,Starchy Foods,64.3168,OUT010,1998,,Tier 3,Grocery Store,127.8336,59.3168
FDF58,13.3,Low Fat,0.009581155,Snack Foods,64.951,OUT046,1997,Small,Tier 1,Supermarket Type1,1644.526,59.951
NCP50,,Low Fat,0.035997636,Others,78.6618,OUT019,1985,Small,Tier 1,Grocery Store,80.5618,73.6618
FDS33,6.67,Regular,0.12332588,Snack Foods,90.2514,OUT013,1987,High,Tier 3,Supermarket Type1,974.0654,85.2514
FDP08,20.5,Regular,0.112584813,Fruits and Vegetables,192.0478,OUT049,1999,Medium,Tier 1,Supermarket Type1,1549.9824,187.0478
FDF29,15.1,Regular,0.019930418,Frozen Foods,131.531,OUT035,2004,Small,Tier 2,Supermarket Type1,2856.282,126.531
NCF30,17,Low Fat,0.126244059,Household,124.6362,OUT046,1997,Small,Tier 1,Supermarket Type1,3900.9222,119.6362
FDI50,8.42,Regular,0.030905215,Canned,227.6352,OUT045,2002,,Tier 2,Supermarket Type1,2748.4224,222.6352
FDD56,15.2,Regular,0.104365283,Fruits and Vegetables,177.1054,OUT017,2007,,Tier 2,Supermarket Type1,3151.8972,172.1054
NCN41,17,Low Fat,0.087387669,Health and Hygiene,125.073,OUT010,1998,,Tier 3,Grocery Store,369.519,120.073
FDE23,17.6,Regular,0.053481818,Starchy Foods,47.806,OUT017,2007,,Tier 2,Supermarket Type1,1071.938,42.806
FDL26,18,Low Fat,0.073306615,Canned,155.0972,OUT049,1999,Medium,Tier 1,Supermarket Type1,3894.93,150.0972
NCB30,14.6,Low Fat,0.043021542,Household,196.9084,OUT010,1998,,Tier 3,Grocery Store,595.2252,191.9084
FDY50,5.8,Low Fat,0.13169655,Dairy,89.4172,OUT017,2007,,Tier 2,Supermarket Type1,2498.0816,84.4172
NCK19,9.8,Low Fat,0.090834158,Others,192.2478,OUT018,2009,Medium,Tier 3,Supermarket Type2,4068.7038,187.2478
NCR38,,Low Fat,0.19875618,Household,250.7724,OUT019,1985,Small,Tier 1,Grocery Store,251.6724,245.7724
FDI28,14.3,Low Fat,0.026321701,Frozen Foods,77.6302,OUT046,1997,Small,Tier 1,Supermarket Type1,950.7624,72.6302
FDO24,11.1,Low Fat,0.176215665,Baking Goods,158.8604,OUT046,1997,Small,Tier 1,Supermarket Type1,2693.8268,153.8604
FDC45,17,Low Fat,0.136008489,Fruits and Vegetables,171.7106,OUT045,2002,,Tier 2,Supermarket Type1,1711.106,166.7106
FDU27,18.6,Regular,0.17174348,Meat,48.8376,OUT049,1999,Medium,Tier 1,Supermarket Type1,1294.3152,43.8376
FDS09,8.895,Regular,0.08154715,Snack Foods,49.8008,OUT017,2007,,Tier 2,Supermarket Type1,759.012,44.8008
DRE13,,low fat,0.027570939,Soft Drinks,86.6198,OUT027,1985,Medium,Tier 3,Supermarket Type3,2529.3742,81.6198
FDV15,10.3,Low Fat,0.146767897,Meat,102.3648,OUT018,2009,Medium,Tier 3,Supermarket Type2,1557.972,97.3648
FDH26,19.25,Regular,0.03467086,Canned,141.8496,OUT013,1987,High,Tier 3,Supermarket Type1,2399.5432,136.8496
FDI22,12.6,Low Fat,0.09619424,Snack Foods,210.8612,OUT035,2004,Small,Tier 2,Supermarket Type1,1254.3672,205.8612
FDJ26,15.3,Regular,0.08511049,Canned,215.7218,OUT018,2009,Medium,Tier 3,Supermarket Type2,1923.4962,210.7218
FDD26,,Regular,0.1263349,Canned,184.0924,OUT019,1985,Small,Tier 1,Grocery Store,555.2772,179.0924
NCI55,,Low Fat,0.012592289,Household,123.3414,OUT027,1985,Medium,Tier 3,Supermarket Type3,4751.8146,118.3414
FDA35,,Regular,0.05357685,Baking Goods,122.2072,OUT027,1985,Medium,Tier 3,Supermarket Type3,3552.7088,117.2072
FDN21,18.6,Low Fat,0.077168705,Snack Foods,160.6236,OUT018,2009,Medium,Tier 3,Supermarket Type2,1611.236,155.6236
NCM43,14.5,Low Fat,0.032597778,Others,163.621,OUT010,1998,,Tier 3,Grocery Store,815.605,158.621
FDD09,13.5,Low Fat,0.021583971,Fruits and Vegetables,179.5976,OUT018,2009,Medium,Tier 3,Supermarket Type2,2173.1712,174.5976
FDI24,10.3,Low Fat,0.078903499,Baking Goods,177.637,OUT045,2002,,Tier 2,Supermarket Type1,4234.488,172.637
NCN41,,Low Fat,0.091411749,Health and Hygiene,121.373,OUT019,1985,Small,Tier 1,Grocery Store,369.519,116.373
NCT53,,Low Fat,0.084245356,Health and Hygiene,164.6526,OUT019,1985,Small,Tier 1,Grocery Store,657.8104,159.6526
FDQ47,7.155,Regular,0.281509514,Breads,33.8874,OUT010,1998,,Tier 3,Grocery Store,35.2874,28.8874
NCD42,16.5,Low Fat,0.012689327,Health and Hygiene,39.7506,OUT018,2009,Medium,Tier 3,Supermarket Type2,227.7036,34.7506
FDI21,5.59,Regular,0.094741514,Snack Foods,63.1168,OUT010,1998,,Tier 3,Grocery Store,191.7504,58.1168
FDS48,15.15,Low Fat,0.046496777,Baking Goods,149.6708,OUT010,1998,,Tier 3,Grocery Store,300.9416,144.6708
FDW50,13.1,Low Fat,0.076005548,Dairy,166.1158,OUT017,2007,,Tier 2,Supermarket Type1,1169.8106,161.1158
FDO37,8.06,Low Fat,0,Breakfast,232.7326,OUT018,2009,Medium,Tier 3,Supermarket Type2,3696.5216,227.7326
FDS04,10.195,Regular,0,Frozen Foods,139.5838,OUT018,2009,Medium,Tier 3,Supermarket Type2,4495.4816,134.5838
FDP38,10.1,Low Fat,0.053732324,Canned,49.8008,OUT010,1998,,Tier 3,Grocery Store,303.6048,44.8008
NCF06,6.235,Low Fat,0.033807904,Household,258.9962,OUT010,1998,,Tier 3,Grocery Store,258.9962,253.9962
FDR35,12.5,Low Fat,0.020782036,Breads,198.3742,OUT018,2009,Medium,Tier 3,Supermarket Type2,2587.9646,193.3742
FDB04,11.35,Regular,0.063173691,Dairy,86.1856,OUT013,1987,High,Tier 3,Supermarket Type1,1494.0552,81.1856
FDK16,9.065,Low Fat,0.115563679,Frozen Foods,96.0094,OUT045,2002,,Tier 2,Supermarket Type1,1713.7692,91.0094
FDM57,11.65,Regular,0.076278201,Snack Foods,85.1908,OUT017,2007,,Tier 2,Supermarket Type1,671.1264,80.1908
FDF45,18.2,Regular,0.012223687,Fruits and Vegetables,57.1904,OUT049,1999,Medium,Tier 1,Supermarket Type1,1640.5312,52.1904
FDH04,6.115,Regular,0.011419301,Frozen Foods,91.0488,OUT018,2009,Medium,Tier 3,Supermarket Type2,1629.8784,86.0488
FDL25,6.92,Regular,0.131458247,Breakfast,90.5804,OUT018,2009,Medium,Tier 3,Supermarket Type2,183.7608,85.5804
FDK40,7.035,LF,0.021883368,Frozen Foods,263.791,OUT049,1999,Medium,Tier 1,Supermarket Type1,4996.829,258.791
FDV46,18.2,Low Fat,0.012607876,Snack Foods,139.818,OUT046,1997,Small,Tier 1,Supermarket Type1,1398.18,134.818
FDU31,10.5,Regular,0.025041738,Fruits and Vegetables,218.7508,OUT045,2002,,Tier 2,Supermarket Type1,3255.762,213.7508
NCQ53,17.6,Low Fat,0.018934719,Health and Hygiene,237.759,OUT049,1999,Medium,Tier 1,Supermarket Type1,3545.385,232.759
FDD09,,Low Fat,0.021392306,Fruits and Vegetables,182.0976,OUT027,1985,Medium,Tier 3,Supermarket Type3,6157.3184,177.0976
FDY19,19.75,Low Fat,0.041448824,Fruits and Vegetables,116.5466,OUT045,2002,,Tier 2,Supermarket Type1,2828.3184,111.5466
FDI33,16.5,Low Fat,0.028395167,Snack Foods,91.7146,OUT013,1987,High,Tier 3,Supermarket Type1,2462.7942,86.7146
FDG08,13.15,Regular,0.165221717,Fruits and Vegetables,172.0764,OUT013,1987,High,Tier 3,Supermarket Type1,4466.1864,167.0764
FDE39,7.89,Low Fat,0.036127671,Dairy,117.4782,OUT035,2004,Small,Tier 2,Supermarket Type1,2026.0294,112.4782
FDH53,20.5,Regular,0.019277945,Frozen Foods,82.8592,OUT018,2009,Medium,Tier 3,Supermarket Type2,1733.7432,77.8592
FDB09,16.25,Low Fat,0.057629899,Fruits and Vegetables,123.9046,OUT018,2009,Medium,Tier 3,Supermarket Type2,1120.5414,118.9046
FDI22,12.6,Low Fat,0.096212432,Snack Foods,207.2612,OUT046,1997,Small,Tier 1,Supermarket Type1,4390.2852,202.2612
FDX24,,LF,0.024387984,Baking Goods,92.4462,OUT019,1985,Small,Tier 1,Grocery Store,185.0924,87.4462
FDE09,8.775,Low Fat,0.021647195,Fruits and Vegetables,109.5228,OUT045,2002,,Tier 2,Supermarket Type1,994.7052,104.5228
FDJ57,7.42,Regular,0.021573645,Seafood,184.6582,OUT046,1997,Small,Tier 1,Supermarket Type1,5015.4714,179.6582
DRC49,8.67,Low Fat,0.065424208,Soft Drinks,145.8128,OUT035,2004,Small,Tier 2,Supermarket Type1,2444.8176,140.8128
FDU19,8.77,Regular,0.046866331,Fruits and Vegetables,170.5422,OUT045,2002,,Tier 2,Supermarket Type1,1551.9798,165.5422
FDU43,19.35,Regular,0,Fruits and Vegetables,238.6564,OUT013,1987,High,Tier 3,Supermarket Type1,3575.346,233.6564
FDA50,16.25,Low Fat,0.087102593,Dairy,96.041,OUT013,1987,High,Tier 3,Supermarket Type1,868.869,91.041
NCM29,11.5,Low Fat,0.01774202,Health and Hygiene,129.6626,OUT017,2007,,Tier 2,Supermarket Type1,1836.2764,124.6626
FDQ13,11.1,Low Fat,0.010632752,Canned,82.5908,OUT013,1987,High,Tier 3,Supermarket Type1,1510.0344,77.5908
FDB26,,Regular,0.031116081,Canned,55.264,OUT027,1985,Medium,Tier 3,Supermarket Type3,1544.656,50.264
FDI21,5.59,Regular,0.05671761,Snack Foods,62.9168,OUT045,2002,,Tier 2,Supermarket Type1,1406.1696,57.9168
FDV25,,Low Fat,0.079931185,Canned,219.7456,OUT019,1985,Small,Tier 1,Grocery Store,884.1824,214.7456
FDQ23,6.55,Low Fat,0.024505418,Breads,102.9332,OUT013,1987,High,Tier 3,Supermarket Type1,1845.5976,97.9332
FDJ41,6.85,Low Fat,0.03830192,Frozen Foods,261.2594,OUT010,1998,,Tier 3,Grocery Store,1046.6376,256.2594
NCO42,21.25,Low Fat,0.024693927,Household,144.1102,OUT049,1999,Medium,Tier 1,Supermarket Type1,1749.7224,139.1102
FDQ13,,Low Fat,0.010590075,Canned,84.6908,OUT027,1985,Medium,Tier 3,Supermarket Type3,3691.1952,79.6908
FDU47,12.8,Regular,0.190569038,Breads,138.7838,OUT010,1998,,Tier 3,Grocery Store,280.9676,133.7838
FDW57,8.31,Regular,0,Snack Foods,177.4028,OUT046,1997,Small,Tier 1,Supermarket Type1,3896.2616,172.4028
DRN47,12.1,Low Fat,0.016826748,Hard Drinks,179.166,OUT046,1997,Small,Tier 1,Supermarket Type1,3056.022,174.166
FDW28,,Low Fat,0.088394115,Frozen Foods,194.7452,OUT027,1985,Medium,Tier 3,Supermarket Type3,5872.356,189.7452
NCN42,20.25,Low Fat,0,Household,145.6418,OUT013,1987,High,Tier 3,Supermarket Type1,3384.2614,140.6418
FDR60,,Low Fat,0.129783577,Baking Goods,78.2328,OUT027,1985,Medium,Tier 3,Supermarket Type3,1004.0264,73.2328
FDO09,,Regular,0,Snack Foods,262.891,OUT019,1985,Small,Tier 1,Grocery Store,788.973,257.891
FDX45,16.75,Low Fat,0,Snack Foods,156.163,OUT046,1997,Small,Tier 1,Supermarket Type1,2816.334,151.163
FDH27,7.075,Low Fat,0.058465268,Dairy,145.3128,OUT045,2002,,Tier 2,Supermarket Type1,1869.5664,140.3128
FDO08,11.1,Regular,0.053765212,Fruits and Vegetables,163.1526,OUT035,2004,Small,Tier 2,Supermarket Type1,1808.9786,158.1526
FDG10,6.63,Regular,0.01098386,Snack Foods,55.4588,OUT018,2009,Medium,Tier 3,Supermarket Type2,343.5528,50.4588
FDZ40,8.935,Low Fat,0.040245222,Frozen Foods,54.9298,OUT049,1999,Medium,Tier 1,Supermarket Type1,1348.245,49.9298
FDZ27,7.935,Low Fat,0.017253305,Dairy,51.435,OUT017,2007,,Tier 2,Supermarket Type1,499.35,46.435
FDZ46,7.485,Low Fat,0.069231189,Snack Foods,112.1228,OUT049,1999,Medium,Tier 1,Supermarket Type1,1215.7508,107.1228
FDI46,9.5,Low Fat,0.074648119,Snack Foods,253.3724,OUT018,2009,Medium,Tier 3,Supermarket Type2,755.0172,248.3724
NCW53,18.35,Low Fat,0.030542489,Health and Hygiene,193.1162,OUT049,1999,Medium,Tier 1,Supermarket Type1,2693.8268,188.1162
FDY52,6.365,Low Fat,0.007359711,Frozen Foods,60.1536,OUT049,1999,Medium,Tier 1,Supermarket Type1,490.0288,55.1536
FDU07,11.1,Low Fat,0.059940022,Fruits and Vegetables,149.1366,OUT049,1999,Medium,Tier 1,Supermarket Type1,4231.8248,144.1366
NCQ05,11.395,Low Fat,0,Health and Hygiene,149.2708,OUT017,2007,,Tier 2,Supermarket Type1,2407.5328,144.2708
FDT16,9.895,Regular,0.048860587,Frozen Foods,260.2278,OUT018,2009,Medium,Tier 3,Supermarket Type2,4165.2448,255.2278
NCJ17,7.68,Low Fat,0.153419412,Health and Hygiene,86.4224,OUT017,2007,,Tier 2,Supermarket Type1,511.3344,81.4224
NCY29,13.65,Low Fat,0.077219509,Health and Hygiene,56.493,OUT035,2004,Small,Tier 2,Supermarket Type1,509.337,51.493
NCQ18,15.75,Low Fat,0.13504726,Household,98.57,OUT035,2004,Small,Tier 2,Supermarket Type1,2496.75,93.57
FDS02,10.195,Regular,0.146094132,Dairy,196.1794,OUT049,1999,Medium,Tier 1,Supermarket Type1,2926.191,191.1794
NCK31,10.895,Low Fat,0.027157955,Others,50.2666,OUT018,2009,Medium,Tier 3,Supermarket Type2,820.2656,45.2666
FDH60,,Regular,0.080346058,Baking Goods,195.711,OUT027,1985,Medium,Tier 3,Supermarket Type3,5499.508,190.711
FDO19,17.7,Regular,0.016596645,Fruits and Vegetables,48.3034,OUT046,1997,Small,Tier 1,Supermarket Type1,777.6544,43.3034
DRF37,17.25,low fat,0.084316691,Soft Drinks,263.391,OUT035,2004,Small,Tier 2,Supermarket Type1,6311.784,258.391
FDN21,18.6,Low Fat,0.076791671,Snack Foods,161.0236,OUT013,1987,High,Tier 3,Supermarket Type1,3705.8428,156.0236
FDM14,13.8,Low Fat,0.01326146,Canned,108.0254,OUT035,2004,Small,Tier 2,Supermarket Type1,759.6778,103.0254
FDO08,11.1,Regular,0,Fruits and Vegetables,165.5526,OUT018,2009,Medium,Tier 3,Supermarket Type2,1973.4312,160.5526
FDS27,10.195,Regular,0.012528611,Meat,195.111,OUT017,2007,,Tier 2,Supermarket Type1,3731.809,190.111
DRM59,5.88,Low Fat,0.003597678,Hard Drinks,153.8998,OUT049,1999,Medium,Tier 1,Supermarket Type1,2922.1962,148.8998
NCO29,11.15,Low Fat,0.032438645,Health and Hygiene,163.0526,OUT017,2007,,Tier 2,Supermarket Type1,2302.3364,158.0526
FDC32,,Low Fat,0.173527068,Fruits and Vegetables,92.0462,OUT019,1985,Small,Tier 1,Grocery Store,277.6386,87.0462
DRA12,11.6,Low Fat,0.041112694,Soft Drinks,142.0154,OUT018,2009,Medium,Tier 3,Supermarket Type2,850.8924,137.0154
FDI14,,Low Fat,0.089243504,Canned,139.2496,OUT027,1985,Medium,Tier 3,Supermarket Type3,1976.0944,134.2496
DRG51,12.1,Low Fat,0.011539622,Dairy,163.5526,OUT046,1997,Small,Tier 1,Supermarket Type1,2302.3364,158.5526
FDR33,,Low Fat,0.04690397,Snack Foods,110.657,OUT019,1985,Small,Tier 1,Grocery Store,659.142,105.657
FDS23,4.635,Low Fat,0.141686037,Breads,126.9994,OUT017,2007,,Tier 2,Supermarket Type1,1798.9916,121.9994
NCF43,8.51,Low Fat,0.052051256,Household,142.247,OUT045,2002,,Tier 2,Supermarket Type1,2004.058,137.247
DRN37,9.6,low fat,0.09627919,Soft Drinks,167.3158,OUT035,2004,Small,Tier 2,Supermarket Type1,1838.2738,162.3158
FDX57,17.25,Regular,0.047533568,Snack Foods,96.9068,OUT017,2007,,Tier 2,Supermarket Type1,1458.102,91.9068
NCC42,15,Low Fat,0.04499948,Health and Hygiene,140.4838,OUT045,2002,,Tier 2,Supermarket Type1,1685.8056,135.4838
FDS47,16.75,Low Fat,0.12888573,Breads,87.6856,OUT046,1997,Small,Tier 1,Supermarket Type1,1494.0552,82.6856
DRK35,8.365,Low Fat,0.120256303,Hard Drinks,39.2506,OUT010,1998,,Tier 3,Grocery Store,75.9012,34.2506
DRF37,,Low Fat,0,Soft Drinks,261.291,OUT019,1985,Small,Tier 1,Grocery Store,788.973,256.291
DRI23,18.85,Low Fat,0.137755834,Hard Drinks,161.8578,OUT018,2009,Medium,Tier 3,Supermarket Type2,3530.0716,156.8578
FDB28,6.615,Low Fat,0.093913607,Dairy,198.7426,OUT017,2007,,Tier 2,Supermarket Type1,1186.4556,193.7426
FDU50,5.75,Regular,0.075287081,Dairy,115.3176,OUT049,1999,Medium,Tier 1,Supermarket Type1,572.588,110.3176
FDD22,10,Low Fat,0.100055625,Snack Foods,113.3544,OUT018,2009,Medium,Tier 3,Supermarket Type2,3467.4864,108.3544
FDG04,13.1,Low Fat,0.006061565,Frozen Foods,188.9898,OUT035,2004,Small,Tier 2,Supermarket Type1,4303.0654,183.9898
FDM08,10.1,Regular,0.053667516,Fruits and Vegetables,223.0088,OUT049,1999,Medium,Tier 1,Supermarket Type1,671.1264,218.0088
FDI28,,Low Fat,0.026194237,Frozen Foods,79.0302,OUT027,1985,Medium,Tier 3,Supermarket Type3,1901.5248,74.0302
FDM57,11.65,Regular,0.076002991,Snack Foods,83.4908,OUT045,2002,,Tier 2,Supermarket Type1,503.3448,78.4908
NCS17,,Low Fat,0.080111611,Health and Hygiene,94.6436,OUT027,1985,Medium,Tier 3,Supermarket Type3,4065.3748,89.6436
FDX44,9.3,Low Fat,0.043141572,Fruits and Vegetables,90.4172,OUT018,2009,Medium,Tier 3,Supermarket Type2,1249.0408,85.4172
DRE03,19.6,Low Fat,0.024276035,Dairy,45.3718,OUT045,2002,,Tier 2,Supermarket Type1,614.5334,40.3718
FDT46,11.35,Low Fat,0.03093263,Snack Foods,51.5008,OUT018,2009,Medium,Tier 3,Supermarket Type2,607.2096,46.5008
FDW60,5.44,Regular,0.017096552,Baking Goods,178.137,OUT045,2002,,Tier 2,Supermarket Type1,3175.866,173.137
FDE44,14.65,Low Fat,0.172357491,Fruits and Vegetables,50.8692,OUT017,2007,,Tier 2,Supermarket Type1,788.3072,45.8692
FDT24,12.35,Regular,0.185824165,Baking Goods,78.5328,OUT035,2004,Small,Tier 2,Supermarket Type1,695.0952,73.5328
FDO20,12.85,Regular,0.152988295,Fruits and Vegetables,253.7382,OUT017,2007,,Tier 2,Supermarket Type1,2271.0438,248.7382
FDV47,17.1,Low Fat,0,Breads,85.5566,OUT049,1999,Medium,Tier 1,Supermarket Type1,1860.2452,80.5566
FDZ26,11.6,reg,0.143897558,Dairy,240.6222,OUT013,1987,High,Tier 3,Supermarket Type1,2868.2664,235.6222
FDK48,7.445,Low Fat,0.037845086,Baking Goods,75.5354,OUT017,2007,,Tier 2,Supermarket Type1,1956.1204,70.5354
FDX32,,Regular,0.1748389,Fruits and Vegetables,142.8786,OUT019,1985,Small,Tier 1,Grocery Store,433.4358,137.8786
FDE56,,Regular,0.278730642,Fruits and Vegetables,63.2194,OUT019,1985,Small,Tier 1,Grocery Store,247.6776,58.2194
DRJ01,6.135,low fat,0.115500999,Soft Drinks,161.1236,OUT018,2009,Medium,Tier 3,Supermarket Type2,644.4944,156.1236
FDC53,8.68,Low Fat,0.01478914,Frozen Foods,97.7384,OUT010,1998,,Tier 3,Grocery Store,98.5384,92.7384
NCN07,18.5,Low Fat,0.033938279,Others,132.5284,OUT035,2004,Small,Tier 2,Supermarket Type1,1318.284,127.5284
FDI28,14.3,Low Fat,0.026299797,Frozen Foods,79.4302,OUT013,1987,High,Tier 3,Supermarket Type1,1743.0644,74.4302
NCO55,,Low Fat,0.159394437,Others,105.6938,OUT019,1985,Small,Tier 1,Grocery Store,214.3876,100.6938
FDP46,15.35,Low Fat,0,Snack Foods,88.283,OUT046,1997,Small,Tier 1,Supermarket Type1,1797.66,83.283
FDX26,17.7,Low Fat,0,Dairy,182.5292,OUT013,1987,High,Tier 3,Supermarket Type1,2736.438,177.5292
FDD56,15.2,Regular,0.10377827,Fruits and Vegetables,175.6054,OUT046,1997,Small,Tier 1,Supermarket Type1,2451.4756,170.6054
FDP12,9.8,Regular,0.045522854,Baking Goods,35.0874,OUT017,2007,,Tier 2,Supermarket Type1,352.874,30.0874
FDT40,,Low Fat,0.095331433,Frozen Foods,125.5678,OUT027,1985,Medium,Tier 3,Supermarket Type3,2543.356,120.5678
FDV57,15.25,Regular,0,Snack Foods,179.766,OUT018,2009,Medium,Tier 3,Supermarket Type2,3056.022,174.766
FDZ09,17.6,Low Fat,0.105472205,Snack Foods,165.6868,OUT017,2007,,Tier 2,Supermarket Type1,3111.9492,160.6868
FDA07,7.55,Regular,0.030938774,Fruits and Vegetables,121.0072,OUT035,2004,Small,Tier 2,Supermarket Type1,2082.6224,116.0072
FDV36,,Low Fat,0.026174636,Baking Goods,127.102,OUT027,1985,Medium,Tier 3,Supermarket Type3,3415.554,122.102
FDQ01,19.7,Regular,0.160671255,Canned,254.7014,OUT035,2004,Small,Tier 2,Supermarket Type1,3570.0196,249.7014
FDW46,13,Regular,0.070243155,Snack Foods,65.7484,OUT013,1987,High,Tier 3,Supermarket Type1,391.4904,60.7484
FDW19,,Regular,0.038313981,Fruits and Vegetables,109.957,OUT027,1985,Medium,Tier 3,Supermarket Type3,4504.137,104.957
FDY01,11.8,Regular,0.170548238,Canned,113.8834,OUT049,1999,Medium,Tier 1,Supermarket Type1,1382.2008,108.8834
FDG60,20.35,Low Fat,0.060794097,Baking Goods,233.6616,OUT049,1999,Medium,Tier 1,Supermarket Type1,2577.9776,228.6616
FDL22,16.85,Low Fat,0.036446751,Snack Foods,90.3488,OUT049,1999,Medium,Tier 1,Supermarket Type1,996.0368,85.3488
DRK01,7.63,Low Fat,0.061188147,Soft Drinks,94.0436,OUT045,2002,,Tier 2,Supermarket Type1,1134.5232,89.0436
FDO12,15.75,Low Fat,0.054884821,Baking Goods,195.3452,OUT013,1987,High,Tier 3,Supermarket Type1,1761.7068,190.3452
FDX12,18.2,Regular,0.026064486,Baking Goods,241.8196,OUT046,1997,Small,Tier 1,Supermarket Type1,4097.3332,236.8196
FDR28,13.85,Regular,0.025936747,Frozen Foods,164.921,OUT049,1999,Medium,Tier 1,Supermarket Type1,2609.936,159.921
FDH57,10.895,LF,0.035949725,Fruits and Vegetables,132.9284,OUT017,2007,,Tier 2,Supermarket Type1,3295.71,127.9284
FDC04,15.6,Low Fat,0.045168898,Dairy,242.9854,OUT018,2009,Medium,Tier 3,Supermarket Type2,2175.1686,237.9854
NCI06,11.3,Low Fat,0.04767798,Household,181.466,OUT013,1987,High,Tier 3,Supermarket Type1,3775.086,176.466
NCY53,20,Low Fat,0.058812134,Health and Hygiene,111.6544,OUT017,2007,,Tier 2,Supermarket Type1,1565.9616,106.6544
FDR22,19.35,Regular,0.018667601,Snack Foods,112.9544,OUT017,2007,,Tier 2,Supermarket Type1,2908.2144,107.9544
FDM33,15.6,Low Fat,0.087646694,Snack Foods,221.5798,OUT013,1987,High,Tier 3,Supermarket Type1,5509.495,216.5798
FDO57,,Low Fat,0.19033746,Snack Foods,159.4578,OUT019,1985,Small,Tier 1,Grocery Store,160.4578,154.4578
FDO56,10.195,Regular,0.045165796,Fruits and Vegetables,118.4808,OUT018,2009,Medium,Tier 3,Supermarket Type2,1640.5312,113.4808
FDO58,,Low Fat,0.039385518,Snack Foods,164.8526,OUT027,1985,Medium,Tier 3,Supermarket Type3,2631.2416,159.8526
FDQ45,9.5,Regular,0.010914988,Snack Foods,183.8608,OUT035,2004,Small,Tier 2,Supermarket Type1,2572.6512,178.8608
FDO60,,Low Fat,0.034203092,Baking Goods,43.3086,OUT027,1985,Medium,Tier 3,Supermarket Type3,624.5204,38.3086
FDI34,10.65,reg,0.085268317,Snack Foods,229.7668,OUT049,1999,Medium,Tier 1,Supermarket Type1,3916.2356,224.7668
FDJ26,,Regular,0.084354713,Canned,215.5218,OUT027,1985,Medium,Tier 3,Supermarket Type3,4915.6014,210.5218
FDV08,7.35,Low Fat,0.028571132,Fruits and Vegetables,40.8454,OUT013,1987,High,Tier 3,Supermarket Type1,587.2356,35.8454
DRD60,15.7,LF,0.037383778,Soft Drinks,179.7634,OUT018,2009,Medium,Tier 3,Supermarket Type2,1817.634,174.7634
FDX20,,Low Fat,0.042354152,Fruits and Vegetables,227.272,OUT027,1985,Medium,Tier 3,Supermarket Type3,7017.532,222.272
FDG59,15.85,Low Fat,0.043410693,Starchy Foods,39.4164,OUT018,2009,Medium,Tier 3,Supermarket Type2,154.4656,34.4164
FDN58,13.8,Regular,0.056872392,Snack Foods,231.1984,OUT046,1997,Small,Tier 1,Supermarket Type1,5097.3648,226.1984
FDV48,9.195,Regular,0.051573903,Baking Goods,79.8644,OUT013,1987,High,Tier 3,Supermarket Type1,785.644,74.8644
FDA15,9.3,LF,0.016113019,Dairy,248.8092,OUT017,2007,,Tier 2,Supermarket Type1,5976.2208,243.8092
FDI19,15.1,Low Fat,0.052295514,Meat,242.9512,OUT013,1987,High,Tier 3,Supermarket Type1,4847.024,237.9512
FDX19,19.1,Low Fat,0.097127867,Fruits and Vegetables,234.4958,OUT018,2009,Medium,Tier 3,Supermarket Type2,1635.8706,229.4958
FDO52,11.6,Regular,0.077284566,Frozen Foods,172.4106,OUT049,1999,Medium,Tier 1,Supermarket Type1,4277.765,167.4106
NCO05,7.27,Low Fat,0.046653872,Health and Hygiene,98.6384,OUT045,2002,,Tier 2,Supermarket Type1,1970.768,93.6384
NCP17,19.35,Low Fat,0.02775746,Health and Hygiene,62.5168,OUT049,1999,Medium,Tier 1,Supermarket Type1,1534.0032,57.5168
FDK56,9.695,Low Fat,0,Fruits and Vegetables,186.7898,OUT010,1998,,Tier 3,Grocery Store,561.2694,181.7898
NCG43,20.2,Low Fat,0,Household,94.1462,OUT046,1997,Small,Tier 1,Supermarket Type1,832.9158,89.1462
DRM59,,LF,0.003574698,Hard Drinks,154.6998,OUT027,1985,Medium,Tier 3,Supermarket Type3,3229.7958,149.6998
FDA47,10.5,Regular,0.11733375,Baking Goods,164.121,OUT017,2007,,Tier 2,Supermarket Type1,2773.057,159.121
FDY20,12.5,Regular,0.081684728,Fruits and Vegetables,92.3488,OUT013,1987,High,Tier 3,Supermarket Type1,1177.1344,87.3488
FDZ22,,Low Fat,0.079261744,Snack Foods,81.825,OUT019,1985,Small,Tier 1,Grocery Store,83.225,76.825
FDB52,17.75,Low Fat,0.030410273,Dairy,256.0672,OUT013,1987,High,Tier 3,Supermarket Type1,2045.3376,251.0672
NCS29,9,Low Fat,0.069938838,Health and Hygiene,264.8884,OUT017,2007,,Tier 2,Supermarket Type1,2914.8724,259.8884
DRC12,17.85,Low Fat,0.037885683,Soft Drinks,190.4188,OUT049,1999,Medium,Tier 1,Supermarket Type1,952.094,185.4188
FDP13,,Regular,0.235183205,Canned,41.548,OUT019,1985,Small,Tier 1,Grocery Store,79.896,36.548
DRF23,4.61,Low Fat,0.123151947,Hard Drinks,175.2396,OUT018,2009,Medium,Tier 3,Supermarket Type2,2093.2752,170.2396
FDB56,8.75,Regular,0.074565098,Fruits and Vegetables,186.8556,OUT013,1987,High,Tier 3,Supermarket Type1,7322.4684,181.8556
FDQ47,7.155,Regular,0.169137707,Breads,35.2874,OUT017,2007,,Tier 2,Supermarket Type1,388.1614,30.2874
FDY39,,Regular,0,Meat,182.0608,OUT027,1985,Medium,Tier 3,Supermarket Type3,7717.9536,177.0608
FDY36,12.3,Low Fat,0.009429612,Baking Goods,71.338,OUT045,2002,,Tier 2,Supermarket Type1,1098.57,66.338
NCM17,7.93,Low Fat,0.071076672,Health and Hygiene,44.9086,OUT013,1987,High,Tier 3,Supermarket Type1,802.9548,39.9086
DRN35,8.01,Low Fat,0.070234306,Hard Drinks,34.9532,OUT035,2004,Small,Tier 2,Supermarket Type1,539.298,29.9532
FDK22,9.8,Low Fat,0.043663452,Snack Foods,217.185,OUT010,1998,,Tier 3,Grocery Store,432.77,212.185
FDI07,,Regular,0.059110912,Meat,199.3426,OUT019,1985,Small,Tier 1,Grocery Store,395.4852,194.3426
DRK37,5,LF,0,Soft Drinks,190.453,OUT010,1998,,Tier 3,Grocery Store,379.506,185.453
NCP05,19.6,Low Fat,0.042324556,Health and Hygiene,150.9024,OUT010,1998,,Tier 3,Grocery Store,303.6048,145.9024
NCD42,16.5,Low Fat,0.012657494,Health and Hygiene,36.3506,OUT049,1999,Medium,Tier 1,Supermarket Type1,872.8638,31.3506
FDW11,12.6,low fat,0.048857925,Breads,61.0194,OUT049,1999,Medium,Tier 1,Supermarket Type1,1052.6298,56.0194
FDI14,14.1,Low Fat,0.090185027,Canned,140.2496,OUT017,2007,,Tier 2,Supermarket Type1,2681.8424,135.2496
NCY42,6.38,Low Fat,0.015186146,Household,144.947,OUT049,1999,Medium,Tier 1,Supermarket Type1,3435.528,139.947
FDV26,20.25,Regular,0,Dairy,194.2794,OUT049,1999,Medium,Tier 1,Supermarket Type1,4291.7468,189.2794
FDX15,,Low Fat,0.155541973,Meat,159.7578,OUT027,1985,Medium,Tier 3,Supermarket Type3,641.8312,154.7578
NCG07,12.3,Low Fat,0.052502049,Household,190.853,OUT046,1997,Small,Tier 1,Supermarket Type1,4364.319,185.853
FDC44,15.6,Low Fat,0.172596885,Fruits and Vegetables,114.8518,OUT046,1997,Small,Tier 1,Supermarket Type1,2163.1842,109.8518
FDC47,15,Low Fat,0.118868155,Snack Foods,229.4694,OUT035,2004,Small,Tier 2,Supermarket Type1,5937.6044,224.4694
NCK53,11.6,Low Fat,0.037639672,Health and Hygiene,98.4042,OUT049,1999,Medium,Tier 1,Supermarket Type1,1388.8588,93.4042
FDY49,,Regular,0.021031586,Canned,164.7184,OUT019,1985,Small,Tier 1,Grocery Store,495.3552,159.7184
NCM07,,Low Fat,0.069968018,Others,83.9908,OUT019,1985,Small,Tier 1,Grocery Store,167.7816,78.9908
FDR47,17.85,Low Fat,0.087963415,Breads,193.3794,OUT017,2007,,Tier 2,Supermarket Type1,4291.7468,188.3794
FDS59,14.8,Regular,0.043885147,Breads,108.757,OUT035,2004,Small,Tier 2,Supermarket Type1,1867.569,103.757
DRK47,7.905,Low Fat,0.064163983,Hard Drinks,229.9694,OUT049,1999,Medium,Tier 1,Supermarket Type1,4567.388,224.9694
FDZ27,,Low Fat,0,Dairy,51.235,OUT019,1985,Small,Tier 1,Grocery Store,49.935,46.235
FDE36,,Regular,0,Baking Goods,165.5868,OUT027,1985,Medium,Tier 3,Supermarket Type3,5404.9644,160.5868
FDM51,11.8,Regular,0.02592132,Meat,101.9674,OUT035,2004,Small,Tier 2,Supermarket Type1,1731.7458,96.9674
FDY48,14,Low Fat,0.023734872,Baking Goods,103.2332,OUT046,1997,Small,Tier 1,Supermarket Type1,1845.5976,98.2332
FDA35,14.85,Regular,0.053921264,Baking Goods,123.0072,OUT049,1999,Medium,Tier 1,Supermarket Type1,1960.1152,118.0072
NCL31,7.39,Low Fat,0.120770963,Others,143.447,OUT018,2009,Medium,Tier 3,Supermarket Type2,2290.352,138.447
FDC47,15,Low Fat,0.118791698,Snack Foods,229.9694,OUT013,1987,High,Tier 3,Supermarket Type1,4339.0186,224.9694
FDI26,,Low Fat,0.034717799,Canned,179.4344,OUT027,1985,Medium,Tier 3,Supermarket Type3,6066.7696,174.4344
FDQ16,19.7,LF,0.041823046,Frozen Foods,108.0912,OUT045,2002,,Tier 2,Supermarket Type1,1965.4416,103.0912
FDK15,10.8,Low Fat,0.164724567,Meat,98.4042,OUT010,1998,,Tier 3,Grocery Store,99.2042,93.4042
NCO53,,Low Fat,0.174336148,Health and Hygiene,184.0608,OUT027,1985,Medium,Tier 3,Supermarket Type3,6431.628,179.0608
FDG12,,Regular,0.006295472,Baking Goods,122.4098,OUT027,1985,Medium,Tier 3,Supermarket Type3,3735.8038,117.4098
FDU28,,Regular,0.093463546,Frozen Foods,189.1214,OUT027,1985,Medium,Tier 3,Supermarket Type3,2261.0568,184.1214
FDI20,,Low Fat,0.067520165,Fruits and Vegetables,211.3586,OUT019,1985,Small,Tier 1,Grocery Store,422.1172,206.3586
DRN37,9.6,Low Fat,0.161182103,Soft Drinks,165.3158,OUT010,1998,,Tier 3,Grocery Store,334.2316,160.3158
FDD28,10.695,Low Fat,0.053296868,Frozen Foods,59.6904,OUT046,1997,Small,Tier 1,Supermarket Type1,937.4464,54.6904
FDP31,21.1,Regular,0.161474419,Fruits and Vegetables,62.9168,OUT035,2004,Small,Tier 2,Supermarket Type1,1086.5856,57.9168
DRD27,,Low Fat,0.041740624,Dairy,98.3042,OUT019,1985,Small,Tier 1,Grocery Store,198.4084,93.3042
DRF01,,Low Fat,0.306542848,Soft Drinks,147.3102,OUT019,1985,Small,Tier 1,Grocery Store,291.6204,142.3102
DRD25,6.135,LF,0.079293753,Soft Drinks,111.286,OUT018,2009,Medium,Tier 3,Supermarket Type2,2263.72,106.286
FDD53,16.2,Low Fat,0.044472637,Frozen Foods,43.3454,OUT017,2007,,Tier 2,Supermarket Type1,922.7988,38.3454
FDQ24,15.7,Low Fat,0.073816097,Baking Goods,253.4724,OUT045,2002,,Tier 2,Supermarket Type1,2013.3792,248.4724
FDY49,17.2,Regular,0.012080016,Canned,164.4184,OUT017,2007,,Tier 2,Supermarket Type1,2641.8944,159.4184
NCP18,12.15,Low Fat,0.02859825,Household,150.4708,OUT046,1997,Small,Tier 1,Supermarket Type1,2257.062,145.4708
FDT07,,Regular,0.076944658,Fruits and Vegetables,257.133,OUT027,1985,Medium,Tier 3,Supermarket Type3,7433.657,252.133
FDG46,8.63,Regular,0.055084019,Snack Foods,114.7518,OUT010,1998,,Tier 3,Grocery Store,455.4072,109.7518
FDH50,15,Regular,0.162093059,Canned,182.5266,OUT018,2009,Medium,Tier 3,Supermarket Type2,1290.9862,177.5266
FDS40,,Low Fat,0.024546148,Frozen Foods,34.619,OUT019,1985,Small,Tier 1,Grocery Store,36.619,29.619
FDZ60,,Low Fat,0.118783796,Baking Goods,108.5596,OUT027,1985,Medium,Tier 3,Supermarket Type3,1725.7536,103.5596
FDG38,8.975,Regular,0.052836076,Canned,86.6224,OUT045,2002,,Tier 2,Supermarket Type1,1619.2256,81.6224
FDG31,12.15,Low Fat,0.037889224,Meat,64.7826,OUT035,2004,Small,Tier 2,Supermarket Type1,904.1564,59.7826
FDS39,6.895,Low Fat,0.022587621,Meat,143.7812,OUT017,2007,,Tier 2,Supermarket Type1,1994.7368,138.7812
FDL22,,Low Fat,0.036213953,Snack Foods,92.5488,OUT027,1985,Medium,Tier 3,Supermarket Type3,2625.9152,87.5488
FDQ20,8.325,Low Fat,0.029779207,Fruits and Vegetables,39.3138,OUT035,2004,Small,Tier 2,Supermarket Type1,974.7312,34.3138
DRB24,8.785,Low Fat,0.020693619,Soft Drinks,153.1656,OUT017,2007,,Tier 2,Supermarket Type1,1853.5872,148.1656
DRI51,,Low Fat,0.042037073,Dairy,172.6764,OUT027,1985,Medium,Tier 3,Supermarket Type3,6183.9504,167.6764
FDJ60,19.35,Regular,0.062516602,Baking Goods,163.9184,OUT035,2004,Small,Tier 2,Supermarket Type1,3137.2496,158.9184
FDB40,17.5,Regular,0.012620221,Dairy,144.8102,OUT010,1998,,Tier 3,Grocery Store,291.6204,139.8102
FDO15,16.75,Regular,0.008615,Meat,72.4038,OUT017,2007,,Tier 2,Supermarket Type1,739.038,67.4038
FDI53,8.895,Regular,0.137618927,Frozen Foods,161.5236,OUT035,2004,Small,Tier 2,Supermarket Type1,1772.3596,156.5236
FDZ14,7.71,Regular,0.047588696,Dairy,122.4756,OUT046,1997,Small,Tier 1,Supermarket Type1,605.878,117.4756
NCD54,,Low Fat,0.050790917,Household,142.7786,OUT019,1985,Small,Tier 1,Grocery Store,144.4786,137.7786
FDF28,15.7,Regular,0.037864721,Frozen Foods,124.1046,OUT046,1997,Small,Tier 1,Supermarket Type1,1120.5414,119.1046
FDD39,16.7,Low Fat,0.070551723,Dairy,217.685,OUT017,2007,,Tier 2,Supermarket Type1,2163.85,212.685
NCN54,20.35,Low Fat,0.021326471,Household,76.1328,OUT046,1997,Small,Tier 1,Supermarket Type1,772.328,71.1328
NCO41,12.5,Low Fat,0.018955479,Health and Hygiene,100.1384,OUT017,2007,,Tier 2,Supermarket Type1,2167.8448,95.1384
FDH45,15.1,Regular,0.105666833,Fruits and Vegetables,41.6796,OUT046,1997,Small,Tier 1,Supermarket Type1,495.3552,36.6796
NCD55,14,Low Fat,0.040725405,Household,43.4454,OUT010,1998,,Tier 3,Grocery Store,41.9454,38.4454
DRK35,8.365,Low Fat,0.072252888,Hard Drinks,39.6506,OUT017,2007,,Tier 2,Supermarket Type1,834.9132,34.6506
FDM25,10.695,Regular,0.061008889,Breakfast,177.5712,OUT017,2007,,Tier 2,Supermarket Type1,2636.568,172.5712
NCW30,5.21,Low Fat,0.011007815,Household,259.5962,OUT035,2004,Small,Tier 2,Supermarket Type1,2848.9582,254.5962
FDU15,13.65,Regular,0,Meat,37.9532,OUT045,2002,,Tier 2,Supermarket Type1,575.2512,32.9532
DRN35,8.01,Low Fat,0.070247589,Hard Drinks,37.5532,OUT046,1997,Small,Tier 1,Supermarket Type1,1366.2216,32.5532
FDN28,5.88,Regular,0.030294931,Frozen Foods,104.099,OUT049,1999,Medium,Tier 1,Supermarket Type1,412.796,99.099
NCK29,5.615,Low Fat,0.210511558,Health and Hygiene,121.373,OUT010,1998,,Tier 3,Grocery Store,123.173,116.373
FDA49,19.7,LF,0.0650227,Canned,87.0198,OUT049,1999,Medium,Tier 1,Supermarket Type1,697.7584,82.0198
FDE40,,Regular,0.173587926,Dairy,60.0194,OUT019,1985,Small,Tier 1,Grocery Store,123.8388,55.0194
FDD52,18.25,Regular,0.183579854,Dairy,110.857,OUT049,1999,Medium,Tier 1,Supermarket Type1,1977.426,105.857
FDZ31,15.35,Regular,0.113678422,Fruits and Vegetables,189.7504,OUT018,2009,Medium,Tier 3,Supermarket Type2,2492.7552,184.7504
FDA13,,Low Fat,0.078174543,Canned,39.9506,OUT027,1985,Medium,Tier 3,Supermarket Type3,721.0614,34.9506
FDU08,10.3,Low Fat,0.027292686,Fruits and Vegetables,101.2042,OUT013,1987,High,Tier 3,Supermarket Type1,396.8168,96.2042
FDU15,13.65,Regular,0.026602089,Meat,35.1532,OUT046,1997,Small,Tier 1,Supermarket Type1,790.9704,30.1532
FDD45,8.615,Low Fat,0.116226984,Fruits and Vegetables,95.9436,OUT035,2004,Small,Tier 2,Supermarket Type1,2741.7644,90.9436
FDY50,5.8,Low Fat,0.131221393,Dairy,87.8172,OUT045,2002,,Tier 2,Supermarket Type1,1070.6064,82.8172
FDD08,8.3,Low Fat,0.035409328,Fruits and Vegetables,36.2506,OUT049,1999,Medium,Tier 1,Supermarket Type1,834.9132,31.2506
NCE30,16,Low Fat,0,Household,210.4902,OUT045,2002,,Tier 2,Supermarket Type1,3610.6334,205.4902
FDB05,5.155,Low Fat,0.083327693,Frozen Foods,247.2776,OUT049,1999,Medium,Tier 1,Supermarket Type1,5944.2624,242.2776
FDS09,8.895,Regular,0.08125293,Snack Foods,49.8008,OUT045,2002,,Tier 2,Supermarket Type1,1062.6168,44.8008
FDZ07,15.1,Regular,0,Fruits and Vegetables,63.7194,OUT018,2009,Medium,Tier 3,Supermarket Type2,1362.2268,58.7194
FDS57,15.5,LF,0.103422709,Snack Foods,144.847,OUT035,2004,Small,Tier 2,Supermarket Type1,1717.764,139.847
FDX28,6.325,Low Fat,0.125688044,Frozen Foods,100.9042,OUT018,2009,Medium,Tier 3,Supermarket Type2,2083.2882,95.9042
FDN56,,Regular,0.187443314,Fruits and Vegetables,145.8786,OUT019,1985,Small,Tier 1,Grocery Store,288.9572,140.8786
FDX44,9.3,Low Fat,0.04295842,Fruits and Vegetables,89.3172,OUT035,2004,Small,Tier 2,Supermarket Type1,2051.9956,84.3172
NCF19,,Low Fat,0.034938717,Household,49.0034,OUT027,1985,Medium,Tier 3,Supermarket Type3,826.2578,44.0034
NCA17,20.6,LF,0.045603215,Health and Hygiene,149.2392,OUT018,2009,Medium,Tier 3,Supermarket Type2,4026.7584,144.2392
FDY40,15.5,Regular,0.085834992,Frozen Foods,49.6692,OUT046,1997,Small,Tier 1,Supermarket Type1,788.3072,44.6692
NCX54,9.195,Low Fat,0.048050783,Household,105.6622,OUT035,2004,Small,Tier 2,Supermarket Type1,1693.7952,100.6622
FDK28,5.695,Low Fat,0.065589906,Frozen Foods,258.2646,OUT046,1997,Small,Tier 1,Supermarket Type1,5410.9566,253.2646
FDI32,,Low Fat,0.173529036,Fruits and Vegetables,113.2834,OUT027,1985,Medium,Tier 3,Supermarket Type3,4376.9692,108.2834
FDT11,5.94,Regular,0.029492018,Breads,188.0556,OUT018,2009,Medium,Tier 3,Supermarket Type2,938.778,183.0556
FDO32,6.36,Low Fat,0.121225455,Fruits and Vegetables,45.906,OUT017,2007,,Tier 2,Supermarket Type1,1118.544,40.906
DRJ01,,Low Fat,0.114475357,Soft Drinks,160.9236,OUT027,1985,Medium,Tier 3,Supermarket Type3,2255.7304,155.9236
FDW02,4.805,Regular,0,Dairy,123.9704,OUT045,2002,,Tier 2,Supermarket Type1,2253.0672,118.9704
NCK30,14.85,Low Fat,0.060927824,Household,254.8698,OUT013,1987,High,Tier 3,Supermarket Type1,4819.7262,249.8698
NCM43,14.5,Low Fat,0.019459164,Others,161.621,OUT013,1987,High,Tier 3,Supermarket Type1,2120.573,156.621
FDJ14,10.3,Regular,0.050070476,Canned,77.896,OUT046,1997,Small,Tier 1,Supermarket Type1,1278.336,72.896
FDE59,12.15,Low Fat,0.06227604,Starchy Foods,37.9532,OUT035,2004,Small,Tier 2,Supermarket Type1,1078.596,32.9532
FDN10,11.5,Low Fat,0.046217345,Snack Foods,120.3124,OUT045,2002,,Tier 2,Supermarket Type1,474.0496,115.3124
NCC18,19.1,Low Fat,0.177270016,Household,174.0422,OUT046,1997,Small,Tier 1,Supermarket Type1,1724.422,169.0422
FDN34,,Regular,0.080127283,Snack Foods,168.7132,OUT019,1985,Small,Tier 1,Grocery Store,338.2264,163.7132
FDU12,15.5,Regular,0.076059648,Baking Goods,265.1568,OUT018,2009,Medium,Tier 3,Supermarket Type2,2109.2544,260.1568
FDR33,7.31,Low Fat,0.026788937,Snack Foods,110.357,OUT046,1997,Small,Tier 1,Supermarket Type1,3185.853,105.357
FDP33,18.7,Low Fat,0.089197963,Snack Foods,257.3672,OUT013,1987,High,Tier 3,Supermarket Type1,2045.3376,252.3672
FDT49,7,Low Fat,0.151279591,Canned,107.028,OUT013,1987,High,Tier 3,Supermarket Type1,2876.256,102.028
FDK02,12.5,Low Fat,0.112203445,Canned,121.144,OUT035,2004,Small,Tier 2,Supermarket Type1,1438.128,116.144
NCM07,9.395,Low Fat,0.039961837,Others,84.0908,OUT046,1997,Small,Tier 1,Supermarket Type1,419.454,79.0908
FDX38,10.5,Regular,0.048207017,Dairy,45.9376,OUT046,1997,Small,Tier 1,Supermarket Type1,575.2512,40.9376
FDS56,5.785,Regular,0.064871045,Fruits and Vegetables,262.1252,OUT010,1998,,Tier 3,Grocery Store,786.9756,257.1252
FDU26,16.7,Regular,0.042685217,Dairy,120.7782,OUT049,1999,Medium,Tier 1,Supermarket Type1,1072.6038,115.7782
FDR16,5.845,Regular,0.105181277,Frozen Foods,214.4218,OUT049,1999,Medium,Tier 1,Supermarket Type1,5343.045,209.4218
FDA58,9.395,Low Fat,0.103751236,Snack Foods,235.8932,OUT046,1997,Small,Tier 1,Supermarket Type1,942.7728,230.8932
FDI26,5.94,Low Fat,0.035028853,Canned,179.8344,OUT018,2009,Medium,Tier 3,Supermarket Type2,1249.0408,174.8344
FDU36,6.15,Low Fat,0.046262201,Baking Goods,97.8384,OUT035,2004,Small,Tier 2,Supermarket Type1,2069.3064,92.8384
FDG60,20.35,Low Fat,0.060688248,Baking Goods,234.2616,OUT035,2004,Small,Tier 2,Supermarket Type1,4687.232,229.2616
FDH14,17.1,Regular,0.078347922,Canned,141.8838,OUT010,1998,,Tier 3,Grocery Store,280.9676,136.8838
FDQ37,,Low Fat,0.088828418,Breakfast,192.2478,OUT027,1985,Medium,Tier 3,Supermarket Type3,7943.6598,187.2478
FDW23,5.765,Low Fat,0.081944045,Baking Goods,36.7164,OUT013,1987,High,Tier 3,Supermarket Type1,849.5608,31.7164
FDM03,12.65,Low Fat,0.123726711,Meat,107.7938,OUT017,2007,,Tier 2,Supermarket Type1,2251.0698,102.7938
FDB58,10.5,reg,0.013485235,Snack Foods,140.0154,OUT013,1987,High,Tier 3,Supermarket Type1,3119.9388,135.0154
FDR09,18.25,Low Fat,0.077659918,Snack Foods,260.2962,OUT013,1987,High,Tier 3,Supermarket Type1,1035.9848,255.2962
FDR48,11.65,Low Fat,0,Baking Goods,149.8024,OUT018,2009,Medium,Tier 3,Supermarket Type2,1821.6288,144.8024
FDZ52,19.2,Low Fat,0.100074524,Frozen Foods,110.2886,OUT046,1997,Small,Tier 1,Supermarket Type1,778.3202,105.2886
DRD60,15.7,Low Fat,0.037289996,Soft Drinks,182.7634,OUT049,1999,Medium,Tier 1,Supermarket Type1,3453.5046,177.7634
FDJ14,10.3,Regular,0.050028809,Canned,80.096,OUT013,1987,High,Tier 3,Supermarket Type1,239.688,75.096
NCY29,13.65,low fat,0.077234113,Health and Hygiene,56.893,OUT046,1997,Small,Tier 1,Supermarket Type1,1188.453,51.893
NCP41,16.6,Low Fat,0.016197216,Health and Hygiene,108.8596,OUT013,1987,High,Tier 3,Supermarket Type1,970.7364,103.8596
FDK46,9.6,Low Fat,0.051571772,Snack Foods,258.462,OUT045,2002,,Tier 2,Supermarket Type1,4673.916,253.462
FDI48,11.85,Regular,0.055672032,Baking Goods,50.5666,OUT013,1987,High,Tier 3,Supermarket Type1,922.7988,45.5666
FDX48,,reg,0.066336811,Baking Goods,154.1656,OUT019,1985,Small,Tier 1,Grocery Store,617.8624,149.1656
NCI29,8.6,Low Fat,0.032672263,Health and Hygiene,141.2154,OUT049,1999,Medium,Tier 1,Supermarket Type1,709.077,136.2154
FDL51,20.7,Regular,0.047491371,Dairy,213.9876,OUT046,1997,Small,Tier 1,Supermarket Type1,2143.876,208.9876
FDU21,11.8,Regular,0.077154417,Snack Foods,35.7558,OUT017,2007,,Tier 2,Supermarket Type1,577.2486,30.7558
FDA08,,Regular,0.087692636,Fruits and Vegetables,162.5526,OUT019,1985,Small,Tier 1,Grocery Store,328.9052,157.5526
FDK03,12.6,Regular,0.074221559,Dairy,255.9356,OUT018,2009,Medium,Tier 3,Supermarket Type2,4832.3764,250.9356
DRH39,20.7,Low Fat,0.092834313,Dairy,77.667,OUT049,1999,Medium,Tier 1,Supermarket Type1,2220.443,72.667
NCR18,15.85,Low Fat,0.020571083,Household,41.6112,OUT018,2009,Medium,Tier 3,Supermarket Type2,255.6672,36.6112
NCX42,6.36,Low Fat,0.005978595,Household,163.6526,OUT046,1997,Small,Tier 1,Supermarket Type1,1151.1682,158.6526
FDR15,9.3,reg,0.033489979,Meat,156.6314,OUT049,1999,Medium,Tier 1,Supermarket Type1,1241.0512,151.6314
FDN60,,Low Fat,0.166609517,Baking Goods,157.6604,OUT019,1985,Small,Tier 1,Grocery Store,316.9208,152.6604
FDH24,20.7,Low Fat,0.021552357,Baking Goods,157.0288,OUT017,2007,,Tier 2,Supermarket Type1,2985.4472,152.0288
FDY50,,Low Fat,0.130321652,Dairy,88.7172,OUT027,1985,Medium,Tier 3,Supermarket Type3,3301.0364,83.7172
FDT26,18.85,Regular,0.068059156,Dairy,120.344,OUT049,1999,Medium,Tier 1,Supermarket Type1,1797.66,115.344
NCC30,16.6,Low Fat,0.027573983,Household,176.6344,OUT035,2004,Small,Tier 2,Supermarket Type1,2676.516,171.6344
NCE43,12.5,low fat,0.103442268,Household,170.8448,OUT046,1997,Small,Tier 1,Supermarket Type1,4942.8992,165.8448
DRK39,7.02,Low Fat,0,Dairy,83.825,OUT017,2007,,Tier 2,Supermarket Type1,1414.825,78.825
FDL16,12.85,Low Fat,0.168312678,Frozen Foods,45.906,OUT013,1987,High,Tier 3,Supermarket Type1,885.514,40.906
FDQ36,7.855,Regular,0.162205516,Baking Goods,36.2848,OUT018,2009,Medium,Tier 3,Supermarket Type2,1155.8288,31.2848
FDS34,19.35,reg,0.076744561,Snack Foods,113.4518,OUT035,2004,Small,Tier 2,Supermarket Type1,1593.9252,108.4518
FDN32,17.5,Low Fat,0.015591925,Fruits and Vegetables,184.8266,OUT045,2002,,Tier 2,Supermarket Type1,2766.399,179.8266
FDZ23,17.75,Regular,0.067639698,Baking Goods,187.624,OUT045,2002,,Tier 2,Supermarket Type1,1491.392,182.624
DRL49,13.15,Low Fat,0.056516756,Soft Drinks,143.4812,OUT049,1999,Medium,Tier 1,Supermarket Type1,854.8872,138.4812
FDG33,5.365,Regular,0.140213762,Seafood,173.7764,OUT035,2004,Small,Tier 2,Supermarket Type1,4637.9628,168.7764
FDG04,13.1,Low Fat,0.006075007,Frozen Foods,187.5898,OUT045,2002,,Tier 2,Supermarket Type1,2432.1674,182.5898
FDR04,7.075,Low Fat,0.022612742,Frozen Foods,97.0068,OUT045,2002,,Tier 2,Supermarket Type1,1944.136,92.0068
FDF52,9.3,LF,0.066770664,Frozen Foods,180.5292,OUT035,2004,Small,Tier 2,Supermarket Type1,2189.1504,175.5292
FDT36,12.3,Low Fat,0.186250852,Baking Goods,37.2874,OUT010,1998,,Tier 3,Grocery Store,176.437,32.2874
FDH17,16.2,Regular,0.016639482,Frozen Foods,95.8726,OUT013,1987,High,Tier 3,Supermarket Type1,1076.5986,90.8726
NCL42,18.85,Low Fat,0.040599963,Household,244.0144,OUT017,2007,,Tier 2,Supermarket Type1,5635.3312,239.0144
DRN35,8.01,Low Fat,0.070533748,Hard Drinks,34.2532,OUT018,2009,Medium,Tier 3,Supermarket Type2,467.3916,29.2532
FDL21,,Regular,0.01251245,Snack Foods,38.748,OUT019,1985,Small,Tier 1,Grocery Store,79.896,33.748
FDX07,,Regular,0.022807826,Fruits and Vegetables,183.495,OUT027,1985,Medium,Tier 3,Supermarket Type3,4577.375,178.495
FDW16,17.35,Regular,0.041474232,Frozen Foods,93.0804,OUT046,1997,Small,Tier 1,Supermarket Type1,826.9236,88.0804
FDS11,,Regular,0.055289464,Breads,222.5088,OUT027,1985,Medium,Tier 3,Supermarket Type3,7158.6816,217.5088
NCZ54,14.65,Low Fat,0.083698962,Household,163.4552,OUT018,2009,Medium,Tier 3,Supermarket Type2,2599.2832,158.4552
FDH32,12.8,Low Fat,0.076045655,Fruits and Vegetables,96.541,OUT035,2004,Small,Tier 2,Supermarket Type1,3765.099,91.541
NCQ17,,Low Fat,0.116366304,Health and Hygiene,158.363,OUT027,1985,Medium,Tier 3,Supermarket Type3,4068.038,153.363
FDK38,6.65,Low Fat,0.053279839,Canned,147.7734,OUT035,2004,Small,Tier 2,Supermarket Type1,2078.6276,142.7734
NCF55,6.675,Low Fat,0.021648305,Household,35.6874,OUT013,1987,High,Tier 3,Supermarket Type1,952.7598,30.6874
FDW39,6.69,Regular,0.037060755,Meat,176.837,OUT018,2009,Medium,Tier 3,Supermarket Type2,1411.496,171.837
FDX36,,Regular,0.224607399,Baking Goods,223.1404,OUT019,1985,Small,Tier 1,Grocery Store,450.0808,218.1404
FDD47,7.6,reg,0.142699588,Starchy Foods,171.7448,OUT045,2002,,Tier 2,Supermarket Type1,4431.5648,166.7448
FDQ46,7.51,Low Fat,0.103726639,Snack Foods,110.6544,OUT013,1987,High,Tier 3,Supermarket Type1,1901.5248,105.6544
FDE56,,Regular,0.158424516,Fruits and Vegetables,62.4194,OUT027,1985,Medium,Tier 3,Supermarket Type3,2291.0178,57.4194
FDY39,,Regular,0.08234117,Meat,185.7608,OUT019,1985,Small,Tier 1,Grocery Store,1470.0864,180.7608
FDG05,11,Regular,0.087847141,Frozen Foods,156.863,OUT046,1997,Small,Tier 1,Supermarket Type1,2972.797,151.863
NCR54,,Low Fat,0.158562708,Household,194.711,OUT019,1985,Small,Tier 1,Grocery Store,196.411,189.711
FDX57,17.25,reg,0.047458754,Snack Foods,95.8068,OUT018,2009,Medium,Tier 3,Supermarket Type2,1263.6884,90.8068
FDC17,,Low Fat,0.015385857,Frozen Foods,208.9928,OUT027,1985,Medium,Tier 3,Supermarket Type3,9678.0688,203.9928
DRL60,,Low Fat,0.047377447,Soft Drinks,150.6682,OUT019,1985,Small,Tier 1,Grocery Store,457.4046,145.6682
FDO32,6.36,Low Fat,0.120443298,Fruits and Vegetables,45.406,OUT013,1987,High,Tier 3,Supermarket Type1,1118.544,40.406
NCO29,11.15,Low Fat,0.032229348,Health and Hygiene,163.2526,OUT013,1987,High,Tier 3,Supermarket Type1,1480.0734,158.2526
FDJ36,,Regular,0.127638966,Baking Goods,104.5332,OUT027,1985,Medium,Tier 3,Supermarket Type3,2563.33,99.5332
NCF54,18,Low Fat,0.047473135,Household,170.5422,OUT045,2002,,Tier 2,Supermarket Type1,3103.9596,165.5422
FDV04,7.825,Regular,0.149986868,Frozen Foods,158.8288,OUT035,2004,Small,Tier 2,Supermarket Type1,1414.1592,153.8288
NCK30,14.85,Low Fat,0.102065622,Household,254.2698,OUT010,1998,,Tier 3,Grocery Store,1775.6886,249.2698
FDX09,,Low Fat,0.114243048,Snack Foods,174.937,OUT019,1985,Small,Tier 1,Grocery Store,176.437,169.937
FDH53,20.5,Regular,0.019183756,Frozen Foods,83.7592,OUT013,1987,High,Tier 3,Supermarket Type1,1403.5064,78.7592
FDT22,10.395,Low Fat,0.112324552,Snack Foods,60.622,OUT045,2002,,Tier 2,Supermarket Type1,778.986,55.622
DRF25,,Low Fat,0.068153091,Soft Drinks,36.019,OUT019,1985,Small,Tier 1,Grocery Store,73.238,31.019
FDG56,13.3,Regular,0.071597469,Fruits and Vegetables,60.8536,OUT045,2002,,Tier 2,Supermarket Type1,918.804,55.8536
FDG38,,Regular,0.052473797,Canned,83.6224,OUT027,1985,Medium,Tier 3,Supermarket Type3,3494.1184,78.6224
FDS34,19.35,Regular,0.076914745,Snack Foods,114.8518,OUT045,2002,,Tier 2,Supermarket Type1,1707.777,109.8518
FDP44,16.5,Regular,0.079837509,Fruits and Vegetables,102.1332,OUT049,1999,Medium,Tier 1,Supermarket Type1,1743.0644,97.1332
FDW03,5.63,Regular,0.024520854,Meat,102.8306,OUT013,1987,High,Tier 3,Supermarket Type1,1986.0814,97.8306
FDU25,12.35,LF,0.02678995,Canned,58.9246,OUT018,2009,Medium,Tier 3,Supermarket Type2,926.7936,53.9246
NCR17,9.8,Low Fat,0.024432767,Health and Hygiene,116.4492,OUT045,2002,,Tier 2,Supermarket Type1,2780.3808,111.4492
FDY39,5.305,Regular,0.047220268,Meat,181.9608,OUT018,2009,Medium,Tier 3,Supermarket Type2,2388.8904,176.9608
FDA03,18.5,Regular,0.045534457,Dairy,146.3102,OUT049,1999,Medium,Tier 1,Supermarket Type1,3645.255,141.3102
FDG58,10.695,Regular,0,Snack Foods,156.1972,OUT046,1997,Small,Tier 1,Supermarket Type1,1869.5664,151.1972
NCB19,6.525,Low Fat,0.090806457,Household,86.4882,OUT017,2007,,Tier 2,Supermarket Type1,1631.8758,81.4882
FDI07,12.35,Regular,0.033813351,Meat,198.1426,OUT049,1999,Medium,Tier 1,Supermarket Type1,3757.1094,193.1426
NCS06,7.935,Low Fat,0.031730739,Household,261.091,OUT035,2004,Small,Tier 2,Supermarket Type1,2366.919,256.091
FDX03,15.85,Regular,0.102262138,Meat,47.1744,OUT010,1998,,Tier 3,Grocery Store,90.5488,42.1744
NCK29,5.615,LF,0,Health and Hygiene,121.973,OUT046,1997,Small,Tier 1,Supermarket Type1,2463.46,116.973
FDH16,10.5,Low Fat,0.052511611,Frozen Foods,90.783,OUT013,1987,High,Tier 3,Supermarket Type1,1258.362,85.783
FDA55,,Regular,0.056713056,Fruits and Vegetables,223.8088,OUT027,1985,Medium,Tier 3,Supermarket Type3,5592.72,218.8088
FDS20,8.85,Low Fat,0.053950661,Fruits and Vegetables,182.7292,OUT049,1999,Medium,Tier 1,Supermarket Type1,4925.5884,177.7292
FDS31,13.1,Regular,0.044192372,Fruits and Vegetables,180.3318,OUT046,1997,Small,Tier 1,Supermarket Type1,2345.6134,175.3318
FDA23,,Low Fat,0.046958533,Baking Goods,101.3016,OUT027,1985,Medium,Tier 3,Supermarket Type3,2327.6368,96.3016
NCU18,15.1,Low Fat,0.055829496,Household,140.2496,OUT035,2004,Small,Tier 2,Supermarket Type1,2681.8424,135.2496
FDE11,17.7,Regular,0.13498355,Starchy Foods,184.4924,OUT013,1987,High,Tier 3,Supermarket Type1,3146.5708,179.4924
FDE44,14.65,Low Fat,0,Fruits and Vegetables,49.7692,OUT045,2002,,Tier 2,Supermarket Type1,837.5764,44.7692
FDV51,16.35,Low Fat,0.032538896,Meat,165.7842,OUT046,1997,Small,Tier 1,Supermarket Type1,2652.5472,160.7842
FDK51,19.85,Low Fat,0.005264755,Dairy,264.5884,OUT017,2007,,Tier 2,Supermarket Type1,5829.7448,259.5884
FDR36,6.715,Regular,0.121832956,Baking Goods,43.5454,OUT045,2002,,Tier 2,Supermarket Type1,838.908,38.5454
FDU40,20.85,Low Fat,0.037403973,Frozen Foods,192.5478,OUT046,1997,Small,Tier 1,Supermarket Type1,2906.217,187.5478
FDU37,,Regular,0.10400212,Canned,79.796,OUT027,1985,Medium,Tier 3,Supermarket Type3,4074.696,74.796
FDV47,17.1,low fat,0.054162439,Breads,85.3566,OUT013,1987,High,Tier 3,Supermarket Type1,1775.6886,80.3566
FDF04,,Low Fat,0.023876708,Frozen Foods,258.6304,OUT019,1985,Small,Tier 1,Grocery Store,516.6608,253.6304
FDX16,17.85,Low Fat,0.065797601,Frozen Foods,147.805,OUT035,2004,Small,Tier 2,Supermarket Type1,1947.465,142.805
NCL05,19.6,Low Fat,0.047857804,Health and Hygiene,45.077,OUT013,1987,High,Tier 3,Supermarket Type1,605.878,40.077
NCL30,,Low Fat,0.048703432,Household,125.9336,OUT027,1985,Medium,Tier 3,Supermarket Type3,7158.6816,120.9336
NCR06,12.5,Low Fat,0.006765149,Household,41.7112,OUT046,1997,Small,Tier 1,Supermarket Type1,383.5008,36.7112
FDX03,15.85,Regular,0.06121988,Meat,45.6744,OUT045,2002,,Tier 2,Supermarket Type1,633.8416,40.6744
FDR32,6.78,Regular,0,Fruits and Vegetables,227.4694,OUT046,1997,Small,Tier 1,Supermarket Type1,3197.1716,222.4694
FDX04,19.6,Regular,0.041563696,Frozen Foods,47.6376,OUT035,2004,Small,Tier 2,Supermarket Type1,335.5632,42.6376
DRH01,17.5,Low Fat,0.098457814,Soft Drinks,171.7738,OUT017,2007,,Tier 2,Supermarket Type1,2432.8332,166.7738
FDO57,20.75,Low Fat,0.108930629,Snack Foods,160.9578,OUT045,2002,,Tier 2,Supermarket Type1,1444.1202,155.9578
FDD11,,Low Fat,0.03046847,Starchy Foods,254.704,OUT027,1985,Medium,Tier 3,Supermarket Type3,3036.048,249.704
DRM47,9.3,Low Fat,0.073288275,Hard Drinks,189.1846,OUT010,1998,,Tier 3,Grocery Store,382.1692,184.1846
NCC54,17.75,Low Fat,0.097692448,Health and Hygiene,242.4196,OUT035,2004,Small,Tier 2,Supermarket Type1,5543.4508,237.4196
FDC45,17,Low Fat,0.135944247,Fruits and Vegetables,171.5106,OUT049,1999,Medium,Tier 1,Supermarket Type1,1539.9954,166.5106
FDW46,,Regular,0.123089128,Snack Foods,63.6484,OUT019,1985,Small,Tier 1,Grocery Store,65.2484,58.6484
FDP40,4.555,Regular,0.034328578,Frozen Foods,110.1544,OUT013,1987,High,Tier 3,Supermarket Type1,1230.3984,105.1544
FDM08,10.1,Regular,0.089688978,Fruits and Vegetables,225.5088,OUT010,1998,,Tier 3,Grocery Store,1342.2528,220.5088
FDV52,20.7,Regular,0.121709653,Frozen Foods,119.7466,OUT049,1999,Medium,Tier 1,Supermarket Type1,2003.3922,114.7466
DRB24,8.785,Low Fat,0.020618957,Soft Drinks,153.0656,OUT045,2002,,Tier 2,Supermarket Type1,4170.5712,148.0656
NCC54,17.75,LF,0.163548055,Health and Hygiene,239.3196,OUT010,1998,,Tier 3,Grocery Store,723.0588,234.3196
FDV38,,Low Fat,0.178192864,Dairy,54.9956,OUT019,1985,Small,Tier 1,Grocery Store,109.1912,49.9956
FDB36,5.465,Regular,0.048625599,Baking Goods,129.2626,OUT045,2002,,Tier 2,Supermarket Type1,1311.626,124.2626
DRH51,,Low Fat,0.170213676,Dairy,89.5856,OUT019,1985,Small,Tier 1,Grocery Store,175.7712,84.5856
FDV45,,Low Fat,0.044829295,Snack Foods,187.4556,OUT027,1985,Medium,Tier 3,Supermarket Type3,7510.224,182.4556
NCL29,,Low Fat,0.113387677,Health and Hygiene,156.9604,OUT027,1985,Medium,Tier 3,Supermarket Type3,1584.604,151.9604
FDU14,17.75,Low Fat,0.058168807,Dairy,249.575,OUT010,1998,,Tier 3,Grocery Store,499.35,244.575
FDH17,16.2,Regular,0.016650191,Frozen Foods,97.4726,OUT035,2004,Small,Tier 2,Supermarket Type1,1174.4712,92.4726
FDQ15,20.35,Regular,0.151044881,Meat,79.2276,OUT035,2004,Small,Tier 2,Supermarket Type1,649.8208,74.2276
FDZ44,8.185,Low Fat,0.038948125,Fruits and Vegetables,115.4808,OUT017,2007,,Tier 2,Supermarket Type1,820.2656,110.4808
FDM32,20.5,Low Fat,0.020688969,Fruits and Vegetables,88.183,OUT018,2009,Medium,Tier 3,Supermarket Type2,719.064,83.183
NCP29,8.42,Low Fat,0.112249781,Health and Hygiene,64.3168,OUT035,2004,Small,Tier 2,Supermarket Type1,703.0848,59.3168
FDG53,10,Low Fat,0.046116319,Frozen Foods,141.818,OUT017,2007,,Tier 2,Supermarket Type1,838.908,136.818
FDT25,7.5,Low Fat,0.050957715,Canned,122.4072,OUT018,2009,Medium,Tier 3,Supermarket Type2,2572.6512,117.4072
FDM39,,Low Fat,0.053211728,Dairy,177.6002,OUT027,1985,Medium,Tier 3,Supermarket Type3,8417.7094,172.6002
FDW35,10.6,Low Fat,0.011111714,Breads,43.8454,OUT045,2002,,Tier 2,Supermarket Type1,671.1264,38.8454
FDD10,20.6,Regular,0.077029195,Snack Foods,177.2344,OUT010,1998,,Tier 3,Grocery Store,892.172,172.2344
FDH08,,Low Fat,0.017344679,Fruits and Vegetables,230.801,OUT027,1985,Medium,Tier 3,Supermarket Type3,5283.123,225.801
DRG37,16.2,Low Fat,0.019457372,Soft Drinks,153.9972,OUT018,2009,Medium,Tier 3,Supermarket Type2,1246.3776,148.9972
FDU01,20.25,Regular,0.012063121,Canned,183.5924,OUT017,2007,,Tier 2,Supermarket Type1,2406.2012,178.5924
NCZ17,12.15,Low Fat,0.079755214,Health and Hygiene,36.6506,OUT018,2009,Medium,Tier 3,Supermarket Type2,493.3578,31.6506
FDU34,,LF,0.074830794,Snack Foods,125.9046,OUT027,1985,Medium,Tier 3,Supermarket Type3,4482.1656,120.9046
FDB16,8.21,Low Fat,0.044917289,Dairy,88.5198,OUT035,2004,Small,Tier 2,Supermarket Type1,1133.8574,83.5198
FDG10,6.63,Regular,0.018310142,Snack Foods,57.7588,OUT010,1998,,Tier 3,Grocery Store,57.2588,52.7588
FDH46,6.935,Regular,0.041247932,Snack Foods,101.8332,OUT013,1987,High,Tier 3,Supermarket Type1,2255.7304,96.8332
FDC16,,Regular,0.0204702,Dairy,88.254,OUT027,1985,Medium,Tier 3,Supermarket Type3,2510.066,83.254
FDH50,15,Regular,0.161404914,Canned,185.8266,OUT035,2004,Small,Tier 2,Supermarket Type1,1844.266,180.8266
NCZ18,7.825,Low Fat,0.186067862,Household,255.4698,OUT046,1997,Small,Tier 1,Supermarket Type1,5073.396,250.4698
FDJ32,10.695,LF,0.057792343,Fruits and Vegetables,61.4536,OUT046,1997,Small,Tier 1,Supermarket Type1,428.7752,56.4536
DRI23,18.85,Low Fat,0,Hard Drinks,162.0578,OUT035,2004,Small,Tier 2,Supermarket Type1,3209.156,157.0578
DRD01,12.1,Regular,0.061270647,Soft Drinks,53.2614,OUT049,1999,Medium,Tier 1,Supermarket Type1,386.8298,48.2614
FDY02,8.945,Regular,0.087823675,Dairy,261.091,OUT045,2002,,Tier 2,Supermarket Type1,3418.883,256.091
FDG38,8.975,Regular,0.05281112,Canned,86.6224,OUT049,1999,Medium,Tier 1,Supermarket Type1,1704.448,81.6224
NCG30,20.2,Low Fat,0.112495847,Household,124.4046,OUT049,1999,Medium,Tier 1,Supermarket Type1,1120.5414,119.4046
FDO31,6.76,Regular,0.029100745,Fruits and Vegetables,80.696,OUT018,2009,Medium,Tier 3,Supermarket Type2,559.272,75.696
NCU42,9,Low Fat,0.019546214,Household,168.1474,OUT045,2002,,Tier 2,Supermarket Type1,4211.185,163.1474
NCG30,20.2,Low Fat,0.112549008,Household,123.1046,OUT045,2002,,Tier 2,Supermarket Type1,1120.5414,118.1046
NCA30,19,Low Fat,0,Household,189.1872,OUT046,1997,Small,Tier 1,Supermarket Type1,567.2616,184.1872
FDF29,15.1,Regular,0.019917598,Frozen Foods,129.431,OUT013,1987,High,Tier 3,Supermarket Type1,3505.437,124.431
FDI14,14.1,Low Fat,0.089817198,Canned,142.7496,OUT049,1999,Medium,Tier 1,Supermarket Type1,3528.74,137.7496
FDY57,20.2,Regular,0.121442754,Snack Foods,94.9752,OUT049,1999,Medium,Tier 1,Supermarket Type1,1342.2528,89.9752
FDT27,,Regular,0.069250192,Meat,232.9616,OUT027,1985,Medium,Tier 3,Supermarket Type3,3515.424,227.9616
FDM46,,Low Fat,0.159193194,Snack Foods,92.712,OUT027,1985,Medium,Tier 3,Supermarket Type3,3635.268,87.712
NCD30,,Low Fat,0,Household,98.1726,OUT027,1985,Medium,Tier 3,Supermarket Type3,978.726,93.1726
FDJ15,,Regular,0.023209537,Dairy,183.3608,OUT027,1985,Medium,Tier 3,Supermarket Type3,6064.1064,178.3608
NCW05,20.25,Low Fat,0.148372897,Health and Hygiene,108.8938,OUT045,2002,,Tier 2,Supermarket Type1,3644.5892,103.8938
FDT13,14.85,Low Fat,0,Canned,187.7214,OUT010,1998,,Tier 3,Grocery Store,188.4214,182.7214
NCP06,20.7,Low Fat,0.065689432,Household,149.7366,OUT010,1998,,Tier 3,Grocery Store,151.1366,144.7366
FDP03,5.15,Regular,0.061301149,Meat,122.1388,OUT045,2002,,Tier 2,Supermarket Type1,2352.9372,117.1388
NCM30,,Low Fat,0.117825569,Household,43.2796,OUT019,1985,Small,Tier 1,Grocery Store,41.2796,38.2796
FDK20,12.6,Regular,0.04152307,Fruits and Vegetables,124.3072,OUT013,1987,High,Tier 3,Supermarket Type1,5022.7952,119.3072
FDX01,10.1,Low Fat,0.024201905,Canned,114.915,OUT049,1999,Medium,Tier 1,Supermarket Type1,2796.36,109.915
FDV57,15.25,Regular,0.066269294,Snack Foods,179.666,OUT017,2007,,Tier 2,Supermarket Type1,6471.576,174.666
FDY34,10.5,Regular,0.01100413,Snack Foods,167.1842,OUT045,2002,,Tier 2,Supermarket Type1,2984.1156,162.1842
FDP37,,Low Fat,0.250560049,Breakfast,126.9994,OUT019,1985,Small,Tier 1,Grocery Store,385.4982,121.9994
FDP22,14.65,Regular,0.099113429,Snack Foods,52.8666,OUT035,2004,Small,Tier 2,Supermarket Type1,461.3994,47.8666
FDS25,6.885,Regular,0.140008554,Canned,108.7228,OUT046,1997,Small,Tier 1,Supermarket Type1,2542.0244,103.7228
NCY18,7.285,Low Fat,0.031278532,Household,176.0054,OUT018,2009,Medium,Tier 3,Supermarket Type2,2626.581,171.0054
FDO08,11.1,Regular,0.05373063,Fruits and Vegetables,165.1526,OUT013,1987,High,Tier 3,Supermarket Type1,1480.0734,160.1526
NCI43,,Low Fat,0.025842951,Household,48.6376,OUT027,1985,Medium,Tier 3,Supermarket Type3,1677.816,43.6376
FDH16,10.5,Low Fat,0.052555346,Frozen Foods,89.683,OUT046,1997,Small,Tier 1,Supermarket Type1,988.713,84.683
NCZ05,,Low Fat,0.10178199,Health and Hygiene,104.699,OUT019,1985,Small,Tier 1,Grocery Store,103.199,99.699
DRE49,20.75,Low Fat,0.021293097,Soft Drinks,151.9024,OUT045,2002,,Tier 2,Supermarket Type1,2732.4432,146.9024
FDO09,,Regular,0.124668026,Snack Foods,261.091,OUT027,1985,Medium,Tier 3,Supermarket Type3,5522.811,256.091
FDA08,11.85,Regular,0.050043472,Fruits and Vegetables,164.6526,OUT013,1987,High,Tier 3,Supermarket Type1,2137.8838,159.6526
NCD55,14,Low Fat,0.024468806,Household,41.1454,OUT017,2007,,Tier 2,Supermarket Type1,503.3448,36.1454
NCR50,20.2,Low Fat,0.01181025,Household,154.634,OUT013,1987,High,Tier 3,Supermarket Type1,4287.752,149.634
NCC06,19,Low Fat,0.027028323,Household,127.0336,OUT049,1999,Medium,Tier 1,Supermarket Type1,3962.8416,122.0336
FDC34,16,Regular,0.172615327,Snack Foods,154.5972,OUT013,1987,High,Tier 3,Supermarket Type1,1869.5664,149.5972
FDQ49,,Regular,0.06871772,Breakfast,155.563,OUT019,1985,Small,Tier 1,Grocery Store,469.389,150.563
FDS60,20.85,Low Fat,0.032421521,Baking Goods,181.666,OUT013,1987,High,Tier 3,Supermarket Type1,1438.128,176.666
FDP10,19,Low Fat,0.127983545,Snack Foods,107.6622,OUT013,1987,High,Tier 3,Supermarket Type1,1270.3464,102.6622
FDW46,13,Regular,0.070288365,Snack Foods,64.3484,OUT035,2004,Small,Tier 2,Supermarket Type1,2218.4456,59.3484
FDG53,10,Low Fat,0.076755106,Frozen Foods,141.618,OUT010,1998,,Tier 3,Grocery Store,139.818,136.618
FDP57,17.5,low fat,0.052434201,Snack Foods,103.999,OUT035,2004,Small,Tier 2,Supermarket Type1,1857.582,98.999
NCP43,,Low Fat,0.053413906,Others,181.766,OUT019,1985,Small,Tier 1,Grocery Store,179.766,176.766
FDW49,19.5,Low Fat,0.083019163,Canned,180.2002,OUT017,2007,,Tier 2,Supermarket Type1,5193.9058,175.2002
FDA28,16.1,Regular,0.080010553,Frozen Foods,124.2362,OUT010,1998,,Tier 3,Grocery Store,377.5086,119.2362
NCS42,8.6,low fat,0.069403341,Household,91.2146,OUT035,2004,Small,Tier 2,Supermarket Type1,2554.0088,86.2146
FDP21,,Regular,0.025616191,Snack Foods,188.1872,OUT027,1985,Medium,Tier 3,Supermarket Type3,6239.8776,183.1872
DRJ39,20.25,Low Fat,0.036326064,Dairy,220.1482,OUT046,1997,Small,Tier 1,Supermarket Type1,3066.6748,215.1482
FDH12,9.6,Low Fat,0.085434195,Baking Goods,105.028,OUT017,2007,,Tier 2,Supermarket Type1,2556.672,100.028
FDQ13,11.1,Low Fat,0.010658153,Canned,83.0908,OUT049,1999,Medium,Tier 1,Supermarket Type1,1593.9252,78.0908
NCQ06,13,LF,0.041994899,Household,254.7014,OUT018,2009,Medium,Tier 3,Supermarket Type2,5100.028,249.7014
FDL40,,Low Fat,0.011556919,Frozen Foods,94.741,OUT027,1985,Medium,Tier 3,Supermarket Type3,1641.197,89.741
NCE54,20.7,Low Fat,0,Household,74.3354,OUT018,2009,Medium,Tier 3,Supermarket Type2,1880.885,69.3354
FDL58,5.78,Regular,0.124110349,Snack Foods,262.3568,OUT010,1998,,Tier 3,Grocery Store,790.9704,257.3568
FDW38,5.325,Regular,0.139244918,Dairy,53.0298,OUT018,2009,Medium,Tier 3,Supermarket Type2,377.5086,48.0298
FDD17,7.5,Low Fat,0.032599801,Frozen Foods,238.1906,OUT013,1987,High,Tier 3,Supermarket Type1,3327.6684,233.1906
FDK25,11.6,Regular,0.157075658,Breakfast,166.6474,OUT049,1999,Medium,Tier 1,Supermarket Type1,4211.185,161.6474
FDR22,,Regular,0.018472714,Snack Foods,109.9544,OUT027,1985,Medium,Tier 3,Supermarket Type3,5257.1568,104.9544
FDU35,6.44,low fat,0,Breads,99.87,OUT045,2002,,Tier 2,Supermarket Type1,1498.05,94.87
FDR35,12.5,Low Fat,0.020739698,Breads,198.9742,OUT045,2002,,Tier 2,Supermarket Type1,995.371,193.9742
NCZ18,7.825,Low Fat,0.186825823,Household,253.5698,OUT018,2009,Medium,Tier 3,Supermarket Type2,3805.047,248.5698
FDF22,6.865,Low Fat,0.09512291,Snack Foods,212.3218,OUT010,1998,,Tier 3,Grocery Store,427.4436,207.3218
FDD17,7.5,Low Fat,0.03269312,Frozen Foods,238.7906,OUT045,2002,,Tier 2,Supermarket Type1,4040.7402,233.7906
DRD37,9.8,Low Fat,0.013841737,Soft Drinks,45.206,OUT046,1997,Small,Tier 1,Supermarket Type1,1211.756,40.206
FDC08,19,Regular,0.103449993,Fruits and Vegetables,225.472,OUT046,1997,Small,Tier 1,Supermarket Type1,3169.208,220.472
FDU57,8.27,reg,0.089554186,Snack Foods,150.8708,OUT046,1997,Small,Tier 1,Supermarket Type1,2407.5328,145.8708
FDZ58,17.85,Low Fat,0.052257982,Snack Foods,121.8072,OUT049,1999,Medium,Tier 1,Supermarket Type1,2450.144,116.8072
FDY01,11.8,Regular,0.170251293,Canned,116.4834,OUT035,2004,Small,Tier 2,Supermarket Type1,1958.1178,111.4834
FDG09,20.6,Regular,0.048131556,Fruits and Vegetables,187.1556,OUT018,2009,Medium,Tier 3,Supermarket Type2,4693.89,182.1556
NCE54,20.7,Low Fat,0.026899856,Household,73.9354,OUT046,1997,Small,Tier 1,Supermarket Type1,677.1186,68.9354
FDB34,15.25,Low Fat,0.026663778,Snack Foods,87.0198,OUT045,2002,,Tier 2,Supermarket Type1,2442.1544,82.0198
FDT24,12.35,Regular,0,Baking Goods,76.2328,OUT046,1997,Small,Tier 1,Supermarket Type1,1544.656,71.2328
FDZ08,12.5,Regular,0.109900843,Fruits and Vegetables,83.0592,OUT013,1987,High,Tier 3,Supermarket Type1,743.0328,78.0592
NCI54,15.2,Low Fat,0.033651278,Household,108.9912,OUT049,1999,Medium,Tier 1,Supermarket Type1,1965.4416,103.9912
FDU34,18.25,Low Fat,0.075311837,Snack Foods,122.6046,OUT049,1999,Medium,Tier 1,Supermarket Type1,2988.1104,117.6046
FDP23,6.71,Low Fat,0,Breads,218.9166,OUT013,1987,High,Tier 3,Supermarket Type1,2394.8826,213.9166
NCV29,,Low Fat,0.039996021,Health and Hygiene,176.7686,OUT019,1985,Small,Tier 1,Grocery Store,888.843,171.7686
FDG10,,Regular,0.010886324,Snack Foods,57.2588,OUT027,1985,Medium,Tier 3,Supermarket Type3,801.6232,52.2588
FDZ56,,Low Fat,0.04506213,Fruits and Vegetables,167.5474,OUT019,1985,Small,Tier 1,Grocery Store,1010.6844,162.5474
NCL41,12.35,Low Fat,0.041729735,Health and Hygiene,36.3216,OUT035,2004,Small,Tier 2,Supermarket Type1,276.9728,31.3216
FDM39,6.42,low fat,0.053426165,Dairy,178.7002,OUT013,1987,High,Tier 3,Supermarket Type1,4477.505,173.7002
NCZ54,14.65,Low Fat,0.083488992,Household,161.3552,OUT049,1999,Medium,Tier 1,Supermarket Type1,7148.0288,156.3552
FDT59,13.65,Low Fat,0,Breads,229.4668,OUT049,1999,Medium,Tier 1,Supermarket Type1,4837.7028,224.4668
FDV20,20.2,Regular,0.060045008,Fruits and Vegetables,128.3678,OUT018,2009,Medium,Tier 3,Supermarket Type2,1398.8458,123.3678
NCE43,12.5,Low Fat,0.10402738,Household,172.2448,OUT017,2007,,Tier 2,Supermarket Type1,1874.8928,167.2448
FDP15,,Low Fat,0.083536071,Meat,255.433,OUT027,1985,Medium,Tier 3,Supermarket Type3,9227.988,250.433
FDO16,5.48,Low Fat,0.015169739,Frozen Foods,82.225,OUT018,2009,Medium,Tier 3,Supermarket Type2,2247.075,77.225
NCP41,,Low Fat,0.028382853,Health and Hygiene,109.4596,OUT019,1985,Small,Tier 1,Grocery Store,647.1576,104.4596
DRD01,12.1,Regular,0.061299601,Soft Drinks,56.2614,OUT045,2002,,Tier 2,Supermarket Type1,552.614,51.2614
FDM56,16.7,Low Fat,0.070588621,Fruits and Vegetables,107.9912,OUT017,2007,,Tier 2,Supermarket Type1,1419.4856,102.9912
FDS22,16.85,Regular,0.023201357,Snack Foods,45.9428,OUT045,2002,,Tier 2,Supermarket Type1,307.5996,40.9428
FDX20,7.365,LF,0.042626422,Fruits and Vegetables,227.072,OUT049,1999,Medium,Tier 1,Supermarket Type1,4074.696,222.072
FDE34,9.195,Low Fat,0.108501676,Snack Foods,183.6634,OUT017,2007,,Tier 2,Supermarket Type1,2362.9242,178.6634
FDV50,14.3,Low Fat,0.122571209,Dairy,122.373,OUT046,1997,Small,Tier 1,Supermarket Type1,985.384,117.373
NCU17,5.32,Low Fat,0.093408695,Health and Hygiene,101.2674,OUT017,2007,,Tier 2,Supermarket Type1,2241.0828,96.2674
NCP53,,Low Fat,0.032731074,Health and Hygiene,235.6906,OUT027,1985,Medium,Tier 3,Supermarket Type3,5704.5744,230.6906
FDW09,13.65,Regular,0.043386131,Snack Foods,80.2302,OUT010,1998,,Tier 3,Grocery Store,79.2302,75.2302
FDW55,12.6,Regular,0.021969896,Fruits and Vegetables,248.6092,OUT046,1997,Small,Tier 1,Supermarket Type1,3237.1196,243.6092
NCE31,,Low Fat,0.183948465,Household,33.6216,OUT027,1985,Medium,Tier 3,Supermarket Type3,934.7832,28.6216
FDO49,10.6,reg,0.033052168,Breakfast,49.7008,OUT046,1997,Small,Tier 1,Supermarket Type1,961.4152,44.7008
FDH34,,Low Fat,0.054443762,Snack Foods,184.6582,OUT019,1985,Small,Tier 1,Grocery Store,185.7582,179.6582
FDJ38,8.6,Regular,0.040172077,Canned,188.553,OUT013,1987,High,Tier 3,Supermarket Type1,3795.06,183.553
FDG32,19.85,LF,0.175995526,Fruits and Vegetables,224.0772,OUT046,1997,Small,Tier 1,Supermarket Type1,1556.6404,219.0772
DRQ35,9.3,Low Fat,0.042530668,Hard Drinks,125.5388,OUT017,2007,,Tier 2,Supermarket Type1,2848.2924,120.5388
FDK25,,Regular,0.274592283,Breakfast,167.8474,OUT019,1985,Small,Tier 1,Grocery Store,336.8948,162.8474
FDD58,7.76,Low Fat,0.059594017,Snack Foods,99.67,OUT018,2009,Medium,Tier 3,Supermarket Type2,1897.53,94.67
FDB15,10.895,Low Fat,0.136784873,Dairy,265.2568,OUT035,2004,Small,Tier 2,Supermarket Type1,4218.5088,260.2568
DRF60,10.8,Low Fat,0,Soft Drinks,238.1564,OUT018,2009,Medium,Tier 3,Supermarket Type2,5243.8408,233.1564
FDH04,,Regular,0.019912606,Frozen Foods,91.0488,OUT019,1985,Small,Tier 1,Grocery Store,271.6464,86.0488
FDM04,9.195,Regular,0.04719387,Frozen Foods,52.8666,OUT049,1999,Medium,Tier 1,Supermarket Type1,1384.1982,47.8666
FDO58,19.6,Low Fat,0.039638705,Snack Foods,166.0526,OUT049,1999,Medium,Tier 1,Supermarket Type1,3124.5994,161.0526
FDQ24,15.7,Low Fat,0.074083388,Baking Goods,253.3724,OUT017,2007,,Tier 2,Supermarket Type1,6795.1548,248.3724
DRP35,18.85,Low Fat,0.091051579,Hard Drinks,127.4336,OUT045,2002,,Tier 2,Supermarket Type1,894.8352,122.4336
DRI47,14.7,Low Fat,0.02090277,Hard Drinks,144.5128,OUT013,1987,High,Tier 3,Supermarket Type1,3307.6944,139.5128
FDF35,15,Low Fat,0.153861181,Starchy Foods,108.5938,OUT013,1987,High,Tier 3,Supermarket Type1,1393.5194,103.5938
FDP31,21.1,Regular,0.161504957,Fruits and Vegetables,65.0168,OUT046,1997,Small,Tier 1,Supermarket Type1,639.168,60.0168
FDQ52,17,Low Fat,0.119871307,Frozen Foods,248.3434,OUT018,2009,Medium,Tier 3,Supermarket Type2,6208.585,243.3434
FDM12,16.7,Regular,0.069903773,Baking Goods,188.6214,OUT035,2004,Small,Tier 2,Supermarket Type1,565.2642,183.6214
NCS42,8.6,Low Fat,0.069416467,Household,92.5146,OUT046,1997,Small,Tier 1,Supermarket Type1,2006.7212,87.5146
FDO31,6.76,Regular,0.02914662,Fruits and Vegetables,79.296,OUT017,2007,,Tier 2,Supermarket Type1,1118.544,74.296
FDU19,8.77,Regular,0.046771477,Fruits and Vegetables,173.9422,OUT046,1997,Small,Tier 1,Supermarket Type1,3103.9596,168.9422
NCE19,,Low Fat,0.092564193,Household,53.4956,OUT027,1985,Medium,Tier 3,Supermarket Type3,2129.2284,48.4956
FDR16,5.845,Regular,0.104998144,Frozen Foods,213.2218,OUT035,2004,Small,Tier 2,Supermarket Type1,7266.5412,208.2218
FDF56,16.7,Regular,0.119704498,Fruits and Vegetables,181.9976,OUT045,2002,,Tier 2,Supermarket Type1,5432.928,176.9976
DRJ59,11.65,Low Fat,0.03242518,Hard Drinks,38.8164,OUT010,1998,,Tier 3,Grocery Store,77.2328,33.8164
FDH16,,Low Fat,0.052300844,Frozen Foods,88.283,OUT027,1985,Medium,Tier 3,Supermarket Type3,2157.192,83.283
FDI28,14.3,Low Fat,0.026362624,Frozen Foods,78.3302,OUT049,1999,Medium,Tier 1,Supermarket Type1,1267.6832,73.3302
FDC58,,Low Fat,0,Snack Foods,45.7428,OUT027,1985,Medium,Tier 3,Supermarket Type3,615.1992,40.7428
FDU13,8.355,Low Fat,0.187558629,Canned,148.0418,OUT046,1997,Small,Tier 1,Supermarket Type1,1471.418,143.0418
FDX58,13.15,Low Fat,0.04376368,Snack Foods,183.095,OUT046,1997,Small,Tier 1,Supermarket Type1,1830.95,178.095
FDU16,19.25,Regular,0,Frozen Foods,82.5908,OUT045,2002,,Tier 2,Supermarket Type1,922.7988,77.5908
FDX35,5.035,Regular,0.080072603,Breads,228.2036,OUT045,2002,,Tier 2,Supermarket Type1,2504.7396,223.2036
FDL21,15.85,Regular,0.007146415,Snack Foods,41.048,OUT046,1997,Small,Tier 1,Supermarket Type1,798.96,36.048
DRM37,15.35,Low Fat,0.096317593,Soft Drinks,197.3768,OUT013,1987,High,Tier 3,Supermarket Type1,3350.3056,192.3768
FDR35,12.5,Low Fat,0.020729902,Breads,197.2742,OUT049,1999,Medium,Tier 1,Supermarket Type1,3782.4098,192.2742
FDW32,18.35,Regular,0.15783357,Fruits and Vegetables,87.5882,OUT010,1998,,Tier 3,Grocery Store,171.7764,82.5882
FDY34,,Regular,0.010928678,Snack Foods,167.0842,OUT027,1985,Medium,Tier 3,Supermarket Type3,6465.5838,162.0842
FDQ44,20.5,Low Fat,0.036110222,Fruits and Vegetables,120.1756,OUT013,1987,High,Tier 3,Supermarket Type1,2059.9852,115.1756
DRD24,13.85,Low Fat,0.030842963,Soft Drinks,143.1154,OUT049,1999,Medium,Tier 1,Supermarket Type1,2552.6772,138.1154
DRE12,4.59,Low Fat,0,Soft Drinks,111.186,OUT045,2002,,Tier 2,Supermarket Type1,1245.046,106.186
NCX29,10,Low Fat,0.089078338,Health and Hygiene,147.1102,OUT013,1987,High,Tier 3,Supermarket Type1,2916.204,142.1102
FDS07,12.35,Low Fat,0.100164204,Fruits and Vegetables,113.6518,OUT018,2009,Medium,Tier 3,Supermarket Type2,1593.9252,108.6518
FDI27,,Regular,0.045763623,Dairy,43.8744,OUT027,1985,Medium,Tier 3,Supermarket Type3,1222.4088,38.8744
FDL02,20,Regular,0.10399676,Canned,107.4622,OUT013,1987,High,Tier 3,Supermarket Type1,1587.933,102.4622
FDN58,13.8,Regular,0.057104066,Snack Foods,232.6984,OUT018,2009,Medium,Tier 3,Supermarket Type2,1390.1904,227.6984
DRK12,9.5,Low Fat,0.041971264,Soft Drinks,33.39,OUT045,2002,,Tier 2,Supermarket Type1,732.38,28.39
FDC60,5.425,Regular,0.114472403,Baking Goods,88.3514,OUT046,1997,Small,Tier 1,Supermarket Type1,2833.6448,83.3514
FDV45,16.75,Low Fat,0.045117476,Snack Foods,187.9556,OUT049,1999,Medium,Tier 1,Supermarket Type1,2440.8228,182.9556
FDB23,19.2,Regular,0,Starchy Foods,223.8062,OUT045,2002,,Tier 2,Supermarket Type1,5642.655,218.8062
NCA29,10.5,Low Fat,0.02727641,Household,171.3106,OUT046,1997,Small,Tier 1,Supermarket Type1,3593.3226,166.3106
FDO20,12.85,Regular,0.152747503,Fruits and Vegetables,252.0382,OUT018,2009,Medium,Tier 3,Supermarket Type2,4037.4112,247.0382
NCH55,,Low Fat,0.060706749,Household,127.502,OUT019,1985,Small,Tier 1,Grocery Store,379.506,122.502
FDO32,6.36,Low Fat,0.120788077,Fruits and Vegetables,45.706,OUT045,2002,,Tier 2,Supermarket Type1,838.908,40.706
FDS59,,Regular,0.076851759,Breads,111.857,OUT019,1985,Small,Tier 1,Grocery Store,109.857,106.857
FDR59,14.5,Regular,0.063810405,Breads,263.2594,OUT013,1987,High,Tier 3,Supermarket Type1,2878.2534,258.2594
FDS55,7.02,Low Fat,0.081328781,Fruits and Vegetables,150.0734,OUT045,2002,,Tier 2,Supermarket Type1,4454.202,145.0734
FDT21,7.42,Low Fat,0.020387989,Snack Foods,247.1092,OUT035,2004,Small,Tier 2,Supermarket Type1,4233.1564,242.1092
NCR38,17.25,Low Fat,0.113518466,Household,253.5724,OUT046,1997,Small,Tier 1,Supermarket Type1,5033.448,248.5724
FDJ22,18.75,Low Fat,0.052917345,Snack Foods,190.6504,OUT045,2002,,Tier 2,Supermarket Type1,1342.2528,185.6504
FDB57,20.25,reg,0.018911474,Fruits and Vegetables,220.5772,OUT017,2007,,Tier 2,Supermarket Type1,2446.1492,215.5772
FDR52,12.65,Regular,0.075981306,Frozen Foods,192.3846,OUT013,1987,High,Tier 3,Supermarket Type1,1910.846,187.3846
NCO41,12.5,Low Fat,0.018848862,Health and Hygiene,96.7384,OUT046,1997,Small,Tier 1,Supermarket Type1,2167.8448,91.7384
FDG47,12.8,Low Fat,0.116527666,Starchy Foods,261.4252,OUT010,1998,,Tier 3,Grocery Store,262.3252,256.4252
FDB44,6.655,Low Fat,0,Fruits and Vegetables,212.4586,OUT017,2007,,Tier 2,Supermarket Type1,2743.7618,207.4586
FDY14,10.3,Low Fat,0.070040195,Dairy,263.0226,OUT046,1997,Small,Tier 1,Supermarket Type1,4229.1616,258.0226
NCN55,14.6,Low Fat,0.059827007,Others,239.2538,OUT017,2007,,Tier 2,Supermarket Type1,3605.307,234.2538
FDV48,9.195,Regular,0.051827123,Baking Goods,77.4644,OUT018,2009,Medium,Tier 3,Supermarket Type2,1414.1592,72.4644
FDA21,13.65,Low Fat,0.03595391,Snack Foods,185.2924,OUT035,2004,Small,Tier 2,Supermarket Type1,3146.5708,180.2924
FDZ27,7.935,Low Fat,0.017182935,Dairy,51.235,OUT049,1999,Medium,Tier 1,Supermarket Type1,848.895,46.235
FDW58,20.75,Low Fat,0.007546808,Snack Foods,104.1622,OUT013,1987,High,Tier 3,Supermarket Type1,1693.7952,99.1622
FDH45,15.1,Regular,0.105831117,Fruits and Vegetables,41.6796,OUT049,1999,Medium,Tier 1,Supermarket Type1,784.3124,36.6796
FDH38,,Low Fat,0.018275994,Canned,115.2808,OUT019,1985,Small,Tier 1,Grocery Store,117.1808,110.2808
FDL43,10.1,Low Fat,0.027064381,Meat,76.367,OUT046,1997,Small,Tier 1,Supermarket Type1,765.67,71.367
FDD38,,Regular,0,Canned,100.3674,OUT027,1985,Medium,Tier 3,Supermarket Type3,1833.6132,95.3674
FDV02,16.75,Low Fat,0.06063976,Dairy,173.0106,OUT049,1999,Medium,Tier 1,Supermarket Type1,3593.3226,168.0106
NCF31,9.13,Low Fat,0.051847425,Household,152.8024,OUT046,1997,Small,Tier 1,Supermarket Type1,1214.4192,147.8024
NCN05,8.235,Low Fat,0.014518575,Health and Hygiene,182.195,OUT018,2009,Medium,Tier 3,Supermarket Type2,2380.235,177.195
FDZ16,16.85,Regular,0.159722816,Frozen Foods,194.1478,OUT013,1987,High,Tier 3,Supermarket Type1,5812.434,189.1478
NCT18,,Low Fat,0.05911748,Household,181.5976,OUT027,1985,Medium,Tier 3,Supermarket Type3,4165.2448,176.5976
NCP50,17.35,Low Fat,0.020555958,Others,79.4618,OUT035,2004,Small,Tier 2,Supermarket Type1,1772.3596,74.4618
FDW13,,Low Fat,0.171383506,Canned,50.5324,OUT019,1985,Small,Tier 1,Grocery Store,207.7296,45.5324
NCS53,14.5,Low Fat,0.090286009,Health and Hygiene,159.9604,OUT017,2007,,Tier 2,Supermarket Type1,2218.4456,154.9604
DRG03,14.5,Low Fat,0.061986574,Dairy,153.0998,OUT046,1997,Small,Tier 1,Supermarket Type1,4921.5936,148.0998
DRE60,9.395,Low Fat,0.160235723,Soft Drinks,227.872,OUT017,2007,,Tier 2,Supermarket Type1,1584.604,222.872
FDK21,7.905,Low Fat,0.010032624,Snack Foods,248.3408,OUT045,2002,,Tier 2,Supermarket Type1,751.0224,243.3408
FDF52,,Low Fat,0.116928924,Frozen Foods,183.3292,OUT019,1985,Small,Tier 1,Grocery Store,364.8584,178.3292
NCN43,,Low Fat,0.011835436,Others,121.373,OUT019,1985,Small,Tier 1,Grocery Store,246.346,116.373
FDW13,8.5,Low Fat,0.097884718,Canned,52.5324,OUT046,1997,Small,Tier 1,Supermarket Type1,1194.4452,47.5324
FDW14,8.3,Regular,0.038204311,Dairy,87.7198,OUT035,2004,Small,Tier 2,Supermarket Type1,1831.6158,82.7198
FDG24,7.975,Low Fat,0.014631149,Baking Goods,84.525,OUT046,1997,Small,Tier 1,Supermarket Type1,416.125,79.525
FDR19,13.5,Regular,0.160044589,Fruits and Vegetables,145.4102,OUT045,2002,,Tier 2,Supermarket Type1,3499.4448,140.4102
NCG06,,Low Fat,0.02930277,Household,256.1646,OUT027,1985,Medium,Tier 3,Supermarket Type3,5926.2858,251.1646
FDK10,5.785,Regular,0.040351229,Snack Foods,181.366,OUT035,2004,Small,Tier 2,Supermarket Type1,1977.426,176.366
DRK12,9.5,LF,0.042123243,Soft Drinks,32.09,OUT017,2007,,Tier 2,Supermarket Type1,432.77,27.09
FDY55,16.75,Low Fat,0.081485126,Fruits and Vegetables,258.0988,OUT045,2002,,Tier 2,Supermarket Type1,8994.958,253.0988
FDV04,,Regular,0.149288779,Frozen Foods,158.4288,OUT027,1985,Medium,Tier 3,Supermarket Type3,2985.4472,153.4288
FDE23,17.6,Regular,0,Starchy Foods,46.006,OUT046,1997,Small,Tier 1,Supermarket Type1,326.242,41.006
FDI08,18.2,Regular,0.066567121,Fruits and Vegetables,250.2092,OUT018,2009,Medium,Tier 3,Supermarket Type2,2988.1104,245.2092
DRA12,11.6,Low Fat,0.068535039,Soft Drinks,143.0154,OUT010,1998,,Tier 3,Grocery Store,283.6308,138.0154
FDF22,6.865,Low Fat,0.057062186,Snack Foods,212.0218,OUT018,2009,Medium,Tier 3,Supermarket Type2,2350.9398,207.0218
FDQ57,7.275,Low Fat,0.027991093,Snack Foods,145.976,OUT049,1999,Medium,Tier 1,Supermarket Type1,3515.424,140.976
FDP07,18.2,Low Fat,0.089901774,Fruits and Vegetables,197.511,OUT046,1997,Small,Tier 1,Supermarket Type1,392.822,192.511
DRE37,13.5,Low Fat,0,Soft Drinks,189.1872,OUT035,2004,Small,Tier 2,Supermarket Type1,1890.872,184.1872
DRF25,9,Low Fat,0.038892859,Soft Drinks,36.119,OUT013,1987,High,Tier 3,Supermarket Type1,1098.57,31.119
DRF03,19.1,Low Fat,0.045270426,Dairy,38.8138,OUT013,1987,High,Tier 3,Supermarket Type1,731.0484,33.8138
FDN51,17.85,Regular,0.020942867,Meat,260.2936,OUT035,2004,Small,Tier 2,Supermarket Type1,4175.8976,255.2936
FDD21,10.3,Regular,0.030693756,Fruits and Vegetables,114.2176,OUT018,2009,Medium,Tier 3,Supermarket Type2,2175.8344,109.2176
NCY42,6.38,Low Fat,0.015162573,Household,145.147,OUT046,1997,Small,Tier 1,Supermarket Type1,3006.087,140.147
FDH28,,Regular,0,Frozen Foods,37.0506,OUT027,1985,Medium,Tier 3,Supermarket Type3,986.7156,32.0506
NCZ29,15,Low Fat,0.119461188,Health and Hygiene,126.3362,OUT010,1998,,Tier 3,Grocery Store,503.3448,121.3362
FDN60,15.1,Low Fat,0.095158081,Baking Goods,159.2604,OUT046,1997,Small,Tier 1,Supermarket Type1,2852.2872,154.2604
NCW06,16.2,Low Fat,0.050545502,Household,191.6162,OUT018,2009,Medium,Tier 3,Supermarket Type2,1731.7458,186.6162
NCS30,5.945,Low Fat,0.093405156,Household,129.3652,OUT018,2009,Medium,Tier 3,Supermarket Type2,4391.6168,124.3652
FDW26,11.8,Regular,0.179191782,Dairy,224.2772,OUT010,1998,,Tier 3,Grocery Store,667.1316,219.2772
FDQ01,19.7,Regular,0.160951491,Canned,256.1014,OUT049,1999,Medium,Tier 1,Supermarket Type1,3060.0168,251.1014
FDH27,,Low Fat,0.102157958,Dairy,145.0128,OUT019,1985,Small,Tier 1,Grocery Store,143.8128,140.0128
NCX41,19,Low Fat,0.017791458,Health and Hygiene,211.9244,OUT018,2009,Medium,Tier 3,Supermarket Type2,2117.244,206.9244
FDH58,12.3,Low Fat,0.036997104,Snack Foods,115.9834,OUT049,1999,Medium,Tier 1,Supermarket Type1,2073.3012,110.9834
DRB25,12.3,Low Fat,0.116261335,Soft Drinks,107.0938,OUT010,1998,,Tier 3,Grocery Store,214.3876,102.0938
FDG45,8.1,Low Fat,0.12829573,Fruits and Vegetables,210.4902,OUT045,2002,,Tier 2,Supermarket Type1,5309.755,205.4902
FDP11,15.85,Low Fat,0.069100548,Breads,216.6166,OUT046,1997,Small,Tier 1,Supermarket Type1,4136.6154,211.6166
FDV19,14.85,Regular,0.035257037,Fruits and Vegetables,161.2578,OUT046,1997,Small,Tier 1,Supermarket Type1,4171.9028,156.2578
FDT32,19,Regular,0.065633934,Fruits and Vegetables,186.5214,OUT046,1997,Small,Tier 1,Supermarket Type1,2261.0568,181.5214
NCU53,5.485,low fat,0.042743728,Health and Hygiene,166.2842,OUT035,2004,Small,Tier 2,Supermarket Type1,1989.4104,161.2842
NCA30,19,Low Fat,0.129309277,Household,188.8872,OUT035,2004,Small,Tier 2,Supermarket Type1,3592.6568,183.8872
FDH20,16.1,Regular,0,Fruits and Vegetables,98.441,OUT017,2007,,Tier 2,Supermarket Type1,868.869,93.441
DRD25,6.135,Low Fat,0,Soft Drinks,114.286,OUT046,1997,Small,Tier 1,Supermarket Type1,2376.906,109.286
FDK25,11.6,Regular,0.156802171,Breakfast,168.0474,OUT035,2004,Small,Tier 2,Supermarket Type1,4379.6324,163.0474
FDF02,16.2,Low Fat,0.103634038,Canned,101.399,OUT049,1999,Medium,Tier 1,Supermarket Type1,1031.99,96.399
FDC04,15.6,Low Fat,0.045055587,Dairy,242.3854,OUT049,1999,Medium,Tier 1,Supermarket Type1,2416.854,237.3854
FDH21,10.395,Low Fat,0.031199028,Seafood,159.4604,OUT013,1987,High,Tier 3,Supermarket Type1,316.9208,154.4604
DRG03,14.5,Low Fat,0.062239081,Dairy,154.2998,OUT018,2009,Medium,Tier 3,Supermarket Type2,1691.7978,149.2998
NCY06,15.25,Low Fat,0.06153089,Household,132.2968,OUT017,2007,,Tier 2,Supermarket Type1,1696.4584,127.2968
FDM08,10.1,Regular,0.053692878,Fruits and Vegetables,222.9088,OUT045,2002,,Tier 2,Supermarket Type1,5145.3024,217.9088
NCD31,12.1,Low Fat,0.01545846,Household,166.0526,OUT049,1999,Medium,Tier 1,Supermarket Type1,3617.9572,161.0526
FDU09,,Regular,0.06627464,Snack Foods,54.1956,OUT027,1985,Medium,Tier 3,Supermarket Type3,3002.758,49.1956
FDB49,8.3,Regular,0.030274175,Baking Goods,98.5384,OUT018,2009,Medium,Tier 3,Supermarket Type2,1872.2296,93.5384
FDQ58,7.315,Low Fat,0.015332872,Snack Foods,154.034,OUT045,2002,,Tier 2,Supermarket Type1,612.536,149.034
FDJ58,15.6,Regular,0.10589167,Snack Foods,172.6764,OUT017,2007,,Tier 2,Supermarket Type1,2920.1988,167.6764
NCN30,,LF,0.016910914,Household,96.641,OUT027,1985,Medium,Tier 3,Supermarket Type3,1544.656,91.641
FDA52,16.2,reg,0.128621941,Frozen Foods,175.537,OUT049,1999,Medium,Tier 1,Supermarket Type1,3528.74,170.537
NCN42,,Low Fat,0.014153743,Household,145.6418,OUT027,1985,Medium,Tier 3,Supermarket Type3,3825.6868,140.6418
FDF04,17.5,Low Fat,0.013637046,Frozen Foods,258.5304,OUT046,1997,Small,Tier 1,Supermarket Type1,6199.9296,253.5304
FDY15,18.25,Regular,0.171523928,Dairy,155.863,OUT018,2009,Medium,Tier 3,Supermarket Type2,2346.945,150.863
FDT03,,Low Fat,0.009950343,Meat,185.5608,OUT027,1985,Medium,Tier 3,Supermarket Type3,3307.6944,180.5608
DRL59,,Low Fat,0.037160705,Hard Drinks,54.2298,OUT019,1985,Small,Tier 1,Grocery Store,161.7894,49.2298
FDW08,12.1,Low Fat,0.148986013,Fruits and Vegetables,106.528,OUT018,2009,Medium,Tier 3,Supermarket Type2,1171.808,101.528
FDO50,16.25,Low Fat,0.078103689,Canned,91.1804,OUT013,1987,High,Tier 3,Supermarket Type1,1929.4884,86.1804
FDP26,7.785,Low Fat,0.140121306,Dairy,102.5306,OUT018,2009,Medium,Tier 3,Supermarket Type2,1358.8978,97.5306
FDX01,10.1,Low Fat,0.040446145,Canned,118.115,OUT010,1998,,Tier 3,Grocery Store,116.515,113.115
FDU22,12.35,Low Fat,0.093824276,Snack Foods,119.9124,OUT017,2007,,Tier 2,Supermarket Type1,2014.7108,114.9124
FDQ08,15.7,Regular,0.018926773,Fruits and Vegetables,60.2536,OUT035,2004,Small,Tier 2,Supermarket Type1,1163.8184,55.2536
NCN54,20.35,Low Fat,0.021322439,Household,79.1328,OUT035,2004,Small,Tier 2,Supermarket Type1,1235.7248,74.1328
FDR01,,Regular,0.05336162,Canned,200.1742,OUT027,1985,Medium,Tier 3,Supermarket Type3,6171.3002,195.1742
FDB53,,Low Fat,0.138777108,Frozen Foods,147.5392,OUT027,1985,Medium,Tier 3,Supermarket Type3,5219.872,142.5392
DRN47,12.1,Low Fat,0.016823566,Hard Drinks,178.566,OUT035,2004,Small,Tier 2,Supermarket Type1,3775.086,173.566
FDR39,20.35,Low Fat,0.083799283,Meat,184.1292,OUT046,1997,Small,Tier 1,Supermarket Type1,2189.1504,179.1292
NCL30,18.1,Low Fat,0.048940428,Household,127.5336,OUT046,1997,Small,Tier 1,Supermarket Type1,1789.6704,122.5336
FDT02,12.6,LF,0.02429329,Dairy,33.4874,OUT018,2009,Medium,Tier 3,Supermarket Type2,105.8622,28.4874
FDT25,7.5,Low Fat,0.050829881,Canned,122.7072,OUT049,1999,Medium,Tier 1,Supermarket Type1,1470.0864,117.7072
FDH53,20.5,Regular,0,Frozen Foods,83.2592,OUT017,2007,,Tier 2,Supermarket Type1,1155.8288,78.2592
DRB48,16.75,Regular,0.024994069,Soft Drinks,37.4822,OUT017,2007,,Tier 2,Supermarket Type1,549.9508,32.4822
FDX16,17.85,Low Fat,0.110152524,Frozen Foods,150.205,OUT010,1998,,Tier 3,Grocery Store,149.805,145.205
FDH48,13.5,Low Fat,0.060603014,Baking Goods,85.554,OUT045,2002,,Tier 2,Supermarket Type1,1731.08,80.554
FDF20,12.85,Low Fat,0.033192524,Fruits and Vegetables,199.0768,OUT013,1987,High,Tier 3,Supermarket Type1,3153.2288,194.0768
FDJ03,12.35,Regular,0.121174241,Dairy,47.8692,OUT010,1998,,Tier 3,Grocery Store,49.2692,42.8692
DRJ35,10.1,Low Fat,0.046848053,Hard Drinks,60.6878,OUT017,2007,,Tier 2,Supermarket Type1,363.5268,55.6878
NCN17,11,Low Fat,0.05489331,Health and Hygiene,101.9358,OUT013,1987,High,Tier 3,Supermarket Type1,1105.8938,96.9358
FDN09,14.15,Low Fat,0.034868095,Snack Foods,243.7828,OUT035,2004,Small,Tier 2,Supermarket Type1,6579.4356,238.7828
NCR30,20.6,Low Fat,0.070933894,Household,74.8696,OUT013,1987,High,Tier 3,Supermarket Type1,223.7088,69.8696
FDW23,5.765,Low Fat,0.0821398,Baking Goods,37.2164,OUT049,1999,Medium,Tier 1,Supermarket Type1,579.246,32.2164
DRN35,8.01,Low Fat,0.117580062,Hard Drinks,36.6532,OUT010,1998,,Tier 3,Grocery Store,71.9064,31.6532
FDL08,10.8,Low Fat,0.049819857,Fruits and Vegetables,243.2144,OUT045,2002,,Tier 2,Supermarket Type1,1225.072,238.2144
DRL35,15.7,Low Fat,0.030877303,Hard Drinks,42.177,OUT017,2007,,Tier 2,Supermarket Type1,735.709,37.177
NCS42,8.6,Low Fat,0.069524391,Household,91.8146,OUT049,1999,Medium,Tier 1,Supermarket Type1,2371.5796,86.8146
NCY29,,Low Fat,0.076860103,Health and Hygiene,55.993,OUT027,1985,Medium,Tier 3,Supermarket Type3,1471.418,50.993
FDO32,6.36,Low Fat,0.121034655,Fruits and Vegetables,47.506,OUT018,2009,Medium,Tier 3,Supermarket Type2,1071.938,42.506
NCU17,5.32,Low Fat,0.092865746,Health and Hygiene,100.6674,OUT035,2004,Small,Tier 2,Supermarket Type1,2648.5524,95.6674
FDY03,,Regular,0.075753207,Meat,111.1202,OUT027,1985,Medium,Tier 3,Supermarket Type3,3150.5656,106.1202
NCI30,,Low Fat,0.103188491,Household,244.346,OUT019,1985,Small,Tier 1,Grocery Store,246.346,239.346
FDI04,,Regular,0.072559351,Frozen Foods,199.3426,OUT027,1985,Medium,Tier 3,Supermarket Type3,3757.1094,194.3426
FDC35,7.435,Low Fat,0.122735471,Starchy Foods,205.2638,OUT013,1987,High,Tier 3,Supermarket Type1,3520.0846,200.2638
FDN38,6.615,Regular,0.091971856,Canned,251.6408,OUT046,1997,Small,Tier 1,Supermarket Type1,6008.1792,246.6408
FDJ48,11.3,LF,0.056434817,Baking Goods,247.8118,OUT046,1997,Small,Tier 1,Supermarket Type1,2964.1416,242.8118
FDH57,10.895,Low Fat,0.035740763,Fruits and Vegetables,131.9284,OUT035,2004,Small,Tier 2,Supermarket Type1,659.142,126.9284
FDI40,11.5,Regular,0.125602951,Frozen Foods,100.8358,OUT046,1997,Small,Tier 1,Supermarket Type1,2111.2518,95.8358
FDF50,,Low Fat,0.116762173,Canned,198.9768,OUT027,1985,Medium,Tier 3,Supermarket Type3,4729.8432,193.9768
FDA07,7.55,Regular,0.030918873,Fruits and Vegetables,123.9072,OUT013,1987,High,Tier 3,Supermarket Type1,1102.5648,118.9072
FDZ60,20.5,Low Fat,0.119848041,Baking Goods,109.4596,OUT018,2009,Medium,Tier 3,Supermarket Type2,431.4384,104.4596
FDW38,5.325,Regular,0.139464425,Dairy,53.2298,OUT017,2007,,Tier 2,Supermarket Type1,1240.3854,48.2298
NCF55,6.675,LF,0.021666335,Household,33.3874,OUT046,1997,Small,Tier 1,Supermarket Type1,1235.059,28.3874
FDR37,16.5,Regular,0.066249551,Breakfast,183.3292,OUT046,1997,Small,Tier 1,Supermarket Type1,2006.7212,178.3292
FDZ33,10.195,Low Fat,0.107564024,Snack Foods,149.0076,OUT049,1999,Medium,Tier 1,Supermarket Type1,1182.4608,144.0076
FDV01,19.2,Regular,0.085122855,Canned,155.4314,OUT045,2002,,Tier 2,Supermarket Type1,3568.0222,150.4314
FDI02,15.7,Regular,0.115031783,Canned,114.1202,OUT018,2009,Medium,Tier 3,Supermarket Type2,787.6414,109.1202
DRH25,18.7,Low Fat,0.014580886,Soft Drinks,50.2324,OUT013,1987,High,Tier 3,Supermarket Type1,623.1888,45.2324
NCY29,13.65,Low Fat,0.077548732,Health and Hygiene,55.093,OUT018,2009,Medium,Tier 3,Supermarket Type2,452.744,50.093
FDR04,,Low Fat,0.022457694,Frozen Foods,98.6068,OUT027,1985,Medium,Tier 3,Supermarket Type3,2430.17,93.6068
FDR44,6.11,reg,0.103129612,Fruits and Vegetables,129.5968,OUT045,2002,,Tier 2,Supermarket Type1,2348.9424,124.5968
FDJ41,6.85,Low Fat,0.023012718,Frozen Foods,262.0594,OUT017,2007,,Tier 2,Supermarket Type1,1569.9564,257.0594
FDL43,,Low Fat,0.026933321,Meat,78.467,OUT027,1985,Medium,Tier 3,Supermarket Type3,3292.381,73.467
FDB21,7.475,Low Fat,0.149360698,Fruits and Vegetables,243.4854,OUT017,2007,,Tier 2,Supermarket Type1,1691.7978,238.4854
NCU42,9,Low Fat,0.019586115,Household,170.2474,OUT018,2009,Medium,Tier 3,Supermarket Type2,4211.185,165.2474
FDY21,15.1,Low Fat,0,Snack Foods,195.211,OUT013,1987,High,Tier 3,Supermarket Type1,3142.576,190.211
FDK58,11.35,Regular,0,Snack Foods,101.5016,OUT046,1997,Small,Tier 1,Supermarket Type1,202.4032,96.5016
DRD13,15,Low Fat,0.049155769,Soft Drinks,65.2168,OUT049,1999,Medium,Tier 1,Supermarket Type1,958.752,60.2168
FDU35,6.44,Low Fat,0,Breads,98.27,OUT046,1997,Small,Tier 1,Supermarket Type1,2396.88,93.27
FDX23,6.445,Low Fat,0.049697923,Baking Goods,95.0436,OUT010,1998,,Tier 3,Grocery Store,94.5436,90.0436
FDQ39,14.8,Low Fat,0.081206491,Meat,189.2846,OUT045,2002,,Tier 2,Supermarket Type1,1719.7614,184.2846
FDR31,,Regular,0.048924811,Fruits and Vegetables,147.4102,OUT027,1985,Medium,Tier 3,Supermarket Type3,3207.8244,142.4102
FDS28,8.18,Regular,0.082386011,Frozen Foods,56.6588,OUT035,2004,Small,Tier 2,Supermarket Type1,687.1056,51.6588
DRN36,15.2,Low Fat,0.050279604,Soft Drinks,94.1752,OUT045,2002,,Tier 2,Supermarket Type1,2109.2544,89.1752
FDX60,,LF,0.080203852,Baking Goods,77.996,OUT027,1985,Medium,Tier 3,Supermarket Type3,2716.464,72.996
NCB54,8.76,Low Fat,0.050335829,Health and Hygiene,126.2336,OUT017,2007,,Tier 2,Supermarket Type1,1406.1696,121.2336
FDC15,18.1,Low Fat,0.178694026,Dairy,158.9288,OUT018,2009,Medium,Tier 3,Supermarket Type2,1571.288,153.9288
NCP17,,Low Fat,0.027580163,Health and Hygiene,62.2168,OUT027,1985,Medium,Tier 3,Supermarket Type3,1661.8368,57.2168
FDY39,5.305,Regular,0.04710181,Meat,181.8608,OUT049,1999,Medium,Tier 1,Supermarket Type1,4594.02,176.8608
FDH33,12.85,LF,0.121914662,Snack Foods,43.5428,OUT049,1999,Medium,Tier 1,Supermarket Type1,615.1992,38.5428
FDG09,,Regular,0.047704151,Fruits and Vegetables,187.2556,OUT027,1985,Medium,Tier 3,Supermarket Type3,4506.1344,182.2556
FDO10,,Regular,0.01268995,Snack Foods,56.4588,OUT027,1985,Medium,Tier 3,Supermarket Type3,973.3996,51.4588
FDD39,,Low Fat,0.06981517,Dairy,214.385,OUT027,1985,Medium,Tier 3,Supermarket Type3,4327.7,209.385
FDJ09,15,Low Fat,0.058513255,Snack Foods,46.9744,OUT045,2002,,Tier 2,Supermarket Type1,679.116,41.9744
DRQ35,9.3,Low Fat,0.042357203,Hard Drinks,123.2388,OUT049,1999,Medium,Tier 1,Supermarket Type1,1857.582,118.2388
FDV38,19.25,Low Fat,0.101932076,Dairy,54.5956,OUT049,1999,Medium,Tier 1,Supermarket Type1,764.3384,49.5956
FDJ60,19.35,Regular,0.062476391,Baking Goods,164.5184,OUT013,1987,High,Tier 3,Supermarket Type1,1651.184,159.5184
FDJ15,11.35,Regular,0.023454399,Dairy,181.9608,OUT017,2007,,Tier 2,Supermarket Type1,1653.8472,176.9608
FDR08,18.7,Low Fat,0.037681448,Fruits and Vegetables,111.0886,OUT049,1999,Medium,Tier 1,Supermarket Type1,222.3772,106.0886
FDZ55,6.055,Low Fat,0.025408702,Fruits and Vegetables,160.892,OUT046,1997,Small,Tier 1,Supermarket Type1,2396.88,155.892
FDL10,8.395,Low Fat,0.039572298,Snack Foods,100.9042,OUT045,2002,,Tier 2,Supermarket Type1,1686.4714,95.9042
FDJ34,,Regular,0.093202196,Snack Foods,125.5704,OUT027,1985,Medium,Tier 3,Supermarket Type3,1001.3632,120.5704
FDW60,,Regular,0.016979326,Baking Goods,177.037,OUT027,1985,Medium,Tier 3,Supermarket Type3,3352.303,172.037
FDK08,9.195,Regular,0.122304725,Fruits and Vegetables,99.2016,OUT046,1997,Small,Tier 1,Supermarket Type1,809.6128,94.2016
NCE42,21.1,Low Fat,0.010600287,Household,233.9958,OUT035,2004,Small,Tier 2,Supermarket Type1,1869.5664,228.9958
FDR39,20.35,Low Fat,0.084273286,Meat,181.7292,OUT017,2007,,Tier 2,Supermarket Type1,4013.4424,176.7292
NCN17,11,Low Fat,0.055162827,Health and Hygiene,100.3358,OUT018,2009,Medium,Tier 3,Supermarket Type2,904.8222,95.3358
NCR05,10.1,Low Fat,0.054741627,Health and Hygiene,200.2084,OUT045,2002,,Tier 2,Supermarket Type1,3174.5344,195.2084
FDV48,,Regular,0.051366901,Baking Goods,77.0644,OUT027,1985,Medium,Tier 3,Supermarket Type3,3221.1404,72.0644
DRF27,8.93,Low Fat,0.028533032,Dairy,151.434,OUT018,2009,Medium,Tier 3,Supermarket Type2,1225.072,146.434
NCF07,9,Low Fat,0.032072321,Household,102.2016,OUT049,1999,Medium,Tier 1,Supermarket Type1,1416.8224,97.2016
FDF40,20.25,Regular,0.022507877,Dairy,248.1092,OUT035,2004,Small,Tier 2,Supermarket Type1,4731.1748,243.1092
FDO28,5.765,Low Fat,0.072410764,Frozen Foods,122.5098,OUT049,1999,Medium,Tier 1,Supermarket Type1,1084.5882,117.5098
FDB23,19.2,Regular,0.005611367,Starchy Foods,226.2062,OUT018,2009,Medium,Tier 3,Supermarket Type2,1579.9434,221.2062
FDV48,9.195,Regular,0.051697108,Baking Goods,79.2644,OUT049,1999,Medium,Tier 1,Supermarket Type1,864.2084,74.2644
FDM45,8.655,Regular,0.08819473,Snack Foods,119.6756,OUT046,1997,Small,Tier 1,Supermarket Type1,2423.512,114.6756
FDC16,11.5,Regular,0.020611526,Dairy,84.954,OUT045,2002,,Tier 2,Supermarket Type1,865.54,79.954
DRE25,,Low Fat,0.072928316,Soft Drinks,94.412,OUT027,1985,Medium,Tier 3,Supermarket Type3,1304.968,89.412
FDY35,17.6,Regular,0.0160526,Breads,43.9402,OUT049,1999,Medium,Tier 1,Supermarket Type1,1286.3256,38.9402
FDR22,19.35,Regular,0.018600249,Snack Foods,110.2544,OUT045,2002,,Tier 2,Supermarket Type1,2908.2144,105.2544
FDZ10,17.85,Low Fat,0.04453262,Snack Foods,127.202,OUT049,1999,Medium,Tier 1,Supermarket Type1,2656.542,122.202
FDY15,,Regular,0.299097859,Dairy,157.863,OUT019,1985,Small,Tier 1,Grocery Store,469.389,152.863
DRA24,19.35,Regular,0.039895009,Soft Drinks,162.4868,OUT013,1987,High,Tier 3,Supermarket Type1,4422.2436,157.4868
FDV37,13,Regular,0.083683243,Canned,198.5426,OUT045,2002,,Tier 2,Supermarket Type1,1186.4556,193.5426
FDO10,13.65,Regular,0.012749289,Snack Foods,58.8588,OUT035,2004,Small,Tier 2,Supermarket Type1,973.3996,53.8588
FDR59,,Regular,0.063554289,Breads,263.6594,OUT027,1985,Medium,Tier 3,Supermarket Type3,3401.5722,258.6594
FDR34,17,Regular,0.016030344,Snack Foods,228.0352,OUT018,2009,Medium,Tier 3,Supermarket Type2,2748.4224,223.0352
FDG16,15.25,Low Fat,0.090324849,Frozen Foods,214.4192,OUT017,2007,,Tier 2,Supermarket Type1,4961.5416,209.4192
FDO03,,Regular,0.03670437,Meat,228.1352,OUT027,1985,Medium,Tier 3,Supermarket Type3,9390.4432,223.1352
FDC09,15.5,Regular,0.026342897,Fruits and Vegetables,104.1332,OUT049,1999,Medium,Tier 1,Supermarket Type1,1230.3984,99.1332
FDJ52,7.145,Low Fat,0.017783501,Frozen Foods,159.4578,OUT035,2004,Small,Tier 2,Supermarket Type1,3209.156,154.4578
FDL33,7.235,Low Fat,0.167316771,Snack Foods,197.5452,OUT010,1998,,Tier 3,Grocery Store,195.7452,192.5452
FDJ53,10.5,Low Fat,0.071660976,Frozen Foods,119.7098,OUT017,2007,,Tier 2,Supermarket Type1,2410.196,114.7098
FDX08,,Low Fat,0.039576776,Fruits and Vegetables,179.9318,OUT019,1985,Small,Tier 1,Grocery Store,360.8636,174.9318
FDK32,16.25,Regular,0.049074897,Fruits and Vegetables,154.2682,OUT045,2002,,Tier 2,Supermarket Type1,3354.3004,149.2682
FDM20,10,Low Fat,0.038904624,Fruits and Vegetables,245.4144,OUT017,2007,,Tier 2,Supermarket Type1,6615.3888,240.4144
NCJ42,19.75,Low Fat,0.01438222,Household,102.2332,OUT017,2007,,Tier 2,Supermarket Type1,3075.996,97.2332
FDI50,8.42,Regular,0.030968306,Canned,227.8352,OUT018,2009,Medium,Tier 3,Supermarket Type2,3435.528,222.8352
FDZ15,13.1,Low Fat,0,Dairy,117.8782,OUT035,2004,Small,Tier 2,Supermarket Type1,2741.0986,112.8782
NCK18,9.6,Low Fat,0,Household,164.2184,OUT045,2002,,Tier 2,Supermarket Type1,1981.4208,159.2184
FDW33,9.395,Low Fat,0.099681254,Snack Foods,106.428,OUT017,2007,,Tier 2,Supermarket Type1,1917.504,101.428
NCT05,10.895,LF,0.021037197,Health and Hygiene,255.9672,OUT018,2009,Medium,Tier 3,Supermarket Type2,4857.6768,250.9672
FDZ16,,Regular,0.279886948,Frozen Foods,193.1478,OUT019,1985,Small,Tier 1,Grocery Store,387.4956,188.1478
NCV17,18.85,Low Fat,0.016107549,Health and Hygiene,129.7626,OUT046,1997,Small,Tier 1,Supermarket Type1,3016.7398,124.7626
FDE34,9.195,Low Fat,0.108330902,Snack Foods,183.6634,OUT018,2009,Medium,Tier 3,Supermarket Type2,2726.451,178.6634
FDH44,19.1,Regular,0.025924623,Fruits and Vegetables,148.0418,OUT045,2002,,Tier 2,Supermarket Type1,3825.6868,143.0418
NCK06,5.03,Low Fat,0.008664064,Household,119.3756,OUT045,2002,,Tier 2,Supermarket Type1,605.878,114.3756
FDS46,17.6,Regular,0.047330801,Snack Foods,120.8782,OUT049,1999,Medium,Tier 1,Supermarket Type1,2621.9204,115.8782
NCO42,21.25,Low Fat,0.024756031,Household,146.7102,OUT018,2009,Medium,Tier 3,Supermarket Type2,1603.9122,141.7102
FDL13,13.85,Regular,0.056406129,Breakfast,231.43,OUT049,1999,Medium,Tier 1,Supermarket Type1,3029.39,226.43
FDK14,6.98,Low Fat,0.0413383,Canned,83.3934,OUT017,2007,,Tier 2,Supermarket Type1,491.3604,78.3934
FDX13,7.725,Low Fat,0.047879864,Canned,250.2092,OUT045,2002,,Tier 2,Supermarket Type1,3984.1472,245.2092
DRI47,14.7,Low Fat,0.021005399,Hard Drinks,144.5128,OUT018,2009,Medium,Tier 3,Supermarket Type2,2588.6304,139.5128
FDG22,17.6,Regular,0.041615224,Snack Foods,37.219,OUT017,2007,,Tier 2,Supermarket Type1,366.19,32.219
FDA13,15.85,Low Fat,0.07867708,Canned,37.8506,OUT049,1999,Medium,Tier 1,Supermarket Type1,341.5554,32.8506
FDE46,18.6,Low Fat,0.015769693,Snack Foods,152.1366,OUT046,1997,Small,Tier 1,Supermarket Type1,1813.6392,147.1366
FDX25,16.7,Low Fat,0.102633047,Canned,180.8292,OUT017,2007,,Tier 2,Supermarket Type1,3466.1548,175.8292
FDC58,10.195,Low Fat,0.04217956,Snack Foods,44.2428,OUT017,2007,,Tier 2,Supermarket Type1,703.0848,39.2428
NCA42,6.965,Low Fat,0.028710065,Household,158.1604,OUT017,2007,,Tier 2,Supermarket Type1,2693.8268,153.1604
FDV01,19.2,Regular,0.085082648,Canned,153.5314,OUT049,1999,Medium,Tier 1,Supermarket Type1,2171.8396,148.5314
FDU24,6.78,reg,0.140163038,Baking Goods,94.212,OUT046,1997,Small,Tier 1,Supermarket Type1,1025.332,89.212
FDO51,6.785,Regular,0.042153502,Meat,44.0112,OUT018,2009,Medium,Tier 3,Supermarket Type2,340.8896,39.0112
NCN14,19.1,Low Fat,0.15385153,Others,185.1608,OUT010,1998,,Tier 3,Grocery Store,551.2824,180.1608
FDT37,,Low Fat,0.061753511,Canned,253.3014,OUT019,1985,Small,Tier 1,Grocery Store,510.0028,248.3014
FDY09,15.6,Low Fat,0.042179884,Snack Foods,174.7054,OUT010,1998,,Tier 3,Grocery Store,175.1054,169.7054
NCG06,16.35,Low Fat,0.029420857,Household,256.9646,OUT013,1987,High,Tier 3,Supermarket Type1,4637.9628,251.9646
FDG40,13.65,Low Fat,0.066657791,Frozen Foods,32.6558,OUT010,1998,,Tier 3,Grocery Store,67.9116,27.6558
FDQ47,7.155,Regular,0.168154574,Breads,33.7874,OUT035,2004,Small,Tier 2,Supermarket Type1,882.185,28.7874
DRH59,10.8,LF,0.097805615,Hard Drinks,73.938,OUT010,1998,,Tier 3,Grocery Store,73.238,68.938
FDH48,13.5,Low Fat,0.06082246,Baking Goods,85.154,OUT017,2007,,Tier 2,Supermarket Type1,605.878,80.154
FDE34,9.195,Low Fat,0.107870997,Snack Foods,181.2634,OUT035,2004,Small,Tier 2,Supermarket Type1,2362.9242,176.2634
NCM05,6.825,Low Fat,0.059940022,Health and Hygiene,262.4226,OUT049,1999,Medium,Tier 1,Supermarket Type1,3964.839,257.4226
FDU55,16.2,Low Fat,0.035967107,Fruits and Vegetables,260.3278,OUT049,1999,Medium,Tier 1,Supermarket Type1,7549.5062,255.3278
FDS60,20.85,Low Fat,0.032442388,Baking Goods,178.366,OUT035,2004,Small,Tier 2,Supermarket Type1,4673.916,173.366
FDZ32,7.785,Regular,0,Fruits and Vegetables,106.4964,OUT013,1987,High,Tier 3,Supermarket Type1,1577.946,101.4964
FDP12,9.8,Regular,0.045358609,Baking Goods,36.1874,OUT045,2002,,Tier 2,Supermarket Type1,423.4488,31.1874
NCL31,,Low Fat,0.119698523,Others,143.047,OUT027,1985,Medium,Tier 3,Supermarket Type3,3578.675,138.047
FDR32,,Regular,0.150238656,Fruits and Vegetables,229.3694,OUT019,1985,Small,Tier 1,Grocery Store,228.3694,224.3694
FDL08,,Low Fat,0.049478259,Fruits and Vegetables,245.4144,OUT027,1985,Medium,Tier 3,Supermarket Type3,3675.216,240.4144
FDY34,10.5,Regular,0.010998932,Snack Foods,164.3842,OUT049,1999,Medium,Tier 1,Supermarket Type1,1823.6262,159.3842
DRG23,8.88,Low Fat,0,Hard Drinks,154.0682,OUT018,2009,Medium,Tier 3,Supermarket Type2,2896.8958,149.0682
FDD04,16,Low Fat,0.08989642,Dairy,143.4154,OUT013,1987,High,Tier 3,Supermarket Type1,1985.4156,138.4154
FDX37,16.2,Low Fat,0.063385859,Canned,98.17,OUT017,2007,,Tier 2,Supermarket Type1,2696.49,93.17
FDM09,11.15,Regular,0.086281593,Snack Foods,170.579,OUT018,2009,Medium,Tier 3,Supermarket Type2,1358.232,165.579
FDA52,16.2,Regular,0.128315409,Frozen Foods,178.137,OUT013,1987,High,Tier 3,Supermarket Type1,3881.614,173.137
NCV41,14.35,Low Fat,0.017108186,Health and Hygiene,110.3228,OUT018,2009,Medium,Tier 3,Supermarket Type2,552.614,105.3228
FDB20,7.72,LF,0.051970838,Fruits and Vegetables,79.7986,OUT035,2004,Small,Tier 2,Supermarket Type1,2336.958,74.7986
FDD28,10.695,Low Fat,0,Frozen Foods,60.5904,OUT017,2007,,Tier 2,Supermarket Type1,410.1328,55.5904
FDI38,13.35,Regular,0.024482433,Canned,205.7638,OUT010,1998,,Tier 3,Grocery Store,621.1914,200.7638
FDA28,16.1,Regular,0.047792845,Frozen Foods,126.1362,OUT035,2004,Small,Tier 2,Supermarket Type1,3271.7412,121.1362
FDB32,,Low Fat,0.023339367,Fruits and Vegetables,94.8778,OUT027,1985,Medium,Tier 3,Supermarket Type3,4036.7454,89.8778
NCS54,13.6,Low Fat,0.009991273,Household,175.537,OUT035,2004,Small,Tier 2,Supermarket Type1,3705.177,170.537
NCA17,20.6,Low Fat,0.045675104,Health and Hygiene,150.9392,OUT017,2007,,Tier 2,Supermarket Type1,4026.7584,145.9392
FDR14,11.65,Low Fat,0.173904193,Dairy,52.3298,OUT013,1987,High,Tier 3,Supermarket Type1,269.649,47.3298
FDS58,9.285,Regular,0.021039273,Snack Foods,160.0578,OUT049,1999,Medium,Tier 1,Supermarket Type1,2567.3248,155.0578
FDU08,10.3,Low Fat,0.027426689,Fruits and Vegetables,97.3042,OUT018,2009,Medium,Tier 3,Supermarket Type2,694.4294,92.3042
FDI60,7.22,Regular,0.064141866,Baking Goods,61.251,OUT010,1998,,Tier 3,Grocery Store,126.502,56.251
FDU40,20.85,Low Fat,0.037556341,Frozen Foods,195.3478,OUT018,2009,Medium,Tier 3,Supermarket Type2,1937.478,190.3478
FDX46,,Regular,0.057835325,Snack Foods,57.5562,OUT027,1985,Medium,Tier 3,Supermarket Type3,2548.0166,52.5562
FDG41,8.84,Regular,0.076995176,Frozen Foods,112.0228,OUT017,2007,,Tier 2,Supermarket Type1,1215.7508,107.0228
FDD14,,LF,0.297312685,Canned,185.4266,OUT019,1985,Small,Tier 1,Grocery Store,368.8532,180.4266
FDX45,,Low Fat,0.104348025,Snack Foods,156.263,OUT027,1985,Medium,Tier 3,Supermarket Type3,4850.353,151.263
NCN30,16.35,Low Fat,0.016989991,Household,98.541,OUT035,2004,Small,Tier 2,Supermarket Type1,772.328,93.541
DRH13,8.575,Low Fat,0.023885957,Soft Drinks,106.628,OUT046,1997,Small,Tier 1,Supermarket Type1,958.752,101.628
NCP30,20.5,Low Fat,0.032954044,Household,39.3822,OUT017,2007,,Tier 2,Supermarket Type1,314.2576,34.3822
FDT52,9.695,Regular,0.047429578,Frozen Foods,245.8144,OUT046,1997,Small,Tier 1,Supermarket Type1,3430.2016,240.8144
FDS36,8.38,Regular,0.047152554,Baking Goods,110.157,OUT017,2007,,Tier 2,Supermarket Type1,3185.853,105.157
FDB03,17.75,Regular,0.157470693,Dairy,239.1538,OUT018,2009,Medium,Tier 3,Supermarket Type2,4326.3684,234.1538
FDO09,13.5,Regular,0.125274674,Snack Foods,262.191,OUT046,1997,Small,Tier 1,Supermarket Type1,2366.919,257.191
FDD28,,Low Fat,0.053038775,Frozen Foods,59.5904,OUT027,1985,Medium,Tier 3,Supermarket Type3,1640.5312,54.5904
FDF08,14.3,Regular,0.065339802,Fruits and Vegetables,89.1856,OUT045,2002,,Tier 2,Supermarket Type1,1845.5976,84.1856
FDB49,8.3,Regular,0.05046718,Baking Goods,97.6384,OUT010,1998,,Tier 3,Grocery Store,197.0768,92.6384
FDB08,6.055,Low Fat,0,Fruits and Vegetables,162.3578,OUT035,2004,Small,Tier 2,Supermarket Type1,1604.578,157.3578
NCP06,20.7,Low Fat,0.039306822,Household,150.7366,OUT049,1999,Medium,Tier 1,Supermarket Type1,3325.0052,145.7366
FDH28,15.85,Regular,0.110254143,Frozen Foods,37.3506,OUT045,2002,,Tier 2,Supermarket Type1,341.5554,32.3506
FDU20,,Regular,0.037569401,Fruits and Vegetables,120.7098,OUT019,1985,Small,Tier 1,Grocery Store,361.5294,115.7098
DRB25,12.3,Low Fat,0.069852615,Soft Drinks,107.4938,OUT017,2007,,Tier 2,Supermarket Type1,2358.2636,102.4938
NCM30,19.1,Low Fat,0.067676056,Household,40.8796,OUT017,2007,,Tier 2,Supermarket Type1,371.5164,35.8796
FDU57,8.27,Regular,0.149895348,Snack Foods,152.0708,OUT010,1998,,Tier 3,Grocery Store,451.4124,147.0708
FDF56,,Regular,0.209162936,Fruits and Vegetables,179.1976,OUT019,1985,Small,Tier 1,Grocery Store,543.2928,174.1976
NCT30,9.1,Low Fat,0.080277707,Household,47.2718,OUT035,2004,Small,Tier 2,Supermarket Type1,850.8924,42.2718
FDX15,17.2,Low Fat,0.156935553,Meat,160.6578,OUT018,2009,Medium,Tier 3,Supermarket Type2,1925.4936,155.6578
FDX58,13.15,low fat,0.044011225,Snack Foods,181.295,OUT017,2007,,Tier 2,Supermarket Type1,4028.09,176.295
FDQ08,15.7,Regular,0.031685529,Fruits and Vegetables,63.1536,OUT010,1998,,Tier 3,Grocery Store,122.5072,58.1536
DRL23,18.35,Low Fat,0.015291576,Hard Drinks,106.1938,OUT013,1987,High,Tier 3,Supermarket Type1,1607.907,101.1938
FDA25,16.5,Regular,0.068112874,Canned,104.599,OUT035,2004,Small,Tier 2,Supermarket Type1,2889.572,99.599
FDV09,12.1,Low Fat,0.020600553,Snack Foods,147.5734,OUT049,1999,Medium,Tier 1,Supermarket Type1,3414.8882,142.5734
FDQ46,7.51,Low Fat,0.10423592,Snack Foods,111.7544,OUT018,2009,Medium,Tier 3,Supermarket Type2,2460.7968,106.7544
FDH41,,Low Fat,0.081614376,Frozen Foods,214.7534,OUT027,1985,Medium,Tier 3,Supermarket Type3,5806.4418,209.7534
FDY20,12.5,Regular,0.082215187,Fruits and Vegetables,91.4488,OUT017,2007,,Tier 2,Supermarket Type1,1086.5856,86.4488
FDO37,8.06,Low Fat,0.021372636,Breakfast,231.7326,OUT035,2004,Small,Tier 2,Supermarket Type1,5313.7498,226.7326
FDZ55,6.055,Low Fat,0.025460232,Fruits and Vegetables,160.892,OUT045,2002,,Tier 2,Supermarket Type1,1917.504,155.892
FDS32,,Regular,0.029510313,Fruits and Vegetables,141.9838,OUT027,1985,Medium,Tier 3,Supermarket Type3,4354.9978,136.9838
FDV50,14.3,Low Fat,0.122761775,Dairy,124.373,OUT049,1999,Medium,Tier 1,Supermarket Type1,2093.941,119.373
NCV30,20.2,Low Fat,0.066065799,Household,61.351,OUT045,2002,,Tier 2,Supermarket Type1,1201.769,56.351
FDP16,18.6,Low Fat,0.039454924,Frozen Foods,244.0802,OUT018,2009,Medium,Tier 3,Supermarket Type2,3193.8426,239.0802
FDW39,6.69,Regular,0.036910398,Meat,175.037,OUT046,1997,Small,Tier 1,Supermarket Type1,2117.244,170.037
FDN39,19.35,Regular,0,Meat,169.0816,OUT013,1987,High,Tier 3,Supermarket Type1,3523.4136,164.0816
FDV55,17.75,Low Fat,0.055159054,Fruits and Vegetables,145.6444,OUT049,1999,Medium,Tier 1,Supermarket Type1,2467.4548,140.6444
FDZ20,16.1,Low Fat,0.034300475,Fruits and Vegetables,253.2356,OUT035,2004,Small,Tier 2,Supermarket Type1,5849.7188,248.2356
FDK02,12.5,Low Fat,0.112399145,Canned,120.444,OUT049,1999,Medium,Tier 1,Supermarket Type1,1438.128,115.444
FDK10,5.785,Regular,0.040523265,Snack Foods,177.866,OUT018,2009,Medium,Tier 3,Supermarket Type2,4853.682,172.866
NCQ41,14.8,Low Fat,0.019559746,Health and Hygiene,193.7794,OUT018,2009,Medium,Tier 3,Supermarket Type2,2926.191,188.7794
FDA11,7.75,Low Fat,0.043483398,Baking Goods,94.3436,OUT017,2007,,Tier 2,Supermarket Type1,2363.59,89.3436
FDN13,18.6,Low Fat,0.152366659,Breakfast,98.5358,OUT045,2002,,Tier 2,Supermarket Type1,1306.9654,93.5358
NCA42,6.965,Low Fat,0.047784475,Household,158.8604,OUT010,1998,,Tier 3,Grocery Store,316.9208,153.8604
NCX30,16.7,Low Fat,0.026598474,Household,245.8776,OUT013,1987,High,Tier 3,Supermarket Type1,4210.5192,240.8776
FDL10,,Low Fat,0.039300964,Snack Foods,99.5042,OUT027,1985,Medium,Tier 3,Supermarket Type3,1884.8798,94.5042
FDQ33,13.35,Low Fat,0.091348964,Snack Foods,150.3708,OUT049,1999,Medium,Tier 1,Supermarket Type1,4363.6532,145.3708
NCE42,21.1,Low Fat,0.010602292,Household,235.3958,OUT046,1997,Small,Tier 1,Supermarket Type1,3271.7412,230.3958
FDH58,12.3,Low Fat,0,Snack Foods,116.4834,OUT018,2009,Medium,Tier 3,Supermarket Type2,1842.9344,111.4834
FDF33,7.97,Low Fat,0.021579162,Seafood,105.9596,OUT045,2002,,Tier 2,Supermarket Type1,2049.3324,100.9596
DRK49,14.15,Low Fat,0.03593692,Soft Drinks,41.0138,OUT035,2004,Small,Tier 2,Supermarket Type1,771.6622,36.0138
NCK19,9.8,Low Fat,0.09046564,Others,193.6478,OUT046,1997,Small,Tier 1,Supermarket Type1,3099.9648,188.6478
FDT24,,Regular,0,Baking Goods,75.9328,OUT027,1985,Medium,Tier 3,Supermarket Type3,3012.0792,70.9328
FDI57,19.85,Low Fat,0.054245722,Seafood,196.0768,OUT018,2009,Medium,Tier 3,Supermarket Type2,5518.1504,191.0768
NCQ06,,Low Fat,0.041621987,Household,253.6014,OUT027,1985,Medium,Tier 3,Supermarket Type3,6630.0364,248.6014
FDB16,8.21,Low Fat,0.044888397,Dairy,87.3198,OUT013,1987,High,Tier 3,Supermarket Type1,610.5386,82.3198
FDB57,20.25,Regular,0.018805105,Fruits and Vegetables,220.6772,OUT046,1997,Small,Tier 1,Supermarket Type1,2223.772,215.6772
DRD13,15,Low Fat,0.049279392,Soft Drinks,65.7168,OUT018,2009,Medium,Tier 3,Supermarket Type2,575.2512,60.7168
FDC41,15.6,Low Fat,0.116815953,Frozen Foods,75.567,OUT013,1987,High,Tier 3,Supermarket Type1,1684.474,70.567
FDW59,13.15,Low Fat,0.020698674,Breads,86.3566,OUT013,1987,High,Tier 3,Supermarket Type1,1099.2358,81.3566
FDO49,10.6,Regular,0.033103556,Breakfast,48.9008,OUT049,1999,Medium,Tier 1,Supermarket Type1,708.4112,43.9008
FDO08,11.1,Regular,0.090008963,Fruits and Vegetables,164.0526,OUT010,1998,,Tier 3,Grocery Store,164.4526,159.0526
NCV06,,Low Fat,0.116750407,Household,195.2478,OUT019,1985,Small,Tier 1,Grocery Store,193.7478,190.2478
NCY06,15.25,Low Fat,0.061184804,Household,132.0968,OUT046,1997,Small,Tier 1,Supermarket Type1,3914.904,127.0968
FDL03,19.25,Regular,0.027190917,Meat,194.811,OUT018,2009,Medium,Tier 3,Supermarket Type2,2160.521,189.811
NCL31,7.39,LF,0.120467994,Others,145.147,OUT049,1999,Medium,Tier 1,Supermarket Type1,5296.439,140.147
FDU46,10.3,Regular,0.011189235,Snack Foods,86.654,OUT017,2007,,Tier 2,Supermarket Type1,2423.512,81.654
FDF04,17.5,Low Fat,0.013714183,Frozen Foods,259.2304,OUT017,2007,,Tier 2,Supermarket Type1,2841.6344,254.2304
FDX31,,Regular,0,Fruits and Vegetables,234.7958,OUT019,1985,Small,Tier 1,Grocery Store,467.3916,229.7958
FDI24,10.3,Low Fat,0.078728915,Baking Goods,178.437,OUT035,2004,Small,Tier 2,Supermarket Type1,2822.992,173.437
FDY28,,Regular,0.26639671,Frozen Foods,215.6218,OUT019,1985,Small,Tier 1,Grocery Store,641.1654,210.6218
DRN11,7.85,Low Fat,0.163902159,Hard Drinks,143.3444,OUT017,2007,,Tier 2,Supermarket Type1,1596.5884,138.3444
FDB10,10,Low Fat,0.067312613,Snack Foods,234.359,OUT049,1999,Medium,Tier 1,Supermarket Type1,3072.667,229.359
FDI60,7.22,Regular,0.03832122,Baking Goods,61.851,OUT046,1997,Small,Tier 1,Supermarket Type1,822.263,56.851
FDN15,,Low Fat,0.016653022,Meat,139.518,OUT027,1985,Medium,Tier 3,Supermarket Type3,2936.178,134.518
NCE18,10,Low Fat,0.021421289,Household,248.375,OUT035,2004,Small,Tier 2,Supermarket Type1,7240.575,243.375
NCE43,,LF,0.102941345,Household,171.2448,OUT027,1985,Medium,Tier 3,Supermarket Type3,4602.0096,166.2448
NCN53,5.175,Low Fat,0.030479118,Health and Hygiene,33.2874,OUT018,2009,Medium,Tier 3,Supermarket Type2,635.1732,28.2874
NCX41,,Low Fat,0.031024168,Health and Hygiene,210.5244,OUT019,1985,Small,Tier 1,Grocery Store,1482.0708,205.5244
FDO52,11.6,Regular,0.077100381,Frozen Foods,172.4106,OUT013,1987,High,Tier 3,Supermarket Type1,1539.9954,167.4106
FDW45,18,Low Fat,0.038978526,Snack Foods,148.6418,OUT013,1987,High,Tier 3,Supermarket Type1,2795.6942,143.6418
FDN45,,Low Fat,0.117530851,Snack Foods,222.7088,OUT027,1985,Medium,Tier 3,Supermarket Type3,4026.7584,217.7088
FDD38,16.75,Regular,0.008238064,Canned,101.9674,OUT017,2007,,Tier 2,Supermarket Type1,1528.011,96.9674
FDK27,,Low Fat,0.015664229,Meat,122.2756,OUT019,1985,Small,Tier 1,Grocery Store,121.1756,117.2756
FDG40,13.65,Low Fat,0.039824346,Frozen Foods,32.8558,OUT046,1997,Small,Tier 1,Supermarket Type1,645.1602,27.8558
FDA34,11.5,Low Fat,0.014883661,Starchy Foods,174.508,OUT049,1999,Medium,Tier 1,Supermarket Type1,3635.268,169.508
FDX48,17.75,Regular,0.038102203,Baking Goods,154.0656,OUT017,2007,,Tier 2,Supermarket Type1,1390.1904,149.0656
FDY37,,Regular,0.026440214,Canned,143.647,OUT027,1985,Medium,Tier 3,Supermarket Type3,2862.94,138.647
DRE48,8.43,Low Fat,0.017396308,Soft Drinks,196.0768,OUT018,2009,Medium,Tier 3,Supermarket Type2,4138.6128,191.0768
FDT58,9,Low Fat,0.086088353,Snack Foods,168.7816,OUT049,1999,Medium,Tier 1,Supermarket Type1,3355.632,163.7816
FDA19,7.52,Low Fat,0.092272132,Fruits and Vegetables,128.7994,OUT010,1998,,Tier 3,Grocery Store,128.4994,123.7994
FDG52,13.65,Low Fat,0.065618434,Frozen Foods,47.6402,OUT035,2004,Small,Tier 2,Supermarket Type1,459.402,42.6402
FDA32,,LF,0.052691046,Fruits and Vegetables,216.3192,OUT019,1985,Small,Tier 1,Grocery Store,215.7192,211.3192
NCM19,12.65,Low Fat,0.047333044,Others,113.8202,OUT045,2002,,Tier 2,Supermarket Type1,1800.3232,108.8202
NCF42,17.35,Low Fat,0.167722519,Household,176.3712,OUT045,2002,,Tier 2,Supermarket Type1,1054.6272,171.3712
FDV23,11,Low Fat,0.105816753,Breads,126.0046,OUT035,2004,Small,Tier 2,Supermarket Type1,871.5322,121.0046
DRA59,8.27,Regular,0.214125129,Soft Drinks,183.9924,OUT010,1998,,Tier 3,Grocery Store,185.0924,178.9924
FDA01,,Regular,0.054114924,Canned,58.4904,OUT027,1985,Medium,Tier 3,Supermarket Type3,1054.6272,53.4904
FDX44,,Low Fat,0.042758477,Fruits and Vegetables,88.4172,OUT027,1985,Medium,Tier 3,Supermarket Type3,2051.9956,83.4172
FDW25,5.175,Low Fat,0.037391881,Canned,83.2224,OUT035,2004,Small,Tier 2,Supermarket Type1,1789.6704,78.2224
NCM05,,Low Fat,0.104784329,Health and Hygiene,266.0226,OUT019,1985,Small,Tier 1,Grocery Store,528.6452,261.0226
NCJ54,9.895,Low Fat,0.060055757,Household,234.2642,OUT035,2004,Small,Tier 2,Supermarket Type1,3717.8272,229.2642
NCK07,10.65,Low Fat,0.048885018,Others,166.1526,OUT018,2009,Medium,Tier 3,Supermarket Type2,1973.4312,161.1526
NCX05,15.2,Low Fat,0.097611115,Health and Hygiene,116.5492,OUT017,2007,,Tier 2,Supermarket Type1,810.9444,111.5492
FDV39,11.3,LF,0.007279889,Meat,199.3426,OUT046,1997,Small,Tier 1,Supermarket Type1,2372.9112,194.3426
FDI19,15.1,low fat,0,Meat,244.2512,OUT045,2002,,Tier 2,Supermarket Type1,3635.268,239.2512
FDT12,6.215,Regular,0.049621701,Baking Goods,226.1062,OUT046,1997,Small,Tier 1,Supermarket Type1,4739.8302,221.1062
FDF12,8.235,Low Fat,0.08235926,Baking Goods,147.6076,OUT013,1987,High,Tier 3,Supermarket Type1,3103.9596,142.6076
NCQ54,,Low Fat,0.012481638,Household,168.3474,OUT027,1985,Medium,Tier 3,Supermarket Type3,5221.8694,163.3474
FDU10,10.1,Regular,0.045653999,Snack Foods,35.6848,OUT013,1987,High,Tier 3,Supermarket Type1,633.8416,30.6848
NCK53,11.6,Low Fat,0.037734334,Health and Hygiene,98.1042,OUT018,2009,Medium,Tier 3,Supermarket Type2,2678.5134,93.1042
FDB51,6.92,Low Fat,0.038454076,Dairy,61.5852,OUT046,1997,Small,Tier 1,Supermarket Type1,813.6076,56.5852
FDT10,16.7,reg,0.062395455,Snack Foods,57.6562,OUT017,2007,,Tier 2,Supermarket Type1,533.3058,52.6562
NCU53,5.485,Low Fat,0.042716235,Health and Hygiene,164.8842,OUT013,1987,High,Tier 3,Supermarket Type1,2155.1946,159.8842
FDJ40,13.6,Regular,0.049547993,Frozen Foods,108.6912,OUT013,1987,High,Tier 3,Supermarket Type1,2402.2064,103.6912
NCQ05,,Low Fat,0.037829469,Health and Hygiene,151.0708,OUT019,1985,Small,Tier 1,Grocery Store,451.4124,146.0708
FDV15,10.3,LF,0.146172453,Meat,103.3648,OUT046,1997,Small,Tier 1,Supermarket Type1,3219.8088,98.3648
FDD41,6.765,Regular,0.08739577,Frozen Foods,105.3306,OUT049,1999,Medium,Tier 1,Supermarket Type1,836.2448,100.3306
FDT20,10.5,Low Fat,0.041479396,Fruits and Vegetables,36.8164,OUT045,2002,,Tier 2,Supermarket Type1,772.328,31.8164
FDM44,12.5,Low Fat,0.031023835,Fruits and Vegetables,104.099,OUT013,1987,High,Tier 3,Supermarket Type1,309.597,99.099
FDG21,17.35,Regular,0,Seafood,150.205,OUT045,2002,,Tier 2,Supermarket Type1,5992.2,145.205
DRZ11,8.85,Regular,0.112893431,Soft Drinks,123.3388,OUT045,2002,,Tier 2,Supermarket Type1,2972.1312,118.3388
FDC59,16.7,Regular,0.054851438,Starchy Foods,64.4168,OUT018,2009,Medium,Tier 3,Supermarket Type2,830.9184,59.4168
NCD43,8.85,Low Fat,0.016052446,Household,106.7964,OUT045,2002,,Tier 2,Supermarket Type1,1367.5532,101.7964
DRL49,13.15,Low Fat,0.094450618,Soft Drinks,141.4812,OUT010,1998,,Tier 3,Grocery Store,284.9624,136.4812
NCE07,8.18,Low Fat,0.02197698,Household,140.6154,OUT010,1998,,Tier 3,Grocery Store,425.4462,135.6154
FDM02,12.5,Regular,0.074152133,Canned,88.6198,OUT017,2007,,Tier 2,Supermarket Type1,1395.5168,83.6198
DRJ49,6.865,Low Fat,0.014072399,Soft Drinks,127.3652,OUT017,2007,,Tier 2,Supermarket Type1,1679.1476,122.3652
FDY25,12,Low Fat,0.034112833,Canned,180.1976,OUT018,2009,Medium,Tier 3,Supermarket Type2,3984.1472,175.1976
DRH39,,low fat,0,Dairy,75.967,OUT019,1985,Small,Tier 1,Grocery Store,153.134,70.967
FDB09,,Low Fat,0.100493148,Fruits and Vegetables,123.1046,OUT019,1985,Small,Tier 1,Grocery Store,124.5046,118.1046
FDM38,5.885,Regular,0.092771309,Canned,54.1982,OUT046,1997,Small,Tier 1,Supermarket Type1,999.3658,49.1982
FDY22,16.5,Regular,0.159690469,Snack Foods,142.4128,OUT035,2004,Small,Tier 2,Supermarket Type1,575.2512,137.4128
FDP48,7.52,Regular,0.044272226,Baking Goods,181.395,OUT017,2007,,Tier 2,Supermarket Type1,2563.33,176.395
NCT05,10.895,Low Fat,0.020934413,Health and Hygiene,256.5672,OUT013,1987,High,Tier 3,Supermarket Type1,4090.6752,251.5672
NCS06,7.935,Low Fat,0,Household,263.691,OUT046,1997,Small,Tier 1,Supermarket Type1,788.973,258.691
FDD47,7.6,Regular,0.142632186,Starchy Foods,172.3448,OUT049,1999,Medium,Tier 1,Supermarket Type1,4431.5648,167.3448
FDZ49,11,Regular,0.13341564,Canned,218.7798,OUT045,2002,,Tier 2,Supermarket Type1,2203.798,213.7798
FDW59,13.15,Low Fat,0.020711996,Breads,82.7566,OUT035,2004,Small,Tier 2,Supermarket Type1,1691.132,77.7566
DRO47,10.195,Low Fat,0.112399145,Hard Drinks,111.686,OUT049,1999,Medium,Tier 1,Supermarket Type1,2263.72,106.686
FDR46,16.85,Low Fat,0.139700397,Snack Foods,147.776,OUT045,2002,,Tier 2,Supermarket Type1,2490.092,142.776
FDY59,8.195,Low Fat,0.031377308,Baking Goods,93.6462,OUT013,1987,High,Tier 3,Supermarket Type1,925.462,88.6462
NCU05,11.8,Low Fat,0.058855357,Health and Hygiene,79.1618,OUT045,2002,,Tier 2,Supermarket Type1,2336.2922,74.1618
DRJ25,14.6,Low Fat,0.151180862,Soft Drinks,47.5692,OUT018,2009,Medium,Tier 3,Supermarket Type2,443.4228,42.5692
FDU28,19.2,Regular,0.09391835,Frozen Foods,189.8214,OUT046,1997,Small,Tier 1,Supermarket Type1,942.107,184.8214
FDL50,12.15,Regular,0.042378864,Canned,125.4046,OUT049,1999,Medium,Tier 1,Supermarket Type1,1867.569,120.4046
FDA43,10.895,Low Fat,0.064939211,Fruits and Vegetables,194.1794,OUT018,2009,Medium,Tier 3,Supermarket Type2,2340.9528,189.1794
FDD08,,Low Fat,0.035183156,Fruits and Vegetables,37.8506,OUT027,1985,Medium,Tier 3,Supermarket Type3,417.4566,32.8506
FDJ57,7.42,Regular,0.021661527,Seafood,187.7582,OUT018,2009,Medium,Tier 3,Supermarket Type2,2600.6148,182.7582
FDC39,7.405,Low Fat,0.159165324,Dairy,207.1296,OUT035,2004,Small,Tier 2,Supermarket Type1,3739.1328,202.1296
FDQ58,7.315,Low Fat,0,Snack Foods,153.734,OUT035,2004,Small,Tier 2,Supermarket Type1,2756.412,148.734
FDA22,7.435,Low Fat,0.084436394,Starchy Foods,168.6158,OUT035,2004,Small,Tier 2,Supermarket Type1,4512.1266,163.6158
FDP39,12.65,Low Fat,0.069532901,Meat,51.8324,OUT049,1999,Medium,Tier 1,Supermarket Type1,1090.5804,46.8324
FDV44,8.365,Regular,0.039836895,Fruits and Vegetables,191.6188,OUT035,2004,Small,Tier 2,Supermarket Type1,2094.6068,186.6188
FDE04,19.75,Regular,0.018019662,Frozen Foods,181.566,OUT035,2004,Small,Tier 2,Supermarket Type1,2876.256,176.566
NCO30,19.5,Low Fat,0.015711807,Household,181.8608,OUT013,1987,High,Tier 3,Supermarket Type1,4042.7376,176.8608
FDA44,19.7,Low Fat,0.053330653,Fruits and Vegetables,56.793,OUT045,2002,,Tier 2,Supermarket Type1,848.895,51.793
FDI16,14,Regular,0.227260689,Frozen Foods,54.364,OUT010,1998,,Tier 3,Grocery Store,159.792,49.364
FDM15,11.8,Regular,0.057410724,Meat,149.5366,OUT035,2004,Small,Tier 2,Supermarket Type1,1813.6392,144.5366
DRJ13,12.65,Low Fat,0.062878412,Soft Drinks,160.9578,OUT035,2004,Small,Tier 2,Supermarket Type1,4332.3606,155.9578
FDT48,,Low Fat,0,Baking Goods,196.5084,OUT027,1985,Medium,Tier 3,Supermarket Type3,793.6336,191.5084
FDH33,12.85,Low Fat,0.121725411,Snack Foods,45.1428,OUT046,1997,Small,Tier 1,Supermarket Type1,527.3136,40.1428
FDE14,13.65,Regular,0.031439206,Canned,100.07,OUT035,2004,Small,Tier 2,Supermarket Type1,2596.62,95.07
FDE26,9.3,Low Fat,0.088931701,Canned,143.3786,OUT013,1987,High,Tier 3,Supermarket Type1,3034.0506,138.3786
FDN08,7.72,Regular,0,Fruits and Vegetables,117.7466,OUT018,2009,Medium,Tier 3,Supermarket Type2,1296.3126,112.7466
NCO29,11.15,Low Fat,0.032387589,Health and Hygiene,164.3526,OUT018,2009,Medium,Tier 3,Supermarket Type2,2960.1468,159.3526
FDK60,16.5,Regular,0.094010215,Baking Goods,95.2068,OUT049,1999,Medium,Tier 1,Supermarket Type1,777.6544,90.2068
FDX40,,Low Fat,0.173324207,Frozen Foods,39.9164,OUT019,1985,Small,Tier 1,Grocery Store,38.6164,34.9164
FDX15,17.2,LF,0.156541861,Meat,162.4578,OUT049,1999,Medium,Tier 1,Supermarket Type1,2888.2404,157.4578
FDO28,,Low Fat,0.071948252,Frozen Foods,121.6098,OUT027,1985,Medium,Tier 3,Supermarket Type3,482.0392,116.6098
NCL05,19.6,Low Fat,0.048092778,Health and Hygiene,44.477,OUT018,2009,Medium,Tier 3,Supermarket Type2,432.77,39.477
FDT04,17.25,Low Fat,0.107258822,Frozen Foods,40.1822,OUT045,2002,,Tier 2,Supermarket Type1,510.6686,35.1822
FDS26,20.35,Low Fat,0.089975294,Dairy,261.6594,OUT017,2007,,Tier 2,Supermarket Type1,7588.1226,256.6594
FDV50,14.3,Low Fat,0.123070513,Dairy,121.173,OUT018,2009,Medium,Tier 3,Supermarket Type2,2093.941,116.173
FDG02,,Low Fat,0.019716846,Canned,191.9188,OUT019,1985,Small,Tier 1,Grocery Store,571.2564,186.9188
FDC28,7.905,Low Fat,0.054986919,Frozen Foods,108.6254,OUT046,1997,Small,Tier 1,Supermarket Type1,1844.9318,103.6254
FDK21,7.905,Low Fat,0.010027885,Snack Foods,249.6408,OUT049,1999,Medium,Tier 1,Supermarket Type1,3254.4304,244.6408
NCO42,21.25,Low Fat,0.024795057,Household,147.4102,OUT017,2007,,Tier 2,Supermarket Type1,3791.0652,142.4102
FDB46,10.5,Regular,0.093954022,Snack Foods,211.8244,OUT045,2002,,Tier 2,Supermarket Type1,3387.5904,206.8244
NCH54,,Low Fat,0.127234249,Household,158.392,OUT019,1985,Small,Tier 1,Grocery Store,159.792,153.392
FDL26,18,Low Fat,0.073606829,Canned,156.6972,OUT017,2007,,Tier 2,Supermarket Type1,4206.5244,151.6972
NCQ30,7.725,Low Fat,0.029131242,Household,123.8414,OUT045,2002,,Tier 2,Supermarket Type1,487.3656,118.8414
FDY50,5.8,Low Fat,0.130931048,Dairy,89.9172,OUT035,2004,Small,Tier 2,Supermarket Type1,1516.6924,84.9172
FDX20,,Low Fat,0.074517508,Fruits and Vegetables,227.372,OUT019,1985,Small,Tier 1,Grocery Store,452.744,222.372
FDQ34,10.85,Low Fat,0.162211939,Snack Foods,107.0622,OUT035,2004,Small,Tier 2,Supermarket Type1,741.0354,102.0622
FDN39,19.35,Regular,0.065507999,Meat,168.9816,OUT035,2004,Small,Tier 2,Supermarket Type1,2852.2872,163.9816
FDB17,13.15,Low Fat,0.036672107,Frozen Foods,182.5976,OUT046,1997,Small,Tier 1,Supermarket Type1,4165.2448,177.5976
FDQ31,5.785,Regular,0.053802405,Fruits and Vegetables,85.9856,OUT013,1987,High,Tier 3,Supermarket Type1,1494.0552,80.9856
FDG59,,Low Fat,0.043025208,Starchy Foods,37.6164,OUT027,1985,Medium,Tier 3,Supermarket Type3,810.9444,32.6164
FDO56,10.195,Regular,0.045073782,Fruits and Vegetables,119.1808,OUT045,2002,,Tier 2,Supermarket Type1,468.7232,114.1808
FDX11,16,Regular,0.106968577,Baking Goods,180.5634,OUT045,2002,,Tier 2,Supermarket Type1,2726.451,175.5634
FDJ32,10.695,Low Fat,0.057744249,Fruits and Vegetables,61.2536,OUT013,1987,High,Tier 3,Supermarket Type1,673.7896,56.2536
FDV31,9.8,LF,0,Fruits and Vegetables,175.237,OUT049,1999,Medium,Tier 1,Supermarket Type1,3881.614,170.237
FDB20,7.72,Low Fat,0.052086085,Fruits and Vegetables,76.8986,OUT045,2002,,Tier 2,Supermarket Type1,467.3916,71.8986
FDQ45,,Regular,0.019114349,Snack Foods,182.1608,OUT019,1985,Small,Tier 1,Grocery Store,367.5216,177.1608
FDW27,5.86,Regular,0.151087845,Meat,155.1314,OUT049,1999,Medium,Tier 1,Supermarket Type1,1551.314,150.1314
NCT53,5.4,Low Fat,0.048388423,Health and Hygiene,163.0526,OUT017,2007,,Tier 2,Supermarket Type1,2302.3364,158.0526
NCS41,,Low Fat,0.053185208,Health and Hygiene,182.9608,OUT027,1985,Medium,Tier 3,Supermarket Type3,1653.8472,177.9608
DRI47,14.7,Low Fat,0.035016091,Hard Drinks,144.3128,OUT010,1998,,Tier 3,Grocery Store,431.4384,139.3128
NCJ42,19.75,Low Fat,0.01433033,Household,104.2332,OUT045,2002,,Tier 2,Supermarket Type1,2153.1972,99.2332
NCS17,18.6,Low Fat,0.080626601,Health and Hygiene,92.5436,OUT049,1999,Medium,Tier 1,Supermarket Type1,378.1744,87.5436
NCO41,12.5,Low Fat,0.018887088,Health and Hygiene,98.8384,OUT045,2002,,Tier 2,Supermarket Type1,1280.9992,93.8384
FDC05,13.1,Regular,0.099343352,Frozen Foods,198.1768,OUT017,2007,,Tier 2,Supermarket Type1,1970.768,193.1768
FDX34,6.195,Low Fat,0.071971918,Snack Foods,121.3098,OUT035,2004,Small,Tier 2,Supermarket Type1,4820.392,116.3098
FDL10,8.395,Low Fat,0.039553606,Snack Foods,99.1042,OUT049,1999,Medium,Tier 1,Supermarket Type1,2579.3092,94.1042
FDQ58,,Low Fat,0,Snack Foods,154.534,OUT019,1985,Small,Tier 1,Grocery Store,459.402,149.534
FDT56,16,Regular,0.115826834,Fruits and Vegetables,56.0246,OUT045,2002,,Tier 2,Supermarket Type1,695.0952,51.0246
FDZ28,20,Regular,0.051702257,Frozen Foods,125.8678,OUT018,2009,Medium,Tier 3,Supermarket Type2,763.0068,120.8678
DRI11,8.26,Low Fat,0.03447406,Hard Drinks,117.0834,OUT045,2002,,Tier 2,Supermarket Type1,1612.5676,112.0834
DRJ49,6.865,Low Fat,0,Soft Drinks,129.9652,OUT013,1987,High,Tier 3,Supermarket Type1,2324.9736,124.9652
DRK37,,Low Fat,0.04379158,Soft Drinks,189.053,OUT027,1985,Medium,Tier 3,Supermarket Type3,6261.849,184.053
FDR20,20,Regular,0,Fruits and Vegetables,46.4744,OUT010,1998,,Tier 3,Grocery Store,45.2744,41.4744
DRG13,,Low Fat,0.037006076,Soft Drinks,164.7526,OUT027,1985,Medium,Tier 3,Supermarket Type3,4111.315,159.7526
NCN14,,Low Fat,0.09147267,Others,184.6608,OUT027,1985,Medium,Tier 3,Supermarket Type3,2756.412,179.6608
FDV13,17.35,Regular,0.027723342,Canned,89.6856,OUT018,2009,Medium,Tier 3,Supermarket Type2,2109.2544,84.6856
FDU44,,Regular,0.102295904,Fruits and Vegetables,162.3552,OUT019,1985,Small,Tier 1,Grocery Store,487.3656,157.3552
FDO03,10.395,Regular,0.037033223,Meat,227.9352,OUT018,2009,Medium,Tier 3,Supermarket Type2,4809.7392,222.9352
FDT34,9.3,Low Fat,0.174350275,Snack Foods,104.4964,OUT046,1997,Small,Tier 1,Supermarket Type1,2419.5172,99.4964
FDP21,7.42,Regular,0.025886443,Snack Foods,189.1872,OUT017,2007,,Tier 2,Supermarket Type1,4727.18,184.1872
NCI54,15.2,Low Fat,0,Household,110.4912,OUT017,2007,,Tier 2,Supermarket Type1,1637.868,105.4912
FDE22,9.695,Low Fat,0.029567218,Snack Foods,160.492,OUT035,2004,Small,Tier 2,Supermarket Type1,4314.384,155.492
FDJ57,7.42,Regular,0.021695674,Seafood,185.3582,OUT017,2007,,Tier 2,Supermarket Type1,3715.164,180.3582
FDT08,13.65,Low Fat,0.049209192,Fruits and Vegetables,150.005,OUT035,2004,Small,Tier 2,Supermarket Type1,2247.075,145.005
NCP54,15.35,Low Fat,0.035292855,Household,124.573,OUT018,2009,Medium,Tier 3,Supermarket Type2,1601.249,119.573
NCK53,11.6,Low Fat,0.037574137,Health and Hygiene,100.0042,OUT035,2004,Small,Tier 2,Supermarket Type1,2976.126,95.0042
NCQ42,20.35,Low Fat,0,Household,125.1678,OUT017,2007,,Tier 2,Supermarket Type1,1907.517,120.1678
FDW21,5.34,Regular,0.005997615,Snack Foods,100.4358,OUT017,2007,,Tier 2,Supermarket Type1,1508.037,95.4358
NCH43,8.42,Low Fat,0.070712031,Household,216.4192,OUT045,2002,,Tier 2,Supermarket Type1,3020.0688,211.4192
FDQ44,20.5,Low Fat,0.036133463,Fruits and Vegetables,120.1756,OUT035,2004,Small,Tier 2,Supermarket Type1,3392.9168,115.1756
NCN18,,Low Fat,0.124110734,Household,111.7544,OUT027,1985,Medium,Tier 3,Supermarket Type3,4138.6128,106.7544
FDB46,10.5,Regular,0.094145821,Snack Foods,210.8244,OUT018,2009,Medium,Tier 3,Supermarket Type2,2117.244,205.8244
DRF37,17.25,Low Fat,0.084676173,Soft Drinks,263.191,OUT018,2009,Medium,Tier 3,Supermarket Type2,3944.865,258.191
FDN28,5.88,Regular,0.030242184,Frozen Foods,101.799,OUT035,2004,Small,Tier 2,Supermarket Type1,515.995,96.799
FDW31,11.35,Regular,0.04324563,Fruits and Vegetables,199.4742,OUT045,2002,,Tier 2,Supermarket Type1,2587.9646,194.4742
FDG45,8.1,Low Fat,0.214306131,Fruits and Vegetables,213.9902,OUT010,1998,,Tier 3,Grocery Store,424.7804,208.9902
FDN58,13.8,Regular,0.056861638,Snack Foods,231.5984,OUT035,2004,Small,Tier 2,Supermarket Type1,7182.6504,226.5984
FDF05,17.5,Low Fat,0.026980351,Frozen Foods,262.591,OUT018,2009,Medium,Tier 3,Supermarket Type2,4207.856,257.591
FDR26,20.7,Low Fat,0.04280113,Dairy,178.3028,OUT013,1987,High,Tier 3,Supermarket Type1,2479.4392,173.3028
FDH31,12,Regular,0.020407296,Meat,99.9042,OUT035,2004,Small,Tier 2,Supermarket Type1,595.2252,94.9042
FDA01,15,Regular,0.054488534,Canned,57.5904,OUT045,2002,,Tier 2,Supermarket Type1,468.7232,52.5904
FDH24,20.7,Low Fat,0.021518435,Baking Goods,157.5288,OUT018,2009,Medium,Tier 3,Supermarket Type2,1571.288,152.5288
NCJ19,18.6,Low Fat,0.118661426,Others,58.7588,OUT018,2009,Medium,Tier 3,Supermarket Type2,858.882,53.7588
FDF53,20.75,reg,0.083606565,Frozen Foods,178.8318,OUT046,1997,Small,Tier 1,Supermarket Type1,3608.636,173.8318
FDF22,6.865,Low Fat,0.056783389,Snack Foods,214.5218,OUT013,1987,High,Tier 3,Supermarket Type1,2778.3834,209.5218
FDS36,8.38,Regular,0.046982429,Baking Goods,108.157,OUT045,2002,,Tier 2,Supermarket Type1,549.285,103.157
NCJ29,10.6,Low Fat,0.035186271,Health and Hygiene,85.1224,OUT035,2004,Small,Tier 2,Supermarket Type1,1193.1136,80.1224
FDN46,7.21,Regular,0.145220646,Snack Foods,103.1332,OUT018,2009,Medium,Tier 3,Supermarket Type2,1845.5976,98.1332
DRG01,14.8,Low Fat,0.04487828,Soft Drinks,75.467,OUT046,1997,Small,Tier 1,Supermarket Type1,765.67,70.467
